customer_id,gender,senior_citizen,partner,dependents,tenure_months,phone_service,multiple_lines,internet_service,online_security,online_backup,device_protection,tech_support,streaming_tv,streaming_movies,contract_type,paperless_billing,payment_method,monthly_charges,total_charges,churn
CUST-00001,female,0,yes,no,38,yes,no,fiber-optic,no,no,no,no,yes,yes,one-year,yes,electronic-check,86.87,3370.07,1
CUST-00002,male,0,no,yes,53,yes,yes,fiber-optic,no,no,yes,no,yes,yes,two-year,yes,bank-transfer-automatic,64.62,3497.81,1
CUST-00003,male,0,yes,no,33,yes,yes,fiber-optic,yes,yes,yes,no,yes,no,two-year,yes,credit-card-automatic,99.0,3297.76,0
CUST-00004,female,0,no,no,30,yes,no,dsl,no,yes,no,no,no,yes,one-year,no,bank-transfer-automatic,56.33,1652.58,0
CUST-00005,female,0,yes,no,58,yes,no,dsl,yes,no,yes,no,no,yes,one-year,yes,bank-transfer-automatic,53.86,3092.35,0
CUST-00006,male,1,yes,no,57,yes,yes,fiber-optic,no,yes,no,no,no,yes,one-year,no,mailed-check,81.06,4497.14,0
CUST-00007,female,0,yes,no,15,yes,no,fiber-optic,no,no,no,yes,no,yes,two-year,no,electronic-check,76.07,1137.1,0
CUST-00008,male,0,yes,yes,60,no,no-phone-service,no,no-internet-service,no-internet-service,no-internet-service,no-internet-service,no-internet-service,no-internet-service,one-year,yes,credit-card-automatic,18.0,1073.72,0
CUST-00009,female,0,no,no,24,yes,no,fiber-optic,no,no,no,no,yes,yes,month-to-month,no,electronic-check,66.49,1492.45,1
CUST-00010,female,1,yes,yes,10,yes,no,dsl,yes,yes,no,no,yes,no,month-to-month,yes,credit-card-automatic,70.84,885.71,0
CUST-00011,male,0,no,no,64,yes,yes,fiber-optic,no,yes,yes,yes,no,no,one-year,yes,mailed-check,82.52,5323.0,0
CUST-00012,male,0,yes,yes,18,yes,yes,fiber-optic,yes,no,no,yes,no,yes,two-year,yes,electronic-check,83.87,1446.63,0
CUST-00013,male,0,yes,yes,15,yes,yes,dsl,no,yes,yes,no,no,no,month-to-month,yes,mailed-check,64.76,1125.46,0
CUST-00014,male,1,yes,no,20,yes,no,dsl,yes,no,no,yes,no,yes,two-year,yes,electronic-check,65.45,1271.8,1
CUST-00015,male,0,yes,no,36,no,no-phone-service,fiber-optic,no,yes,no,yes,yes,no,month-to-month,no,bank-transfer-automatic,74.52,2745.0,0
CUST-00016,male,0,no,no,12,yes,no,no,no-internet-service,no-internet-service,no-internet-service,no-internet-service,no-internet-service,no-internet-service,month-to-month,yes,bank-transfer-automatic,25.38,311.13,0
CUST-00017,male,0,no,yes,12,yes,no,fiber-optic,no,no,no,no,yes,yes,two-year,yes,mailed-check,93.87,1091.81,0
CUST-00018,female,1,yes,no,29,yes,yes,no,no-internet-service,no-internet-service,no-internet-service,no-internet-service,no-internet-service,no-internet-service,two-year,no,credit-card-automatic,26.02,729.31,0
CUST-00019,male,0,no,yes,16,yes,yes,fiber-optic,yes,no,yes,yes,no,no,one-year,no,bank-transfer-automatic,80.08,1389.03,1
CUST-00020,female,0,no,yes,14,yes,yes,fiber-optic,no,no,yes,no,no,no,two-year,no,electronic-check,65.22,978.8,0
CUST-00021,male,1,no,no,66,yes,yes,no,no-internet-service,no-internet-service,no-internet-service,no-internet-service,no-internet-service,no-internet-service,two-year,no,credit-card-automatic,18.0,1178.82,0
CUST-00022,female,0,no,yes,43,yes,no,no,no-internet-service,no-internet-service,no-internet-service,no-internet-service,no-internet-service,no-internet-service,two-year,yes,bank-transfer-automatic,20.82,741.49,0
CUST-00023,female,0,no,no,1,yes,no,dsl,no,yes,no,no,yes,yes,two-year,yes,electronic-check,74.41,97.24,0
CUST-00024,male,0,no,yes,8,no,no-phone-service,dsl,no,yes,yes,yes,yes,no,month-to-month,yes,bank-transfer-automatic,61.93,401.95,0
CUST-00025,male,0,no,yes,59,yes,no,dsl,no,no,no,no,no,yes,month-to-month,yes,electronic-check,47.81,2861.18,0
CUST-00026,male,0,no,no,20,yes,yes,dsl,yes,yes,no,no,no,no,month-to-month,no,credit-card-automatic,66.17,1269.85,0
CUST-00027,female,0,no,yes,11,no,no-phone-service,fiber-optic,no,yes,no,no,no,no,month-to-month,no,bank-transfer-automatic,73.53,763.12,1
CUST-00028,male,0,yes,no,48,yes,yes,dsl,no,yes,no,no,no,no,month-to-month,no,electronic-check,66.71,3154.22,1
CUST-00029,male,1,no,no,61,yes,no,dsl,no,no,yes,yes,yes,yes,month-to-month,yes,bank-transfer-automatic,68.82,4274.56,0
CUST-00030,female,0,no,yes,29,yes,yes,dsl,yes,yes,yes,yes,no,no,month-to-month,yes,mailed-check,77.34,2110.39,1
CUST-00031,female,0,yes,no,54,yes,yes,no,no-internet-service,no-internet-service,no-internet-service,no-internet-service,no-internet-service,no-internet-service,one-year,yes,electronic-check,23.06,1300.57,0
CUST-00032,female,0,no,yes,31,yes,no,dsl,no,no,no,yes,yes,no,month-to-month,no,electronic-check,63.66,1999.13,0
CUST-00033,female,0,no,no,8,yes,yes,fiber-optic,yes,no,no,no,no,no,month-to-month,yes,electronic-check,75.58,599.19,1
CUST-00034,male,0,yes,yes,58,yes,no,fiber-optic,yes,yes,yes,no,yes,no,month-to-month,no,credit-card-automatic,91.11,5250.78,1
CUST-00035,male,1,no,no,67,no,no-phone-service,no,no-internet-service,no-internet-service,no-internet-service,no-internet-service,no-internet-service,no-internet-service,month-to-month,no,bank-transfer-automatic,25.35,1734.94,0
CUST-00036,female,1,no,no,71,no,no-phone-service,fiber-optic,no,no,yes,no,yes,no,one-year,yes,mailed-check,90.39,6384.69,1
CUST-00037,male,0,no,no,8,yes,yes,no,no-internet-service,no-internet-service,no-internet-service,no-internet-service,no-internet-service,no-internet-service,two-year,yes,credit-card-automatic,24.21,160.0,0
CUST-00038,male,0,yes,no,41,yes,no,fiber-optic,yes,yes,yes,no,no,no,one-year,no,electronic-check,72.86,2992.04,0
CUST-00039,female,0,yes,no,45,yes,no,fiber-optic,no,yes,no,yes,yes,yes,one-year,yes,electronic-check,94.06,4361.68,1
CUST-00040,male,0,no,no,6,yes,no,dsl,no,yes,no,yes,yes,no,two-year,yes,electronic-check,57.75,233.03,0
CUST-00041,female,0,yes,no,69,yes,yes,fiber-optic,no,no,yes,yes,no,no,one-year,yes,credit-card-automatic,77.63,5394.02,0
CUST-00042,male,0,yes,no,8,yes,no,dsl,yes,yes,no,yes,yes,no,month-to-month,yes,mailed-check,71.66,562.55,0
CUST-00043,male,0,yes,no,20,yes,yes,fiber-optic,yes,no,no,no,no,yes,month-to-month,no,electronic-check,95.58,1895.06,1
CUST-00044,female,0,yes,no,70,yes,no,dsl,yes,yes,yes,yes,no,yes,one-year,yes,bank-transfer-automatic,71.14,4865.28,0
CUST-00045,female,0,no,yes,41,yes,no,dsl,no,yes,yes,yes,yes,yes,one-year,yes,credit-card-automatic,88.78,3508.3,0
CUST-00046,male,0,no,no,49,yes,no,no,no-internet-service,no-internet-service,no-internet-service,no-internet-service,no-internet-service,no-internet-service,two-year,no,mailed-check,18.0,907.49,0
CUST-00047,female,0,no,no,36,yes,no,fiber-optic,yes,no,yes,yes,yes,yes,month-to-month,yes,mailed-check,106.85,3751.4,0
CUST-00048,male,0,no,no,55,yes,yes,fiber-optic,no,yes,yes,yes,yes,no,two-year,no,mailed-check,95.45,5325.98,0
CUST-00049,male,0,yes,yes,6,no,no-phone-service,dsl,no,yes,no,no,yes,yes,month-to-month,no,credit-card-automatic,64.67,311.83,0
CUST-00050,male,0,yes,no,49,yes,yes,no,no-internet-service,no-internet-service,no-internet-service,no-internet-service,no-internet-service,no-internet-service,two-year,yes,credit-card-automatic,31.07,1563.75,0
CUST-00051,male,0,yes,yes,5,yes,no,no,no-internet-service,no-internet-service,no-internet-service,no-internet-service,no-internet-service,no-internet-service,month-to-month,yes,electronic-check,18.0,46.8,0
CUST-00052,female,0,yes,no,13,yes,yes,no,no-internet-service,no-internet-service,no-internet-service,no-internet-service,no-internet-service,no-internet-service,month-to-month,yes,electronic-check,30.22,346.06,0
CUST-00053,female,0,yes,no,37,yes,no,dsl,yes,no,no,no,no,no,month-to-month,yes,bank-transfer-automatic,51.33,1830.67,0
CUST-00054,female,0,yes,yes,33,yes,no,dsl,yes,yes,no,yes,no,no,month-to-month,yes,mailed-check,57.86,1942.14,0
CUST-00055,female,0,yes,no,11,yes,no,no,no-internet-service,no-internet-service,no-internet-service,no-internet-service,no-internet-service,no-internet-service,month-to-month,yes,bank-transfer-automatic,18.0,251.67,1
CUST-00056,female,1,yes,yes,58,yes,yes,no,no-internet-service,no-internet-service,no-internet-service,no-internet-service,no-internet-service,no-internet-service,two-year,yes,credit-card-automatic,34.68,1987.78,0
CUST-00057,male,0,no,no,22,yes,yes,dsl,no,no,no,yes,yes,no,month-to-month,no,electronic-check,67.13,1521.2,1
CUST-00058,female,0,no,no,63,yes,yes,dsl,no,no,no,no,yes,no,month-to-month,yes,bank-transfer-automatic,49.18,3099.29,0
CUST-00059,male,0,no,no,2,yes,no,no,no-internet-service,no-internet-service,no-internet-service,no-internet-service,no-internet-service,no-internet-service,month-to-month,yes,electronic-check,24.36,0.0,1
CUST-00060,male,1,no,no,18,no,no-phone-service,fiber-optic,no,no,no,yes,yes,yes,one-year,yes,electronic-check,90.01,1648.57,1
CUST-00061,male,0,no,yes,22,yes,yes,fiber-optic,yes,no,no,no,yes,no,month-to-month,no,electronic-check,79.18,1719.42,1
CUST-00062,male,1,yes,no,43,yes,yes,no,no-internet-service,no-internet-service,no-internet-service,no-internet-service,no-internet-service,no-internet-service,month-to-month,yes,mailed-check,29.72,1081.89,0
CUST-00063,female,0,no,no,29,yes,no,dsl,no,yes,yes,yes,no,no,two-year,yes,credit-card-automatic,58.0,1652.69,0
CUST-00064,male,0,yes,yes,12,yes,no,fiber-optic,no,yes,yes,yes,no,yes,month-to-month,no,mailed-check,74.47,766.63,1
CUST-00065,female,0,yes,no,42,yes,yes,dsl,no,yes,no,no,yes,no,two-year,no,credit-card-automatic,60.08,2430.99,0
CUST-00066,female,0,yes,no,69,no,no-phone-service,dsl,yes,no,yes,no,no,yes,month-to-month,yes,bank-transfer-automatic,63.53,4364.9,0
CUST-00067,male,0,yes,no,10,yes,yes,dsl,yes,no,yes,yes,no,yes,one-year,no,mailed-check,63.25,626.86,0
CUST-00068,female,0,yes,no,19,no,no-phone-service,dsl,no,no,yes,yes,yes,no,one-year,yes,mailed-check,55.86,998.71,1
CUST-00069,female,0,no,no,35,yes,no,fiber-optic,yes,yes,no,no,yes,yes,month-to-month,yes,electronic-check,79.52,2822.75,0
CUST-00070,female,1,no,no,53,yes,no,dsl,no,yes,yes,yes,yes,yes,one-year,yes,electronic-check,72.1,3812.71,0
CUST-00071,male,0,no,yes,10,yes,no,fiber-optic,no,yes,no,yes,no,yes,month-to-month,no,electronic-check,80.0,768.2,1
CUST-00072,female,0,no,no,17,no,no-phone-service,no,no-internet-service,no-internet-service,no-internet-service,no-internet-service,no-internet-service,no-internet-service,month-to-month,no,credit-card-automatic,27.72,474.5,0
CUST-00073,female,0,no,no,17,yes,no,fiber-optic,no,yes,yes,yes,yes,yes,two-year,yes,electronic-check,101.13,1809.59,1
CUST-00074,female,0,yes,yes,45,yes,yes,dsl,no,yes,yes,no,no,yes,two-year,yes,bank-transfer-automatic,59.12,2499.13,0
CUST-00075,male,0,no,no,6,yes,no,dsl,no,yes,no,yes,no,yes,month-to-month,no,credit-card-automatic,67.18,500.54,1
CUST-00076,female,1,no,yes,48,yes,yes,dsl,no,no,no,no,no,no,one-year,no,mailed-check,49.14,2312.47,1
CUST-00077,female,0,yes,no,31,yes,yes,dsl,no,yes,yes,yes,yes,yes,month-to-month,yes,bank-transfer-automatic,70.84,2137.62,0
CUST-00078,female,0,yes,no,24,yes,no,dsl,yes,no,no,yes,yes,no,month-to-month,yes,bank-transfer-automatic,62.56,1471.28,1
CUST-00079,male,0,no,no,63,yes,yes,dsl,no,yes,yes,no,no,no,month-to-month,yes,bank-transfer-automatic,72.17,4480.21,1
CUST-00080,male,0,no,yes,59,yes,no,fiber-optic,yes,yes,no,no,no,yes,one-year,yes,electronic-check,92.15,5358.82,0
CUST-00081,male,0,yes,no,58,yes,yes,fiber-optic,yes,no,yes,yes,no,yes,one-year,no,electronic-check,89.61,5260.89,0
CUST-00082,female,0,no,no,64,yes,yes,dsl,no,no,no,yes,no,yes,month-to-month,yes,credit-card-automatic,65.15,4181.58,1
CUST-00083,female,0,yes,no,17,yes,no,fiber-optic,yes,no,no,no,no,no,two-year,yes,mailed-check,83.86,1281.79,0
CUST-00084,male,1,yes,no,62,no,no-phone-service,dsl,yes,yes,no,no,yes,no,one-year,yes,electronic-check,67.08,4209.52,0
CUST-00085,male,1,yes,no,13,yes,no,fiber-optic,yes,no,yes,no,no,yes,month-to-month,yes,credit-card-automatic,86.37,1162.44,1
CUST-00086,male,1,yes,no,24,yes,yes,dsl,no,no,no,no,no,yes,month-to-month,no,bank-transfer-automatic,51.84,1132.82,1
CUST-00087,female,0,no,no,40,yes,yes,fiber-optic,no,no,no,yes,yes,yes,one-year,yes,electronic-check,78.4,3149.52,1
CUST-00088,female,0,yes,no,54,yes,no,dsl,yes,yes,no,no,yes,no,month-to-month,no,mailed-check,64.44,3526.29,0
CUST-00089,male,1,no,yes,42,yes,no,fiber-optic,no,yes,yes,yes,no,yes,month-to-month,no,mailed-check,89.12,3622.72,0
CUST-00090,male,0,yes,no,41,yes,no,dsl,yes,yes,no,yes,yes,no,month-to-month,no,electronic-check,64.51,2666.31,1
CUST-00091,female,0,no,no,28,yes,no,fiber-optic,no,no,yes,no,no,no,month-to-month,yes,bank-transfer-automatic,81.99,2245.09,1
CUST-00092,male,0,no,no,43,yes,no,dsl,no,no,no,yes,no,no,month-to-month,yes,electronic-check,66.5,2900.16,0
CUST-00093,male,0,no,no,35,yes,no,fiber-optic,yes,no,yes,no,yes,yes,one-year,yes,credit-card-automatic,94.99,3254.63,0
CUST-00094,female,0,no,no,35,yes,yes,dsl,no,yes,no,yes,no,yes,one-year,no,mailed-check,62.16,2253.77,0
CUST-00095,male,1,no,yes,43,yes,no,dsl,no,yes,yes,no,no,yes,two-year,yes,electronic-check,64.85,2770.28,0
CUST-00096,female,0,no,no,44,yes,no,no,no-internet-service,no-internet-service,no-internet-service,no-internet-service,no-internet-service,no-internet-service,two-year,yes,mailed-check,29.1,1234.28,0
CUST-00097,female,0,no,no,24,yes,no,dsl,yes,no,yes,no,yes,yes,month-to-month,yes,mailed-check,71.1,1652.21,0
CUST-00098,male,0,no,no,10,no,no-phone-service,dsl,no,yes,no,no,no,yes,month-to-month,no,bank-transfer-automatic,59.55,661.05,0
CUST-00099,male,0,yes,no,22,yes,no,dsl,yes,yes,no,yes,yes,yes,month-to-month,yes,credit-card-automatic,75.12,1598.4,0
CUST-00100,female,0,yes,no,30,yes,yes,fiber-optic,no,yes,no,no,no,no,two-year,yes,electronic-check,65.57,2046.63,0
CUST-00101,male,0,yes,no,12,no,no-phone-service,dsl,no,yes,no,no,yes,no,month-to-month,no,credit-card-automatic,61.12,749.45,0
CUST-00102,female,1,yes,no,13,yes,no,fiber-optic,yes,no,no,no,no,no,month-to-month,yes,electronic-check,72.0,832.08,1
CUST-00103,male,0,yes,no,69,no,no-phone-service,dsl,yes,yes,yes,yes,no,no,one-year,yes,electronic-check,71.16,4911.99,0
CUST-00104,female,0,yes,no,21,yes,yes,fiber-optic,yes,no,no,yes,yes,no,month-to-month,no,electronic-check,81.12,1707.03,1
CUST-00105,male,1,no,yes,54,yes,yes,fiber-optic,yes,no,yes,yes,no,no,two-year,yes,bank-transfer-automatic,93.73,4955.06,0
CUST-00106,male,0,yes,no,10,yes,no,dsl,no,no,no,no,yes,yes,month-to-month,yes,electronic-check,56.78,568.42,0
CUST-00107,male,0,no,no,71,yes,no,dsl,no,no,yes,no,yes,yes,month-to-month,yes,electronic-check,53.84,3863.3,0
CUST-00108,male,0,yes,no,16,no,no-phone-service,fiber-optic,yes,no,no,no,yes,no,two-year,yes,bank-transfer-automatic,79.67,1359.33,1
CUST-00109,female,0,no,no,29,yes,yes,dsl,no,no,no,no,yes,no,month-to-month,no,electronic-check,70.65,2130.18,1
CUST-00110,male,0,yes,no,57,yes,no,no,no-internet-service,no-internet-service,no-internet-service,no-internet-service,no-internet-service,no-internet-service,month-to-month,yes,electronic-check,18.0,1205.18,0
CUST-00111,female,0,yes,no,15,yes,no,fiber-optic,yes,no,no,no,yes,no,one-year,yes,electronic-check,83.33,1249.99,1
CUST-00112,male,0,yes,no,40,yes,yes,fiber-optic,no,yes,yes,yes,yes,no,one-year,yes,electronic-check,83.92,3398.34,0
CUST-00113,male,0,no,no,57,yes,yes,no,no-internet-service,no-internet-service,no-internet-service,no-internet-service,no-internet-service,no-internet-service,month-to-month,yes,electronic-check,31.02,1722.67,0
CUST-00114,female,0,yes,yes,2,yes,no,no,no-internet-service,no-internet-service,no-internet-service,no-internet-service,no-internet-service,no-internet-service,month-to-month,yes,electronic-check,26.53,194.38,1
CUST-00115,male,0,no,no,2,yes,yes,fiber-optic,yes,no,no,yes,no,no,month-to-month,yes,credit-card-automatic,83.49,100.16,1
CUST-00116,male,0,yes,no,57,yes,no,dsl,no,yes,no,yes,yes,yes,month-to-month,no,electronic-check,75.34,4432.32,0
CUST-00117,female,0,no,no,19,no,no-phone-service,fiber-optic,no,yes,no,yes,no,yes,month-to-month,yes,electronic-check,88.96,1818.56,0
CUST-00118,female,0,yes,yes,66,yes,no,no,no-internet-service,no-internet-service,no-internet-service,no-internet-service,no-internet-service,no-internet-service,month-to-month,yes,bank-transfer-automatic,20.05,1264.43,0
CUST-00119,female,0,no,no,67,yes,yes,dsl,no,yes,yes,yes,yes,yes,one-year,no,bank-transfer-automatic,68.21,4647.79,0
CUST-00120,female,0,yes,no,64,yes,no,fiber-optic,yes,yes,no,yes,yes,no,one-year,yes,credit-card-automatic,89.11,5737.29,0
CUST-00121,female,0,yes,no,72,yes,no,fiber-optic,yes,no,no,yes,yes,no,month-to-month,yes,mailed-check,83.29,5965.98,0
CUST-00122,male,1,yes,yes,60,yes,no,dsl,yes,yes,yes,no,no,no,month-to-month,no,bank-transfer-automatic,65.08,3894.61,0
CUST-00123,male,0,yes,no,28,yes,no,fiber-optic,no,no,yes,no,no,no,month-to-month,no,bank-transfer-automatic,61.86,1751.99,0
CUST-00124,female,0,yes,no,72,yes,no,dsl,no,no,yes,no,yes,no,month-to-month,yes,credit-card-automatic,66.24,4796.33,0
CUST-00125,male,1,no,yes,25,yes,no,dsl,no,no,yes,no,yes,no,two-year,yes,electronic-check,75.57,2001.31,0
CUST-00126,male,0,yes,yes,43,yes,no,dsl,no,no,yes,yes,no,yes,month-to-month,yes,credit-card-automatic,59.54,2603.06,1
CUST-00127,female,0,yes,yes,1,yes,no,no,no-internet-service,no-internet-service,no-internet-service,no-internet-service,no-internet-service,no-internet-service,two-year,yes,credit-card-automatic,29.4,0.0,0
CUST-00128,male,1,no,no,70,no,no-phone-service,fiber-optic,no,no,no,no,no,no,one-year,yes,mailed-check,72.93,5160.87,1
CUST-00129,male,0,yes,yes,43,yes,yes,fiber-optic,no,yes,yes,no,no,yes,two-year,yes,mailed-check,82.18,3402.67,0
CUST-00130,male,0,yes,no,69,yes,no,fiber-optic,no,yes,yes,no,yes,no,two-year,no,electronic-check,83.95,5763.56,0
CUST-00131,male,0,no,no,26,yes,yes,dsl,no,yes,no,yes,yes,no,one-year,yes,mailed-check,63.69,1634.17,0
CUST-00132,male,0,no,no,23,yes,no,fiber-optic,no,no,no,no,yes,yes,one-year,no,bank-transfer-automatic,76.23,1802.66,1
CUST-00133,female,0,no,no,38,yes,no,dsl,yes,no,yes,yes,no,yes,month-to-month,yes,bank-transfer-automatic,72.85,2901.11,0
CUST-00134,male,1,yes,no,63,yes,no,dsl,no,yes,yes,no,no,no,one-year,yes,mailed-check,55.85,3534.88,0
CUST-00135,male,1,no,yes,40,yes,yes,dsl,no,no,no,no,yes,no,month-to-month,yes,electronic-check,46.41,1829.3,1
CUST-00136,female,0,yes,no,58,yes,no,dsl,no,yes,yes,no,no,yes,month-to-month,yes,credit-card-automatic,62.84,3592.35,0
CUST-00137,male,0,no,yes,16,yes,yes,fiber-optic,yes,yes,yes,no,yes,no,two-year,yes,mailed-check,86.45,1445.83,1
CUST-00138,female,0,no,yes,56,yes,no,fiber-optic,yes,yes,no,no,yes,yes,one-year,yes,electronic-check,89.38,4990.67,0
CUST-00139,female,1,no,no,53,yes,no,dsl,no,no,yes,no,no,yes,month-to-month,no,bank-transfer-automatic,59.57,3119.47,0
CUST-00140,female,0,yes,yes,65,yes,no,fiber-optic,no,no,no,no,no,no,two-year,no,bank-transfer-automatic,61.28,4054.55,0
CUST-00141,male,1,yes,yes,5,yes,no,dsl,no,yes,no,yes,yes,yes,month-to-month,yes,mailed-check,81.67,496.05,1
CUST-00142,female,1,no,no,28,yes,no,no,no-internet-service,no-internet-service,no-internet-service,no-internet-service,no-internet-service,no-internet-service,two-year,yes,electronic-check,28.5,726.05,0
CUST-00143,female,0,no,no,7,yes,yes,fiber-optic,no,no,no,no,yes,yes,one-year,no,bank-transfer-automatic,76.96,426.48,1
CUST-00144,female,0,no,yes,29,yes,yes,dsl,no,no,no,no,no,no,month-to-month,yes,electronic-check,47.85,1380.32,1
CUST-00145,male,1,no,no,55,yes,yes,fiber-optic,yes,yes,no,no,no,no,month-to-month,yes,mailed-check,89.09,4814.43,1
CUST-00146,male,0,no,no,47,no,no-phone-service,fiber-optic,yes,no,no,no,no,no,two-year,no,credit-card-automatic,78.67,3601.71,1
CUST-00147,female,0,yes,no,55,yes,yes,no,no-internet-service,no-internet-service,no-internet-service,no-internet-service,no-internet-service,no-internet-service,month-to-month,yes,bank-transfer-automatic,35.04,1849.15,0
CUST-00148,female,1,yes,yes,54,yes,yes,no,no-internet-service,no-internet-service,no-internet-service,no-internet-service,no-internet-service,no-internet-service,two-year,no,mailed-check,20.09,1163.35,0
CUST-00149,male,0,yes,no,72,yes,yes,fiber-optic,no,yes,yes,no,no,no,month-to-month,yes,credit-card-automatic,91.51,6637.5,1
CUST-00150,female,0,yes,no,64,yes,yes,no,no-internet-service,no-internet-service,no-internet-service,no-internet-service,no-internet-service,no-internet-service,month-to-month,no,credit-card-automatic,18.0,1336.31,0
CUST-00151,male,0,yes,yes,43,yes,yes,fiber-optic,yes,no,no,yes,yes,yes,one-year,yes,credit-card-automatic,82.55,3501.5,0
CUST-00152,female,0,no,yes,64,yes,no,no,no-internet-service,no-internet-service,no-internet-service,no-internet-service,no-internet-service,no-internet-service,month-to-month,yes,bank-transfer-automatic,33.48,2242.46,0
CUST-00153,male,1,no,yes,4,yes,yes,no,no-internet-service,no-internet-service,no-internet-service,no-internet-service,no-internet-service,no-internet-service,month-to-month,no,bank-transfer-automatic,18.54,111.18,1
CUST-00154,female,0,no,no,52,yes,no,fiber-optic,no,no,no,yes,no,no,one-year,yes,bank-transfer-automatic,67.66,3476.59,0
CUST-00155,female,0,yes,yes,38,yes,yes,dsl,yes,no,no,no,no,yes,month-to-month,yes,electronic-check,57.62,2178.56,0
CUST-00156,male,0,no,no,69,yes,no,dsl,no,no,no,yes,yes,no,month-to-month,no,credit-card-automatic,68.11,4657.5,1
CUST-00157,female,1,no,no,37,yes,yes,fiber-optic,no,yes,yes,yes,yes,yes,two-year,yes,credit-card-automatic,92.89,3456.33,1
CUST-00158,male,0,no,yes,13,yes,no,fiber-optic,yes,no,yes,yes,yes,yes,month-to-month,yes,electronic-check,96.67,1330.71,1
CUST-00159,male,1,no,no,53,yes,no,dsl,yes,yes,no,yes,no,no,one-year,yes,bank-transfer-automatic,50.16,2630.84,0
CUST-00160,male,0,no,yes,69,yes,yes,fiber-optic,yes,no,no,no,no,no,one-year,no,credit-card-automatic,73.25,5117.88,0
CUST-00161,male,1,no,yes,2,yes,no,fiber-optic,yes,yes,no,no,no,yes,one-year,yes,electronic-check,96.98,289.3,1
CUST-00162,male,1,yes,no,5,yes,yes,fiber-optic,yes,yes,no,no,yes,no,month-to-month,no,bank-transfer-automatic,82.73,525.69,1
CUST-00163,female,1,no,no,48,yes,no,dsl,yes,yes,no,no,no,yes,two-year,yes,electronic-check,54.82,2543.39,1
CUST-00164,female,1,yes,no,41,yes,no,fiber-optic,no,no,yes,yes,yes,yes,month-to-month,yes,bank-transfer-automatic,87.79,3595.7,0
CUST-00165,female,0,yes,no,40,yes,yes,dsl,yes,no,yes,no,yes,yes,two-year,no,electronic-check,63.12,2578.01,0
CUST-00166,male,0,yes,yes,7,no,no-phone-service,fiber-optic,yes,no,no,no,no,yes,one-year,yes,electronic-check,88.12,535.33,1
CUST-00167,female,0,no,no,42,no,no-phone-service,fiber-optic,yes,yes,no,no,no,yes,one-year,no,electronic-check,90.04,3683.46,0
CUST-00168,female,0,no,yes,41,yes,no,dsl,no,yes,no,no,no,yes,month-to-month,yes,credit-card-automatic,62.58,2563.8,0
CUST-00169,female,1,no,no,62,yes,yes,fiber-optic,no,no,yes,yes,no,no,month-to-month,yes,bank-transfer-automatic,84.23,5191.29,1
CUST-00170,female,1,yes,no,29,yes,no,dsl,no,yes,no,yes,yes,no,month-to-month,yes,bank-transfer-automatic,60.04,1728.23,1
CUST-00171,female,0,yes,no,26,yes,yes,fiber-optic,no,no,yes,yes,yes,yes,one-year,yes,electronic-check,85.79,2195.19,0
CUST-00172,female,0,no,no,6,yes,no,dsl,no,no,yes,no,no,no,month-to-month,yes,bank-transfer-automatic,56.46,500.75,1
CUST-00173,male,0,yes,no,41,yes,yes,fiber-optic,yes,no,yes,no,yes,no,month-to-month,no,credit-card-automatic,99.71,4053.49,1
CUST-00174,male,0,no,no,47,yes,no,no,no-internet-service,no-internet-service,no-internet-service,no-internet-service,no-internet-service,no-internet-service,month-to-month,no,bank-transfer-automatic,18.0,889.92,0
CUST-00175,male,0,yes,yes,21,yes,yes,fiber-optic,no,no,yes,yes,yes,yes,month-to-month,no,electronic-check,83.86,1799.95,1
CUST-00176,female,0,no,yes,53,yes,yes,no,no-internet-service,no-internet-service,no-internet-service,no-internet-service,no-internet-service,no-internet-service,month-to-month,yes,bank-transfer-automatic,18.0,827.34,1
CUST-00177,male,0,no,yes,68,yes,yes,fiber-optic,no,no,yes,no,no,no,month-to-month,yes,bank-transfer-automatic,83.65,5798.16,0
CUST-00178,female,0,no,no,13,yes,no,fiber-optic,no,no,yes,yes,no,no,month-to-month,no,bank-transfer-automatic,81.66,1108.51,0
CUST-00179,male,0,yes,no,42,yes,yes,dsl,no,yes,no,yes,yes,yes,month-to-month,yes,credit-card-automatic,72.44,3054.25,0
CUST-00180,male,0,no,yes,50,yes,no,fiber-optic,no,no,no,no,yes,yes,month-to-month,yes,electronic-check,77.94,3976.31,0
CUST-00181,male,1,no,no,2,yes,no,dsl,no,yes,no,no,yes,yes,one-year,yes,electronic-check,69.95,136.32,1
CUST-00182,female,0,no,no,13,yes,yes,dsl,no,no,yes,yes,yes,yes,two-year,no,mailed-check,65.7,920.24,0
CUST-00183,female,0,no,yes,29,yes,yes,dsl,no,no,no,yes,no,no,month-to-month,no,bank-transfer-automatic,40.64,1037.84,0
CUST-00184,male,0,yes,no,10,yes,yes,dsl,no,no,yes,yes,yes,no,one-year,yes,credit-card-automatic,70.38,765.11,1
CUST-00185,female,0,no,no,26,yes,yes,no,no-internet-service,no-internet-service,no-internet-service,no-internet-service,no-internet-service,no-internet-service,month-to-month,no,credit-card-automatic,19.71,526.23,0
CUST-00186,female,1,yes,no,11,yes,no,dsl,no,no,no,no,no,yes,one-year,no,electronic-check,52.52,592.66,0
CUST-00187,female,0,yes,no,65,yes,no,fiber-optic,yes,yes,no,yes,no,yes,month-to-month,yes,credit-card-automatic,94.25,6063.08,0
CUST-00188,female,0,no,no,44,yes,yes,dsl,yes,no,no,no,yes,yes,two-year,yes,bank-transfer-automatic,51.45,2247.39,0
CUST-00189,female,1,no,no,24,yes,yes,fiber-optic,no,no,yes,no,no,no,one-year,yes,electronic-check,82.45,1960.19,1
CUST-00190,female,1,yes,no,57,yes,no,fiber-optic,yes,no,no,yes,yes,no,one-year,yes,mailed-check,84.23,4715.68,0
CUST-00191,male,0,yes,no,2,no,no-phone-service,fiber-optic,yes,yes,no,yes,yes,no,month-to-month,yes,electronic-check,90.75,208.37,1
CUST-00192,male,0,yes,no,43,yes,no,fiber-optic,yes,no,no,yes,no,yes,two-year,yes,bank-transfer-automatic,96.11,4250.72,0
CUST-00193,male,0,yes,no,50,yes,no,fiber-optic,no,no,no,yes,yes,no,month-to-month,yes,electronic-check,87.14,4250.4,1
CUST-00194,female,0,no,no,59,yes,yes,fiber-optic,no,no,yes,no,no,no,month-to-month,yes,mailed-check,75.59,4496.58,1
CUST-00195,male,0,yes,yes,17,yes,no,dsl,no,no,no,no,no,yes,one-year,yes,mailed-check,52.19,855.7,0
CUST-00196,female,0,no,yes,43,no,no-phone-service,dsl,no,no,no,no,no,no,one-year,no,electronic-check,27.52,1143.17,1
CUST-00197,female,1,yes,no,56,yes,no,no,no-internet-service,no-internet-service,no-internet-service,no-internet-service,no-internet-service,no-internet-service,two-year,yes,credit-card-automatic,18.0,1013.61,0
CUST-00198,female,0,yes,no,58,yes,no,fiber-optic,no,yes,yes,no,yes,no,one-year,no,mailed-check,88.34,5130.46,1
CUST-00199,female,0,no,no,13,yes,no,fiber-optic,no,no,yes,yes,no,yes,one-year,no,bank-transfer-automatic,80.89,1065.42,1
CUST-00200,male,0,yes,no,71,yes,no,dsl,no,no,no,yes,no,yes,month-to-month,no,electronic-check,47.39,3279.88,0
CUST-00201,female,0,yes,yes,20,yes,no,fiber-optic,no,yes,yes,yes,no,no,month-to-month,yes,bank-transfer-automatic,90.84,1898.54,0
CUST-00202,male,0,no,yes,29,yes,no,fiber-optic,no,yes,yes,no,yes,yes,month-to-month,no,credit-card-automatic,102.45,2977.14,1
CUST-00203,female,1,no,no,14,yes,no,dsl,yes,no,yes,no,no,no,one-year,no,electronic-check,54.23,803.76,1
CUST-00204,male,1,no,yes,11,yes,no,dsl,yes,no,no,no,yes,yes,one-year,no,mailed-check,72.0,883.09,0
CUST-00205,female,0,yes,no,19,yes,yes,fiber-optic,no,no,no,no,yes,yes,month-to-month,yes,mailed-check,87.8,1524.12,1
CUST-00206,female,0,no,no,10,yes,no,dsl,yes,no,no,yes,no,no,one-year,yes,electronic-check,50.19,549.18,1
CUST-00207,male,0,no,no,53,yes,yes,dsl,no,no,no,yes,no,no,month-to-month,yes,credit-card-automatic,47.18,2488.23,1
CUST-00208,male,0,no,no,44,yes,yes,no,no-internet-service,no-internet-service,no-internet-service,no-internet-service,no-internet-service,no-internet-service,month-to-month,yes,electronic-check,34.42,1590.9,1
CUST-00209,female,1,yes,no,29,yes,yes,fiber-optic,no,yes,yes,no,yes,no,two-year,no,mailed-check,80.06,2261.64,1
CUST-00210,male,0,yes,no,40,yes,yes,dsl,no,no,yes,no,no,no,month-to-month,yes,mailed-check,48.13,1995.35,0
CUST-00211,female,0,yes,yes,44,yes,no,dsl,no,no,no,yes,no,no,month-to-month,no,mailed-check,68.73,2944.99,0
CUST-00212,male,0,yes,no,14,yes,yes,fiber-optic,no,no,no,no,yes,yes,one-year,yes,electronic-check,77.45,1114.47,1
CUST-00213,male,0,no,no,22,yes,no,dsl,no,yes,yes,yes,no,no,month-to-month,yes,electronic-check,73.82,1645.36,1
CUST-00214,female,0,yes,yes,64,yes,no,dsl,no,no,yes,yes,no,no,month-to-month,yes,credit-card-automatic,49.82,3176.82,0
CUST-00215,male,0,yes,no,1,yes,yes,fiber-optic,no,no,no,yes,yes,no,one-year,yes,electronic-check,83.11,5.7,1
CUST-00216,female,0,yes,no,69,yes,yes,dsl,no,yes,no,yes,no,no,month-to-month,yes,electronic-check,66.69,4573.96,1
CUST-00217,female,0,no,yes,70,yes,no,fiber-optic,no,no,no,no,no,no,two-year,no,electronic-check,68.26,4847.41,0
CUST-00218,female,0,yes,no,19,yes,no,dsl,no,no,no,no,no,yes,two-year,yes,bank-transfer-automatic,53.8,1133.78,0
CUST-00219,female,0,yes,no,24,yes,yes,fiber-optic,yes,no,yes,yes,yes,yes,month-to-month,yes,bank-transfer-automatic,102.96,2617.6,0
CUST-00220,male,0,yes,no,15,yes,yes,dsl,yes,no,no,yes,no,yes,two-year,yes,bank-transfer-automatic,55.78,876.21,0
CUST-00221,female,1,no,no,41,yes,yes,fiber-optic,no,yes,yes,no,no,no,month-to-month,yes,electronic-check,101.92,4197.58,1
CUST-00222,female,0,yes,no,16,yes,yes,dsl,yes,no,no,no,no,no,month-to-month,yes,bank-transfer-automatic,61.3,1014.47,1
CUST-00223,male,0,no,no,57,yes,yes,dsl,no,yes,yes,yes,yes,no,one-year,no,credit-card-automatic,65.14,3857.62,0
CUST-00224,female,0,yes,no,28,yes,no,dsl,yes,no,no,yes,yes,no,one-year,yes,electronic-check,61.12,1750.41,0
CUST-00225,male,0,yes,yes,70,yes,yes,dsl,yes,no,no,no,no,no,month-to-month,yes,bank-transfer-automatic,68.29,4786.84,1
CUST-00226,female,0,yes,yes,62,yes,yes,fiber-optic,no,no,no,no,yes,no,month-to-month,no,bank-transfer-automatic,74.16,4577.27,1
CUST-00227,male,0,yes,no,29,yes,no,fiber-optic,yes,no,yes,yes,no,yes,month-to-month,yes,electronic-check,88.22,2546.4,1
CUST-00228,male,1,yes,no,43,yes,no,dsl,no,no,no,no,yes,no,month-to-month,yes,bank-transfer-automatic,64.17,2788.29,1
CUST-00229,male,0,no,yes,2,yes,no,fiber-optic,no,yes,yes,no,no,yes,month-to-month,no,credit-card-automatic,75.8,95.24,1
CUST-00230,female,0,no,no,5,yes,no,dsl,no,yes,no,yes,yes,yes,two-year,yes,bank-transfer-automatic,67.37,289.87,0
CUST-00231,female,0,yes,no,37,yes,no,dsl,yes,yes,yes,no,no,no,two-year,yes,mailed-check,63.67,2351.0,0
CUST-00232,male,0,yes,no,35,yes,yes,no,no-internet-service,no-internet-service,no-internet-service,no-internet-service,no-internet-service,no-internet-service,month-to-month,no,bank-transfer-automatic,18.0,596.11,0
CUST-00233,female,0,no,no,29,yes,yes,fiber-optic,no,no,yes,no,yes,yes,month-to-month,yes,credit-card-automatic,74.48,2204.66,1
CUST-00234,male,0,yes,no,7,yes,no,dsl,yes,no,yes,no,yes,no,month-to-month,yes,electronic-check,63.55,495.39,1
CUST-00235,female,0,yes,no,61,yes,no,fiber-optic,no,yes,no,yes,no,no,month-to-month,yes,credit-card-automatic,87.51,5357.8,1
CUST-00236,male,0,yes,no,30,yes,no,no,no-internet-service,no-internet-service,no-internet-service,no-internet-service,no-internet-service,no-internet-service,one-year,yes,mailed-check,18.0,576.74,0
CUST-00237,male,1,yes,yes,34,yes,yes,dsl,yes,yes,yes,no,no,no,one-year,yes,mailed-check,55.56,1897.86,0
CUST-00238,female,0,yes,no,30,yes,no,dsl,no,no,yes,yes,yes,no,month-to-month,no,bank-transfer-automatic,73.05,1907.08,1
CUST-00239,female,1,no,yes,36,yes,yes,dsl,no,no,yes,no,no,no,two-year,no,bank-transfer-automatic,59.23,2066.59,0
CUST-00240,male,0,no,no,47,yes,no,fiber-optic,no,no,yes,no,no,yes,two-year,no,bank-transfer-automatic,79.11,3771.22,0
CUST-00241,female,0,no,yes,56,yes,no,dsl,yes,no,no,no,yes,yes,month-to-month,no,bank-transfer-automatic,70.37,3877.81,0
CUST-00242,male,0,yes,no,40,yes,yes,dsl,no,yes,no,no,no,yes,two-year,yes,electronic-check,59.93,2461.36,0
CUST-00243,female,0,yes,no,12,yes,yes,fiber-optic,yes,yes,no,yes,yes,yes,month-to-month,yes,credit-card-automatic,111.31,1404.09,1
CUST-00244,male,0,yes,yes,63,yes,no,no,no-internet-service,no-internet-service,no-internet-service,no-internet-service,no-internet-service,no-internet-service,two-year,yes,credit-card-automatic,25.31,1574.62,0
CUST-00245,male,0,yes,no,21,yes,no,no,no-internet-service,no-internet-service,no-internet-service,no-internet-service,no-internet-service,no-internet-service,one-year,yes,credit-card-automatic,18.0,333.71,0
CUST-00246,female,0,yes,yes,2,yes,yes,no,no-internet-service,no-internet-service,no-internet-service,no-internet-service,no-internet-service,no-internet-service,month-to-month,yes,bank-transfer-automatic,18.0,36.72,1
CUST-00247,male,1,yes,no,3,yes,no,dsl,no,yes,no,no,yes,yes,month-to-month,yes,mailed-check,60.11,177.03,1
CUST-00248,female,0,yes,no,56,yes,yes,fiber-optic,no,no,no,no,yes,no,one-year,no,mailed-check,79.48,4497.91,1
CUST-00249,male,0,yes,no,28,yes,yes,dsl,no,yes,yes,yes,yes,yes,two-year,yes,mailed-check,70.57,1800.38,0
CUST-00250,female,0,yes,no,2,no,no-phone-service,fiber-optic,yes,yes,yes,no,no,no,two-year,no,mailed-check,77.98,100.9,1
CUST-00251,female,0,no,no,59,yes,no,dsl,no,no,no,no,no,no,month-to-month,yes,bank-transfer-automatic,52.71,3033.96,0
CUST-00252,female,1,yes,no,22,no,no-phone-service,fiber-optic,yes,no,no,no,yes,yes,two-year,yes,bank-transfer-automatic,97.0,1945.13,1
CUST-00253,female,0,no,no,71,no,no-phone-service,no,no-internet-service,no-internet-service,no-internet-service,no-internet-service,no-internet-service,no-internet-service,month-to-month,no,electronic-check,19.18,1324.67,0
CUST-00254,female,0,yes,no,64,yes,yes,fiber-optic,yes,yes,no,no,yes,no,month-to-month,yes,mailed-check,88.68,5563.05,1
CUST-00255,male,0,no,no,4,yes,no,fiber-optic,yes,yes,yes,yes,no,yes,month-to-month,yes,electronic-check,89.26,327.98,0
CUST-00256,female,0,yes,yes,50,yes,no,fiber-optic,no,yes,no,yes,yes,no,two-year,yes,bank-transfer-automatic,82.82,4104.4,1
CUST-00257,male,0,no,no,44,yes,yes,dsl,yes,no,yes,yes,yes,no,one-year,yes,electronic-check,64.15,2856.6,0
CUST-00258,female,0,yes,yes,13,yes,yes,fiber-optic,no,yes,no,yes,no,yes,month-to-month,yes,credit-card-automatic,91.47,1170.35,1
CUST-00259,female,0,yes,no,25,yes,yes,fiber-optic,yes,yes,no,no,no,no,one-year,yes,electronic-check,84.05,1974.39,1
CUST-00260,male,0,no,no,36,no,no-phone-service,fiber-optic,yes,no,yes,yes,no,no,two-year,yes,bank-transfer-automatic,84.36,3062.95,0
CUST-00261,male,0,yes,no,11,yes,no,fiber-optic,no,no,no,yes,yes,yes,month-to-month,yes,mailed-check,84.04,1105.93,1
CUST-00262,female,0,yes,yes,52,no,no-phone-service,no,no-internet-service,no-internet-service,no-internet-service,no-internet-service,no-internet-service,no-internet-service,month-to-month,no,electronic-check,18.0,1016.63,0
CUST-00263,female,0,no,yes,20,yes,yes,dsl,no,yes,no,no,no,no,month-to-month,yes,electronic-check,65.85,1367.94,1
CUST-00264,male,0,yes,no,68,yes,no,fiber-optic,no,no,no,no,no,yes,month-to-month,yes,mailed-check,60.32,4087.1,1
CUST-00265,male,1,no,yes,58,yes,no,fiber-optic,yes,no,yes,yes,no,no,month-to-month,no,electronic-check,92.38,5321.22,1
CUST-00266,male,0,no,no,46,yes,yes,fiber-optic,yes,no,no,no,no,yes,one-year,no,bank-transfer-automatic,82.3,3743.78,0
CUST-00267,female,0,yes,no,9,yes,yes,fiber-optic,yes,yes,no,no,yes,yes,month-to-month,yes,bank-transfer-automatic,89.87,826.88,1
CUST-00268,female,1,yes,no,2,yes,yes,fiber-optic,no,no,no,no,no,no,two-year,yes,bank-transfer-automatic,73.93,62.66,0
CUST-00269,male,0,yes,yes,11,yes,no,fiber-optic,yes,yes,no,no,yes,no,two-year,yes,electronic-check,81.7,915.23,0
CUST-00270,male,0,no,no,36,yes,yes,fiber-optic,no,yes,no,no,yes,no,month-to-month,yes,bank-transfer-automatic,87.22,3090.15,0
CUST-00271,female,0,yes,no,57,yes,no,fiber-optic,no,no,yes,no,no,yes,month-to-month,yes,mailed-check,71.49,3946.34,0
CUST-00272,female,0,yes,no,12,yes,yes,dsl,no,no,yes,yes,yes,no,month-to-month,no,credit-card-automatic,65.62,736.61,1
CUST-00273,female,1,yes,yes,51,yes,no,fiber-optic,no,yes,yes,no,yes,yes,one-year,yes,bank-transfer-automatic,88.58,4611.42,1
CUST-00274,male,0,no,yes,4,yes,yes,dsl,yes,yes,yes,no,yes,no,month-to-month,yes,electronic-check,64.58,268.7,1
CUST-00275,female,0,no,no,20,yes,no,dsl,no,no,no,yes,yes,yes,one-year,yes,mailed-check,59.8,929.56,0
CUST-00276,female,0,no,no,44,yes,yes,no,no-internet-service,no-internet-service,no-internet-service,no-internet-service,no-internet-service,no-internet-service,one-year,yes,electronic-check,18.68,771.4,0
CUST-00277,female,0,no,no,60,yes,yes,fiber-optic,no,yes,no,no,no,no,one-year,yes,electronic-check,81.02,4928.94,0
CUST-00278,male,0,no,yes,56,yes,yes,dsl,yes,yes,no,no,yes,yes,month-to-month,yes,electronic-check,67.71,3769.38,1
CUST-00279,female,0,no,no,39,yes,no,no,no-internet-service,no-internet-service,no-internet-service,no-internet-service,no-internet-service,no-internet-service,two-year,yes,mailed-check,27.46,1110.22,0
CUST-00280,female,0,no,yes,3,no,no-phone-service,no,no-internet-service,no-internet-service,no-internet-service,no-internet-service,no-internet-service,no-internet-service,two-year,yes,credit-card-automatic,28.36,55.43,0
CUST-00281,female,0,no,yes,22,yes,yes,dsl,yes,yes,yes,no,yes,no,one-year,yes,electronic-check,70.47,1564.14,1
CUST-00282,female,0,yes,no,57,yes,no,fiber-optic,no,no,yes,no,no,no,month-to-month,yes,electronic-check,82.46,4702.87,1
CUST-00283,male,0,no,no,6,yes,no,no,no-internet-service,no-internet-service,no-internet-service,no-internet-service,no-internet-service,no-internet-service,one-year,yes,mailed-check,36.2,168.76,0
CUST-00284,female,0,no,yes,51,no,no-phone-service,dsl,no,yes,yes,yes,no,yes,two-year,no,electronic-check,56.69,2934.05,0
CUST-00285,female,0,yes,no,51,yes,no,fiber-optic,no,no,yes,no,yes,yes,month-to-month,yes,bank-transfer-automatic,95.61,4990.98,1
CUST-00286,male,0,yes,yes,55,yes,yes,fiber-optic,yes,yes,no,no,no,yes,one-year,yes,bank-transfer-automatic,99.36,5493.65,0
CUST-00287,female,0,yes,yes,16,yes,no,no,no-internet-service,no-internet-service,no-internet-service,no-internet-service,no-internet-service,no-internet-service,month-to-month,yes,bank-transfer-automatic,23.47,383.32,0
CUST-00288,male,0,no,no,18,yes,no,fiber-optic,yes,no,yes,no,yes,no,month-to-month,no,bank-transfer-automatic,102.23,1776.9,1
CUST-00289,male,0,yes,no,15,yes,no,dsl,no,no,no,yes,yes,yes,one-year,yes,mailed-check,77.19,1228.22,0
CUST-00290,female,0,no,no,29,yes,yes,fiber-optic,yes,yes,no,no,no,yes,two-year,yes,electronic-check,84.3,2406.37,0
CUST-00291,male,0,yes,no,38,yes,no,dsl,no,no,no,no,no,yes,month-to-month,no,credit-card-automatic,50.92,1977.01,0
CUST-00292,female,0,no,yes,9,yes,yes,fiber-optic,yes,no,no,no,yes,no,month-to-month,no,electronic-check,86.24,833.29,1
CUST-00293,male,0,yes,no,41,yes,no,dsl,yes,yes,yes,yes,yes,no,month-to-month,no,credit-card-automatic,68.01,2862.47,0
CUST-00294,female,0,no,no,18,yes,yes,dsl,yes,yes,no,no,no,yes,month-to-month,yes,credit-card-automatic,84.69,1599.88,1
CUST-00295,male,0,no,yes,41,yes,yes,no,no-internet-service,no-internet-service,no-internet-service,no-internet-service,no-internet-service,no-internet-service,one-year,no,bank-transfer-automatic,26.31,1151.46,0
CUST-00296,male,0,yes,no,22,yes,no,fiber-optic,no,yes,yes,no,no,yes,month-to-month,yes,mailed-check,87.37,1827.92,1
CUST-00297,male,0,yes,yes,69,yes,no,fiber-optic,no,yes,no,yes,no,no,one-year,no,mailed-check,70.72,4815.25,0
CUST-00298,female,0,yes,no,23,yes,yes,fiber-optic,yes,no,no,yes,yes,yes,month-to-month,yes,electronic-check,94.02,2059.52,1
CUST-00299,female,0,yes,no,63,yes,no,fiber-optic,yes,no,yes,yes,no,no,one-year,no,bank-transfer-automatic,77.51,4775.14,0
CUST-00300,female,0,no,yes,13,no,no-phone-service,no,no-internet-service,no-internet-service,no-internet-service,no-internet-service,no-internet-service,no-internet-service,month-to-month,no,bank-transfer-automatic,26.08,453.44,1
CUST-00301,female,0,no,no,7,yes,no,fiber-optic,no,no,yes,no,yes,no,one-year,no,mailed-check,61.98,359.92,0
CUST-00302,male,0,no,yes,14,yes,no,fiber-optic,no,no,no,no,no,no,month-to-month,yes,electronic-check,83.07,1078.49,1
CUST-00303,female,0,no,no,31,yes,yes,dsl,no,no,yes,no,yes,no,month-to-month,yes,bank-transfer-automatic,54.61,1688.72,1
CUST-00304,male,0,yes,yes,65,yes,yes,fiber-optic,no,no,no,yes,yes,no,one-year,yes,credit-card-automatic,68.47,4394.6,0
CUST-00305,male,0,no,yes,13,yes,no,fiber-optic,yes,no,yes,yes,no,yes,month-to-month,yes,credit-card-automatic,91.87,1363.95,0
CUST-00306,female,0,no,no,57,yes,yes,dsl,no,no,yes,no,no,yes,month-to-month,no,bank-transfer-automatic,58.13,3292.9,1
CUST-00307,female,1,yes,no,51,yes,no,fiber-optic,yes,yes,no,no,no,no,two-year,yes,electronic-check,83.49,4291.38,0
CUST-00308,male,0,no,yes,25,yes,no,no,no-internet-service,no-internet-service,no-internet-service,no-internet-service,no-internet-service,no-internet-service,one-year,yes,electronic-check,31.04,717.46,0
CUST-00309,female,0,yes,no,25,yes,no,dsl,yes,no,yes,no,no,yes,month-to-month,yes,bank-transfer-automatic,66.05,1526.6,0
CUST-00310,female,1,no,yes,69,yes,yes,fiber-optic,no,yes,no,no,yes,yes,one-year,no,electronic-check,95.37,6525.88,0
CUST-00311,male,1,no,no,52,yes,no,dsl,no,yes,no,no,no,yes,month-to-month,yes,electronic-check,58.01,2962.67,1
CUST-00312,male,0,no,no,18,yes,no,no,no-internet-service,no-internet-service,no-internet-service,no-internet-service,no-internet-service,no-internet-service,month-to-month,yes,bank-transfer-automatic,23.42,367.19,1
CUST-00313,female,1,yes,yes,66,yes,yes,fiber-optic,no,no,no,yes,no,no,month-to-month,yes,bank-transfer-automatic,68.53,4402.98,0
CUST-00314,female,1,no,no,30,no,no-phone-service,dsl,no,yes,no,yes,yes,no,month-to-month,yes,bank-transfer-automatic,67.06,2022.01,0
CUST-00315,female,0,yes,no,6,yes,yes,fiber-optic,no,no,no,no,yes,yes,month-to-month,yes,mailed-check,75.93,430.32,1
CUST-00316,male,0,no,no,59,yes,yes,dsl,no,yes,no,no,yes,no,month-to-month,yes,credit-card-automatic,68.56,3929.4,0
CUST-00317,male,0,yes,no,63,yes,no,dsl,no,no,yes,yes,no,yes,month-to-month,no,electronic-check,63.6,4014.77,0
CUST-00318,male,0,no,no,32,yes,no,fiber-optic,yes,no,no,yes,yes,yes,month-to-month,yes,electronic-check,97.3,3170.77,1
CUST-00319,male,0,no,no,51,no,no-phone-service,dsl,no,no,no,no,yes,no,month-to-month,no,credit-card-automatic,55.1,2899.93,0
CUST-00320,male,0,yes,no,17,yes,no,fiber-optic,yes,yes,no,yes,yes,no,month-to-month,yes,credit-card-automatic,106.45,1628.13,1
CUST-00321,female,0,yes,no,62,yes,yes,dsl,no,yes,yes,no,no,no,one-year,yes,mailed-check,45.52,2767.42,0
CUST-00322,female,0,no,no,27,yes,yes,dsl,yes,no,no,no,no,no,month-to-month,no,credit-card-automatic,52.09,1303.62,0
CUST-00323,male,0,yes,no,20,yes,yes,fiber-optic,yes,no,no,no,no,yes,month-to-month,no,credit-card-automatic,74.32,1437.48,0
CUST-00324,male,1,yes,no,37,yes,no,fiber-optic,no,yes,no,yes,no,yes,month-to-month,yes,mailed-check,72.6,2790.34,0
CUST-00325,male,0,yes,no,20,yes,no,no,no-internet-service,no-internet-service,no-internet-service,no-internet-service,no-internet-service,no-internet-service,month-to-month,yes,bank-transfer-automatic,18.0,305.46,0
CUST-00326,female,0,yes,no,45,yes,no,fiber-optic,no,no,no,no,yes,yes,one-year,yes,bank-transfer-automatic,91.38,4076.47,0
CUST-00327,female,0,no,no,54,yes,no,fiber-optic,yes,yes,no,yes,yes,no,one-year,yes,credit-card-automatic,91.76,4892.86,0
CUST-00328,female,1,no,no,30,yes,yes,fiber-optic,no,no,yes,no,yes,no,one-year,yes,electronic-check,82.24,2589.14,1
CUST-00329,female,1,yes,no,57,yes,no,dsl,no,no,no,yes,yes,yes,month-to-month,yes,credit-card-automatic,71.19,3885.35,0
CUST-00330,male,1,yes,no,32,yes,yes,fiber-optic,yes,no,yes,no,no,no,month-to-month,yes,electronic-check,84.92,2675.71,1
CUST-00331,male,1,yes,no,70,yes,yes,no,no-internet-service,no-internet-service,no-internet-service,no-internet-service,no-internet-service,no-internet-service,one-year,yes,credit-card-automatic,26.91,1818.78,0
CUST-00332,female,0,yes,no,20,yes,no,dsl,yes,yes,no,no,no,yes,two-year,no,mailed-check,65.58,1182.51,0
CUST-00333,female,0,no,no,51,yes,yes,fiber-optic,no,yes,yes,no,no,yes,month-to-month,yes,credit-card-automatic,91.34,4741.01,1
CUST-00334,male,0,yes,yes,39,yes,yes,dsl,yes,yes,no,no,no,no,one-year,no,electronic-check,54.4,1986.37,0
CUST-00335,female,0,no,no,68,yes,yes,fiber-optic,no,yes,no,no,yes,yes,month-to-month,yes,electronic-check,95.38,6451.38,0
CUST-00336,male,1,no,yes,16,no,no-phone-service,fiber-optic,no,no,yes,no,yes,no,two-year,no,mailed-check,74.3,1182.9,0
CUST-00337,male,0,no,yes,15,yes,no,dsl,yes,no,no,yes,no,no,month-to-month,no,electronic-check,57.31,803.33,0
CUST-00338,female,0,no,no,63,no,no-phone-service,fiber-optic,no,yes,yes,no,no,no,month-to-month,yes,credit-card-automatic,90.78,5589.07,1
CUST-00339,female,0,yes,no,65,yes,no,no,no-internet-service,no-internet-service,no-internet-service,no-internet-service,no-internet-service,no-internet-service,month-to-month,yes,bank-transfer-automatic,18.77,1207.43,0
CUST-00340,male,0,yes,no,54,yes,no,dsl,no,yes,no,yes,yes,no,one-year,yes,electronic-check,59.55,3158.56,0
CUST-00341,male,0,yes,yes,35,yes,no,fiber-optic,yes,yes,yes,no,no,no,one-year,no,bank-transfer-automatic,105.31,3746.5,1
CUST-00342,female,0,no,no,30,no,no-phone-service,no,no-internet-service,no-internet-service,no-internet-service,no-internet-service,no-internet-service,no-internet-service,one-year,yes,electronic-check,31.35,979.21,0
CUST-00343,male,1,no,no,48,yes,no,dsl,no,no,no,yes,no,yes,one-year,no,bank-transfer-automatic,61.13,3080.06,0
CUST-00344,male,0,yes,no,54,no,no-phone-service,fiber-optic,no,yes,no,yes,no,yes,month-to-month,no,electronic-check,79.24,4287.21,1
CUST-00345,male,1,yes,no,20,yes,yes,dsl,no,no,no,no,yes,no,month-to-month,yes,electronic-check,38.72,818.59,1
CUST-00346,female,0,yes,no,1,yes,no,no,no-internet-service,no-internet-service,no-internet-service,no-internet-service,no-internet-service,no-internet-service,two-year,yes,electronic-check,25.67,0.0,0
CUST-00347,male,0,no,yes,6,yes,yes,fiber-optic,no,no,no,yes,no,no,month-to-month,no,mailed-check,87.13,651.16,1
CUST-00348,male,0,no,yes,25,yes,no,fiber-optic,yes,no,no,no,no,no,month-to-month,no,credit-card-automatic,80.17,2005.02,1
CUST-00349,female,0,no,yes,50,yes,yes,dsl,yes,yes,no,no,no,yes,month-to-month,yes,mailed-check,49.31,2457.81,0
CUST-00350,female,0,no,no,32,yes,no,fiber-optic,no,yes,no,no,no,yes,month-to-month,yes,credit-card-automatic,83.28,2705.5,1
CUST-00351,male,1,yes,yes,45,yes,no,fiber-optic,no,no,yes,yes,yes,yes,month-to-month,yes,bank-transfer-automatic,90.11,4006.58,1
CUST-00352,female,0,no,yes,34,yes,no,dsl,no,no,no,yes,no,yes,one-year,yes,credit-card-automatic,59.29,1978.39,0
CUST-00353,female,0,no,yes,19,yes,yes,no,no-internet-service,no-internet-service,no-internet-service,no-internet-service,no-internet-service,no-internet-service,one-year,yes,credit-card-automatic,35.55,715.94,0
CUST-00354,female,0,yes,yes,54,yes,yes,dsl,yes,yes,yes,yes,yes,yes,month-to-month,no,bank-transfer-automatic,84.32,4608.2,0
CUST-00355,male,0,no,no,53,yes,no,fiber-optic,no,yes,yes,no,no,yes,month-to-month,yes,electronic-check,91.61,4900.11,0
CUST-00356,male,0,yes,yes,70,yes,no,fiber-optic,yes,yes,yes,no,no,no,two-year,yes,mailed-check,86.64,6058.79,0
CUST-00357,female,1,no,no,60,yes,yes,fiber-optic,no,yes,yes,yes,no,yes,one-year,yes,mailed-check,97.32,5859.48,1
CUST-00358,male,0,no,yes,28,yes,yes,fiber-optic,no,no,no,no,yes,yes,two-year,no,electronic-check,76.22,2206.19,1
CUST-00359,female,0,no,yes,51,yes,no,dsl,yes,yes,no,no,yes,yes,month-to-month,yes,mailed-check,72.44,3612.39,0
CUST-00360,male,0,no,yes,26,yes,no,fiber-optic,no,no,yes,yes,yes,no,two-year,yes,electronic-check,85.45,2221.8,0
CUST-00361,male,0,yes,no,63,yes,no,no,no-internet-service,no-internet-service,no-internet-service,no-internet-service,no-internet-service,no-internet-service,two-year,yes,bank-transfer-automatic,18.0,915.64,0
CUST-00362,male,0,no,yes,44,yes,no,dsl,no,yes,no,no,yes,yes,month-to-month,yes,mailed-check,69.52,3114.4,0
CUST-00363,female,0,no,no,61,yes,yes,dsl,yes,no,no,yes,no,yes,one-year,yes,electronic-check,45.15,2695.45,0
CUST-00364,male,0,no,yes,21,yes,yes,no,no-internet-service,no-internet-service,no-internet-service,no-internet-service,no-internet-service,no-internet-service,month-to-month,yes,electronic-check,18.0,321.3,1
CUST-00365,female,1,no,no,2,yes,no,dsl,no,yes,yes,no,yes,no,one-year,yes,bank-transfer-automatic,69.91,130.68,1
CUST-00366,male,0,yes,yes,11,yes,no,no,no-internet-service,no-internet-service,no-internet-service,no-internet-service,no-internet-service,no-internet-service,one-year,yes,credit-card-automatic,29.8,374.23,0
CUST-00367,female,0,no,no,39,yes,yes,dsl,yes,yes,no,no,yes,no,month-to-month,yes,credit-card-automatic,66.77,2783.42,1
CUST-00368,female,0,no,no,70,yes,no,dsl,yes,yes,no,no,no,no,month-to-month,no,bank-transfer-automatic,52.62,3566.92,1
CUST-00369,female,1,yes,yes,46,yes,yes,fiber-optic,no,no,no,yes,no,no,month-to-month,yes,electronic-check,78.59,3551.43,1
CUST-00370,male,0,no,yes,59,no,no-phone-service,fiber-optic,no,yes,no,no,yes,no,one-year,no,electronic-check,84.33,4992.62,1
CUST-00371,female,0,no,no,34,yes,no,no,no-internet-service,no-internet-service,no-internet-service,no-internet-service,no-internet-service,no-internet-service,one-year,yes,mailed-check,32.48,1049.82,0
CUST-00372,male,0,no,yes,70,yes,yes,fiber-optic,no,yes,no,yes,no,yes,month-to-month,yes,bank-transfer-automatic,94.36,6667.9,0
CUST-00373,female,0,no,yes,68,yes,yes,no,no-internet-service,no-internet-service,no-internet-service,no-internet-service,no-internet-service,no-internet-service,two-year,no,bank-transfer-automatic,27.42,1851.98,0
CUST-00374,female,0,yes,no,16,yes,no,fiber-optic,no,yes,no,yes,no,no,month-to-month,yes,electronic-check,82.52,1386.72,1
CUST-00375,male,0,no,yes,63,yes,yes,dsl,yes,no,yes,yes,yes,yes,month-to-month,yes,mailed-check,64.43,4040.45,0
CUST-00376,female,0,yes,no,2,yes,yes,fiber-optic,yes,yes,no,no,no,yes,month-to-month,yes,electronic-check,75.75,192.37,1
CUST-00377,male,0,no,no,43,yes,no,no,no-internet-service,no-internet-service,no-internet-service,no-internet-service,no-internet-service,no-internet-service,one-year,no,electronic-check,18.0,702.22,0
CUST-00378,male,0,yes,no,32,yes,yes,fiber-optic,no,no,yes,no,no,no,one-year,yes,electronic-check,82.6,2788.51,0
CUST-00379,female,0,no,yes,22,yes,no,fiber-optic,yes,no,no,no,yes,yes,one-year,yes,bank-transfer-automatic,82.98,1698.09,0
CUST-00380,female,0,no,no,68,yes,yes,no,no-internet-service,no-internet-service,no-internet-service,no-internet-service,no-internet-service,no-internet-service,two-year,yes,electronic-check,24.58,1618.36,0
CUST-00381,female,0,no,no,48,yes,yes,fiber-optic,no,no,no,no,no,yes,month-to-month,yes,electronic-check,70.64,3284.19,0
CUST-00382,male,1,no,yes,10,yes,no,fiber-optic,yes,no,no,no,yes,no,month-to-month,yes,credit-card-automatic,78.88,848.82,1
CUST-00383,male,0,yes,no,11,yes,yes,no,no-internet-service,no-internet-service,no-internet-service,no-internet-service,no-internet-service,no-internet-service,one-year,no,bank-transfer-automatic,31.26,384.33,0
CUST-00384,female,0,no,no,9,yes,no,no,no-internet-service,no-internet-service,no-internet-service,no-internet-service,no-internet-service,no-internet-service,month-to-month,no,electronic-check,26.13,143.81,1
CUST-00385,female,1,no,no,22,yes,no,fiber-optic,yes,no,yes,no,no,no,month-to-month,no,bank-transfer-automatic,81.55,1868.88,0
CUST-00386,female,0,yes,yes,5,yes,no,dsl,no,no,no,no,no,no,month-to-month,yes,credit-card-automatic,41.36,154.41,0
CUST-00387,female,0,no,yes,20,yes,yes,fiber-optic,no,no,yes,no,no,no,month-to-month,yes,credit-card-automatic,84.59,1720.85,1
CUST-00388,male,1,no,no,56,yes,yes,fiber-optic,no,yes,yes,no,yes,no,month-to-month,yes,electronic-check,96.01,5423.22,1
CUST-00389,male,0,no,no,63,yes,no,dsl,no,yes,no,no,yes,yes,month-to-month,yes,mailed-check,68.11,4272.56,1
CUST-00390,female,0,no,no,57,yes,no,fiber-optic,yes,no,yes,no,yes,yes,two-year,yes,bank-transfer-automatic,90.58,5231.3,0
CUST-00391,male,0,yes,yes,36,yes,no,dsl,yes,no,no,no,yes,yes,month-to-month,yes,electronic-check,54.24,1941.83,0
CUST-00392,female,0,no,no,51,no,no-phone-service,fiber-optic,yes,no,yes,no,yes,no,two-year,yes,credit-card-automatic,86.88,4456.29,0
CUST-00393,female,0,yes,yes,68,yes,yes,no,no-internet-service,no-internet-service,no-internet-service,no-internet-service,no-internet-service,no-internet-service,month-to-month,no,electronic-check,31.26,2105.12,0
CUST-00394,male,0,yes,no,4,yes,yes,dsl,yes,no,no,no,no,no,two-year,no,credit-card-automatic,45.73,42.8,1
CUST-00395,male,0,yes,no,66,yes,no,fiber-optic,yes,no,no,no,no,yes,month-to-month,no,bank-transfer-automatic,82.38,5427.81,0
CUST-00396,male,0,yes,yes,53,yes,no,no,no-internet-service,no-internet-service,no-internet-service,no-internet-service,no-internet-service,no-internet-service,month-to-month,yes,electronic-check,33.09,1688.25,0
CUST-00397,female,0,yes,yes,28,yes,yes,dsl,no,yes,yes,yes,no,yes,month-to-month,no,mailed-check,65.57,1940.38,0
CUST-00398,female,0,no,yes,33,yes,no,fiber-optic,yes,no,yes,no,yes,yes,month-to-month,yes,credit-card-automatic,90.98,2900.03,0
CUST-00399,female,1,yes,no,32,no,no-phone-service,no,no-internet-service,no-internet-service,no-internet-service,no-internet-service,no-internet-service,no-internet-service,one-year,yes,electronic-check,18.0,667.88,0
CUST-00400,female,0,yes,no,12,yes,yes,fiber-optic,no,no,no,no,yes,no,month-to-month,yes,electronic-check,81.99,970.47,0
CUST-00401,male,0,yes,no,17,no,no-phone-service,fiber-optic,no,yes,yes,yes,no,yes,month-to-month,yes,electronic-check,86.08,1493.83,1
CUST-00402,male,0,no,no,22,yes,no,fiber-optic,no,no,yes,no,yes,no,one-year,yes,mailed-check,69.56,1426.83,1
CUST-00403,female,0,yes,no,1,yes,no,fiber-optic,no,yes,yes,yes,no,yes,one-year,no,credit-card-automatic,84.37,61.21,0
CUST-00404,male,0,yes,no,37,yes,no,dsl,yes,yes,no,no,no,no,month-to-month,yes,bank-transfer-automatic,59.67,2157.94,0
CUST-00405,female,1,no,no,35,yes,yes,dsl,no,yes,no,no,yes,no,month-to-month,no,electronic-check,47.36,1815.34,1
CUST-00406,male,0,yes,no,24,yes,no,no,no-internet-service,no-internet-service,no-internet-service,no-internet-service,no-internet-service,no-internet-service,month-to-month,yes,electronic-check,18.0,380.3,1
CUST-00407,female,0,no,no,13,yes,no,fiber-optic,no,no,no,no,no,yes,month-to-month,no,credit-card-automatic,81.47,1145.61,1
CUST-00408,female,1,yes,no,70,yes,no,fiber-optic,no,no,yes,no,yes,no,one-year,no,credit-card-automatic,83.42,5926.95,0
CUST-00409,male,0,yes,no,49,yes,yes,fiber-optic,no,no,yes,no,yes,no,month-to-month,yes,electronic-check,74.69,3745.26,1
CUST-00410,female,0,yes,no,35,yes,yes,fiber-optic,no,yes,yes,no,yes,yes,two-year,no,electronic-check,89.43,3085.51,0
CUST-00411,female,0,no,no,53,yes,no,no,no-internet-service,no-internet-service,no-internet-service,no-internet-service,no-internet-service,no-internet-service,one-year,no,mailed-check,33.91,1932.6,0
CUST-00412,female,0,yes,no,27,yes,yes,dsl,no,yes,yes,no,no,yes,one-year,yes,bank-transfer-automatic,73.25,2128.66,0
CUST-00413,female,0,no,yes,16,yes,yes,dsl,yes,yes,yes,no,no,yes,two-year,no,electronic-check,67.14,1101.77,0
CUST-00414,female,0,yes,no,49,yes,no,dsl,no,no,no,no,no,yes,two-year,yes,bank-transfer-automatic,59.53,2882.07,0
CUST-00415,female,1,no,yes,56,yes,yes,fiber-optic,no,yes,no,no,no,no,one-year,yes,credit-card-automatic,79.97,4413.77,0
CUST-00416,male,1,yes,no,47,no,no-phone-service,fiber-optic,yes,no,yes,no,no,yes,one-year,yes,bank-transfer-automatic,74.81,3551.45,0
CUST-00417,male,1,yes,no,41,yes,no,fiber-optic,no,no,no,no,no,no,two-year,yes,mailed-check,58.37,2398.04,0
CUST-00418,female,0,yes,no,1,yes,no,dsl,yes,no,yes,no,yes,yes,month-to-month,yes,electronic-check,60.73,74.43,1
CUST-00419,female,0,no,yes,46,yes,yes,fiber-optic,no,yes,yes,no,no,yes,one-year,no,mailed-check,74.39,3320.85,0
CUST-00420,male,1,yes,no,45,yes,no,fiber-optic,yes,no,yes,no,yes,yes,one-year,no,electronic-check,96.17,4330.12,0
CUST-00421,male,0,no,no,30,yes,no,dsl,yes,no,no,yes,yes,yes,one-year,no,electronic-check,63.6,1993.79,1
CUST-00422,male,0,no,no,18,yes,no,fiber-optic,no,no,yes,no,no,no,two-year,yes,bank-transfer-automatic,80.4,1508.34,0
CUST-00423,male,0,no,no,71,yes,yes,dsl,no,no,no,no,no,no,one-year,yes,bank-transfer-automatic,51.53,3627.57,0
CUST-00424,male,0,yes,no,28,yes,yes,fiber-optic,no,yes,no,yes,no,yes,one-year,yes,electronic-check,92.52,2582.38,1
CUST-00425,female,0,no,no,20,yes,no,dsl,no,no,no,yes,no,yes,two-year,yes,electronic-check,50.56,901.07,0
CUST-00426,female,1,no,yes,51,yes,yes,fiber-optic,yes,no,yes,yes,yes,yes,one-year,no,electronic-check,103.13,5209.74,0
CUST-00427,male,0,no,no,35,yes,no,no,no-internet-service,no-internet-service,no-internet-service,no-internet-service,no-internet-service,no-internet-service,month-to-month,yes,electronic-check,18.0,604.5,1
CUST-00428,male,0,no,no,41,yes,yes,dsl,no,no,no,yes,yes,no,month-to-month,yes,electronic-check,63.69,2658.8,1
CUST-00429,female,1,no,yes,47,yes,yes,fiber-optic,no,no,yes,yes,yes,no,month-to-month,yes,electronic-check,98.78,4589.68,1
CUST-00430,male,0,no,no,27,yes,no,dsl,no,yes,no,yes,no,yes,month-to-month,no,mailed-check,68.79,1779.63,1
CUST-00431,female,0,no,no,11,yes,no,dsl,yes,yes,yes,yes,no,no,one-year,yes,bank-transfer-automatic,66.58,789.21,0
CUST-00432,male,0,yes,no,13,yes,no,dsl,yes,no,no,yes,yes,no,two-year,yes,mailed-check,67.53,846.19,0
CUST-00433,male,0,no,no,68,yes,no,no,no-internet-service,no-internet-service,no-internet-service,no-internet-service,no-internet-service,no-internet-service,month-to-month,yes,electronic-check,18.0,1161.08,0
CUST-00434,female,0,no,no,37,yes,no,dsl,no,no,no,no,yes,yes,two-year,yes,electronic-check,43.93,1686.34,0
CUST-00435,female,0,no,yes,31,yes,no,fiber-optic,yes,yes,no,no,no,yes,one-year,yes,credit-card-automatic,90.73,2847.04,1
CUST-00436,female,0,no,no,23,no,no-phone-service,fiber-optic,no,no,yes,no,yes,yes,two-year,yes,bank-transfer-automatic,97.46,2226.02,1
CUST-00437,male,0,yes,no,52,yes,yes,fiber-optic,yes,no,yes,yes,yes,no,month-to-month,yes,bank-transfer-automatic,82.15,4245.45,1
CUST-00438,male,0,yes,no,66,no,no-phone-service,dsl,no,no,yes,yes,yes,yes,month-to-month,yes,electronic-check,68.12,4524.38,0
CUST-00439,female,0,yes,no,56,no,no-phone-service,no,no-internet-service,no-internet-service,no-internet-service,no-internet-service,no-internet-service,no-internet-service,one-year,no,mailed-check,23.51,1356.97,1
CUST-00440,female,0,no,no,39,yes,yes,dsl,no,yes,yes,no,yes,no,one-year,no,credit-card-automatic,58.08,2280.79,0
CUST-00441,male,0,yes,no,35,yes,no,fiber-optic,no,no,yes,yes,no,no,two-year,no,credit-card-automatic,79.28,2783.85,0
CUST-00442,female,1,no,yes,63,yes,no,no,no-internet-service,no-internet-service,no-internet-service,no-internet-service,no-internet-service,no-internet-service,two-year,yes,credit-card-automatic,26.91,1649.83,0
CUST-00443,female,0,no,no,62,no,no-phone-service,dsl,yes,yes,yes,no,yes,yes,month-to-month,no,electronic-check,73.87,4538.94,1
CUST-00444,female,0,no,no,29,yes,no,fiber-optic,yes,no,no,yes,yes,no,month-to-month,no,electronic-check,87.9,2536.21,1
CUST-00445,male,0,yes,no,70,yes,no,no,no-internet-service,no-internet-service,no-internet-service,no-internet-service,no-internet-service,no-internet-service,one-year,yes,mailed-check,18.0,1187.92,0
CUST-00446,male,0,no,yes,60,yes,no,fiber-optic,no,yes,yes,no,no,no,month-to-month,yes,credit-card-automatic,81.75,4824.15,0
CUST-00447,female,0,yes,no,61,yes,yes,dsl,yes,yes,yes,no,no,yes,two-year,yes,electronic-check,64.82,3947.29,0
CUST-00448,male,0,no,yes,5,yes,no,dsl,no,yes,no,yes,yes,no,one-year,no,electronic-check,60.24,375.41,0
CUST-00449,male,1,yes,no,10,yes,yes,no,no-internet-service,no-internet-service,no-internet-service,no-internet-service,no-internet-service,no-internet-service,two-year,yes,electronic-check,18.0,24.53,0
CUST-00450,female,0,yes,no,22,yes,no,fiber-optic,no,yes,no,no,yes,no,two-year,no,mailed-check,81.78,1769.8,0
CUST-00451,male,1,yes,yes,55,yes,yes,fiber-optic,no,no,no,yes,yes,yes,month-to-month,no,bank-transfer-automatic,82.05,4533.19,1
CUST-00452,male,1,no,no,6,yes,yes,dsl,no,no,no,yes,yes,yes,month-to-month,no,credit-card-automatic,65.1,471.02,0
CUST-00453,female,0,yes,no,6,yes,yes,no,no-internet-service,no-internet-service,no-internet-service,no-internet-service,no-internet-service,no-internet-service,one-year,yes,mailed-check,18.0,242.99,0
CUST-00454,female,0,no,yes,3,yes,no,fiber-optic,no,yes,no,yes,no,yes,two-year,no,credit-card-automatic,79.54,219.28,0
CUST-00455,male,0,no,no,14,yes,no,fiber-optic,no,yes,no,yes,yes,no,one-year,yes,mailed-check,71.41,1147.68,1
CUST-00456,male,1,no,no,67,yes,yes,no,no-internet-service,no-internet-service,no-internet-service,no-internet-service,no-internet-service,no-internet-service,month-to-month,no,credit-card-automatic,29.58,2016.03,0
CUST-00457,female,0,yes,yes,52,yes,yes,dsl,no,no,no,no,yes,no,one-year,yes,mailed-check,58.97,3127.51,0
CUST-00458,male,0,yes,no,52,yes,yes,fiber-optic,no,no,yes,yes,yes,yes,month-to-month,yes,mailed-check,85.56,4369.22,0
CUST-00459,male,1,yes,no,22,yes,no,fiber-optic,no,no,yes,no,yes,yes,month-to-month,yes,credit-card-automatic,94.45,2111.91,0
CUST-00460,female,0,yes,yes,46,yes,no,dsl,no,no,no,no,yes,yes,two-year,no,electronic-check,49.8,2358.34,0
CUST-00461,male,0,no,yes,57,no,no-phone-service,dsl,no,no,no,yes,yes,no,month-to-month,yes,electronic-check,55.54,3114.08,1
CUST-00462,female,0,yes,no,39,yes,no,dsl,no,no,yes,no,no,no,month-to-month,yes,electronic-check,48.76,1706.22,1
CUST-00463,male,1,yes,no,62,yes,no,dsl,yes,no,yes,yes,yes,yes,month-to-month,yes,electronic-check,72.78,4523.54,0
CUST-00464,female,1,yes,no,42,yes,no,fiber-optic,no,yes,yes,no,yes,yes,two-year,no,credit-card-automatic,99.17,4149.02,0
CUST-00465,female,0,no,no,24,yes,no,dsl,no,yes,yes,yes,yes,no,month-to-month,yes,credit-card-automatic,64.79,1655.78,1
CUST-00466,male,0,yes,no,46,yes,no,fiber-optic,no,no,no,yes,yes,no,month-to-month,yes,electronic-check,79.28,3606.51,1
CUST-00467,female,0,no,no,68,yes,no,no,no-internet-service,no-internet-service,no-internet-service,no-internet-service,no-internet-service,no-internet-service,month-to-month,no,mailed-check,25.95,1711.72,0
CUST-00468,male,0,yes,no,60,yes,yes,fiber-optic,no,yes,no,no,yes,no,one-year,yes,electronic-check,82.49,4861.54,0
CUST-00469,female,0,no,no,36,yes,yes,fiber-optic,yes,no,yes,yes,yes,yes,month-to-month,yes,electronic-check,92.27,3274.46,1
CUST-00470,male,0,no,no,43,yes,yes,fiber-optic,yes,yes,no,no,yes,yes,one-year,yes,electronic-check,93.93,4239.01,0
CUST-00471,male,0,yes,no,71,yes,yes,fiber-optic,no,no,yes,no,yes,yes,two-year,yes,mailed-check,94.94,6621.74,0
CUST-00472,male,0,yes,no,54,yes,yes,fiber-optic,no,no,yes,no,no,no,month-to-month,yes,credit-card-automatic,85.45,4514.15,1
CUST-00473,female,0,yes,no,37,yes,no,dsl,yes,yes,no,yes,no,no,month-to-month,yes,electronic-check,52.4,1934.73,0
CUST-00474,female,0,yes,yes,21,yes,no,no,no-internet-service,no-internet-service,no-internet-service,no-internet-service,no-internet-service,no-internet-service,month-to-month,yes,electronic-check,18.0,526.09,0
CUST-00475,male,0,yes,no,66,yes,yes,dsl,no,no,no,no,no,no,month-to-month,yes,credit-card-automatic,55.99,3750.96,0
CUST-00476,male,0,no,no,71,yes,yes,dsl,no,no,no,yes,no,no,month-to-month,yes,mailed-check,50.7,3716.12,0
CUST-00477,male,0,no,yes,6,yes,no,fiber-optic,no,no,yes,yes,no,yes,one-year,yes,credit-card-automatic,69.4,387.52,1
CUST-00478,female,1,yes,yes,3,yes,no,dsl,no,no,yes,yes,no,yes,month-to-month,yes,credit-card-automatic,59.16,73.22,1
CUST-00479,male,0,no,no,9,yes,yes,fiber-optic,no,no,yes,yes,no,no,month-to-month,yes,credit-card-automatic,78.49,672.72,1
CUST-00480,female,0,yes,no,28,yes,no,fiber-optic,yes,no,yes,no,no,no,month-to-month,yes,electronic-check,79.5,2216.65,1
CUST-00481,female,1,no,no,12,no,no-phone-service,fiber-optic,no,yes,no,yes,yes,yes,month-to-month,no,credit-card-automatic,100.12,1202.26,1
CUST-00482,male,0,yes,no,64,yes,yes,fiber-optic,no,yes,no,yes,yes,yes,month-to-month,no,credit-card-automatic,84.57,5396.43,0
CUST-00483,female,0,no,no,66,yes,no,dsl,no,yes,no,yes,no,yes,month-to-month,yes,bank-transfer-automatic,70.48,4695.99,0
CUST-00484,male,0,no,no,13,yes,no,fiber-optic,no,yes,no,yes,no,no,one-year,no,electronic-check,84.28,1042.25,1
CUST-00485,female,1,yes,yes,60,yes,yes,fiber-optic,no,no,no,yes,yes,yes,month-to-month,yes,electronic-check,78.71,4653.06,1
CUST-00486,female,0,yes,no,11,yes,no,dsl,yes,no,no,yes,no,yes,month-to-month,yes,credit-card-automatic,60.44,574.49,1
CUST-00487,female,1,yes,yes,57,yes,no,fiber-optic,yes,no,yes,no,no,yes,two-year,yes,bank-transfer-automatic,92.96,5314.1,0
CUST-00488,male,0,no,no,27,yes,yes,dsl,yes,yes,yes,yes,no,no,one-year,no,credit-card-automatic,68.32,1852.57,0
CUST-00489,male,0,no,no,3,no,no-phone-service,fiber-optic,no,no,yes,yes,no,yes,two-year,yes,bank-transfer-automatic,90.03,351.95,1
CUST-00490,male,0,no,no,31,yes,yes,no,no-internet-service,no-internet-service,no-internet-service,no-internet-service,no-internet-service,no-internet-service,month-to-month,yes,mailed-check,18.0,674.02,1
CUST-00491,male,0,no,no,60,yes,no,dsl,yes,yes,no,no,no,yes,month-to-month,yes,mailed-check,67.44,3955.85,1
CUST-00492,male,0,no,no,68,yes,yes,fiber-optic,yes,no,yes,no,no,no,month-to-month,yes,credit-card-automatic,78.81,5360.84,0
CUST-00493,male,0,yes,yes,9,no,no-phone-service,no,no-internet-service,no-internet-service,no-internet-service,no-internet-service,no-internet-service,no-internet-service,one-year,yes,mailed-check,40.37,347.93,1
CUST-00494,male,1,no,yes,61,yes,yes,fiber-optic,yes,no,yes,yes,no,no,two-year,no,bank-transfer-automatic,78.44,4669.59,0
CUST-00495,female,0,no,yes,22,no,no-phone-service,fiber-optic,yes,yes,no,yes,no,yes,month-to-month,yes,bank-transfer-automatic,113.58,2459.15,1
CUST-00496,female,0,yes,yes,34,yes,yes,dsl,yes,no,yes,yes,no,yes,month-to-month,yes,credit-card-automatic,60.39,2170.76,0
CUST-00497,female,0,no,no,8,yes,no,dsl,no,no,yes,yes,yes,yes,month-to-month,yes,electronic-check,78.17,577.91,1
CUST-00498,female,0,yes,no,71,yes,yes,fiber-optic,no,no,no,no,yes,no,month-to-month,no,credit-card-automatic,83.62,5877.1,0
CUST-00499,male,0,yes,no,57,yes,no,fiber-optic,no,yes,no,no,yes,no,month-to-month,yes,bank-transfer-automatic,74.72,4255.14,1
CUST-00500,female,0,no,no,47,yes,no,fiber-optic,yes,yes,no,no,yes,yes,two-year,yes,mailed-check,96.8,4617.98,0
CUST-00501,female,0,yes,yes,53,yes,yes,dsl,yes,no,no,no,no,no,month-to-month,no,credit-card-automatic,49.03,2575.74,0
CUST-00502,male,0,yes,yes,63,yes,no,no,no-internet-service,no-internet-service,no-internet-service,no-internet-service,no-internet-service,no-internet-service,month-to-month,no,mailed-check,22.2,1408.18,0
CUST-00503,male,1,yes,no,11,yes,no,fiber-optic,no,yes,yes,yes,no,no,one-year,yes,electronic-check,90.18,820.64,1
CUST-00504,male,0,no,no,18,yes,no,no,no-internet-service,no-internet-service,no-internet-service,no-internet-service,no-internet-service,no-internet-service,month-to-month,no,mailed-check,18.0,366.92,0
CUST-00505,female,0,no,no,3,yes,yes,fiber-optic,no,no,yes,no,no,yes,two-year,yes,credit-card-automatic,78.54,252.2,0
CUST-00506,female,0,yes,yes,36,yes,no,dsl,no,no,no,yes,no,yes,month-to-month,yes,bank-transfer-automatic,60.73,2252.63,0
CUST-00507,male,0,yes,no,36,yes,no,no,no-internet-service,no-internet-service,no-internet-service,no-internet-service,no-internet-service,no-internet-service,two-year,yes,credit-card-automatic,18.0,507.93,0
CUST-00508,female,1,yes,no,3,yes,yes,dsl,no,no,yes,no,yes,yes,month-to-month,yes,mailed-check,58.07,151.52,0
CUST-00509,female,1,no,no,48,yes,no,fiber-optic,yes,no,no,no,no,no,month-to-month,no,electronic-check,86.64,4231.03,1
CUST-00510,female,1,yes,yes,1,yes,yes,fiber-optic,yes,yes,no,yes,yes,no,month-to-month,yes,credit-card-automatic,97.43,55.66,1
CUST-00511,male,0,no,yes,58,yes,no,fiber-optic,no,yes,yes,no,yes,no,two-year,yes,mailed-check,76.55,4443.73,0
CUST-00512,male,0,no,no,51,yes,no,dsl,no,yes,yes,no,no,yes,month-to-month,yes,electronic-check,54.97,2772.75,0
CUST-00513,male,0,yes,no,59,yes,no,no,no-internet-service,no-internet-service,no-internet-service,no-internet-service,no-internet-service,no-internet-service,month-to-month,yes,credit-card-automatic,18.0,1033.12,0
CUST-00514,male,0,no,no,9,yes,yes,fiber-optic,yes,yes,no,yes,yes,no,month-to-month,no,credit-card-automatic,99.28,981.06,0
CUST-00515,male,0,no,no,63,no,no-phone-service,fiber-optic,yes,no,yes,yes,no,no,month-to-month,no,bank-transfer-automatic,92.51,5721.38,0
CUST-00516,female,0,no,no,40,yes,yes,fiber-optic,no,yes,no,yes,no,no,two-year,yes,mailed-check,73.29,2927.83,0
CUST-00517,male,1,yes,no,63,yes,no,dsl,no,yes,yes,no,no,no,two-year,yes,electronic-check,65.2,4126.48,0
CUST-00518,female,0,no,no,51,yes,no,dsl,yes,no,no,no,yes,no,one-year,yes,bank-transfer-automatic,73.88,3838.24,1
CUST-00519,female,0,no,no,48,yes,yes,fiber-optic,no,no,no,yes,yes,yes,month-to-month,no,credit-card-automatic,74.69,3575.97,0
CUST-00520,male,0,no,no,3,no,no-phone-service,dsl,no,no,yes,yes,no,no,one-year,yes,bank-transfer-automatic,53.08,231.91,0
CUST-00521,female,0,no,no,50,no,no-phone-service,fiber-optic,no,no,no,yes,no,yes,month-to-month,yes,electronic-check,69.51,3471.4,1
CUST-00522,female,0,yes,no,33,yes,no,dsl,no,yes,no,no,no,no,month-to-month,no,electronic-check,60.59,2008.44,1
CUST-00523,female,0,no,no,62,yes,no,fiber-optic,yes,no,no,no,yes,no,month-to-month,no,credit-card-automatic,81.23,5042.36,1
CUST-00524,male,1,no,no,50,yes,yes,fiber-optic,no,yes,no,no,yes,no,one-year,yes,electronic-check,80.82,4090.15,0
CUST-00525,female,0,yes,no,6,yes,yes,dsl,no,no,no,yes,yes,yes,two-year,no,bank-transfer-automatic,64.82,429.55,0
CUST-00526,female,0,yes,no,65,yes,yes,dsl,no,no,yes,yes,no,no,month-to-month,yes,electronic-check,53.54,3396.62,1
CUST-00527,male,0,yes,no,5,no,no-phone-service,dsl,no,no,yes,no,yes,no,two-year,no,mailed-check,54.79,290.23,1
CUST-00528,female,0,no,no,22,yes,no,dsl,yes,yes,no,no,yes,no,one-year,yes,mailed-check,65.2,1474.95,1
CUST-00529,male,0,yes,no,16,yes,yes,dsl,no,yes,no,yes,no,no,two-year,no,bank-transfer-automatic,53.12,959.55,0
CUST-00530,male,0,no,no,71,yes,yes,fiber-optic,no,no,yes,yes,no,yes,two-year,no,mailed-check,83.25,5835.1,0
CUST-00531,male,0,yes,no,12,yes,yes,no,no-internet-service,no-internet-service,no-internet-service,no-internet-service,no-internet-service,no-internet-service,month-to-month,no,mailed-check,18.75,265.38,0
CUST-00532,female,0,yes,no,61,yes,yes,no,no-internet-service,no-internet-service,no-internet-service,no-internet-service,no-internet-service,no-internet-service,month-to-month,yes,bank-transfer-automatic,20.73,1238.44,0
CUST-00533,female,0,no,no,16,yes,yes,fiber-optic,yes,yes,yes,yes,no,no,one-year,no,bank-transfer-automatic,96.81,1563.35,1
CUST-00534,female,0,yes,yes,47,yes,yes,no,no-internet-service,no-internet-service,no-internet-service,no-internet-service,no-internet-service,no-internet-service,two-year,yes,credit-card-automatic,24.67,1078.98,0
CUST-00535,male,0,no,no,7,yes,yes,dsl,no,yes,no,yes,yes,no,month-to-month,yes,bank-transfer-automatic,51.0,356.0,1
CUST-00536,female,1,yes,no,29,yes,no,fiber-optic,yes,yes,yes,yes,yes,yes,one-year,yes,bank-transfer-automatic,115.26,3366.46,0
CUST-00537,female,0,no,no,45,yes,no,dsl,no,no,no,no,no,yes,two-year,no,credit-card-automatic,53.47,2333.39,0
CUST-00538,female,0,yes,no,52,yes,no,fiber-optic,no,no,no,yes,yes,yes,month-to-month,yes,credit-card-automatic,84.35,4494.86,1
CUST-00539,male,1,no,no,63,yes,yes,dsl,no,no,yes,no,no,no,month-to-month,yes,electronic-check,47.77,2893.69,0
CUST-00540,female,0,no,no,59,no,no-phone-service,no,no-internet-service,no-internet-service,no-internet-service,no-internet-service,no-internet-service,no-internet-service,month-to-month,yes,bank-transfer-automatic,35.91,2159.01,0
CUST-00541,male,0,yes,no,38,no,no-phone-service,fiber-optic,yes,yes,yes,yes,yes,no,month-to-month,no,mailed-check,115.88,4221.31,1
CUST-00542,female,0,yes,no,22,yes,no,dsl,no,yes,no,no,no,yes,one-year,yes,electronic-check,72.93,1585.34,1
CUST-00543,female,0,yes,no,19,yes,yes,fiber-optic,no,no,yes,yes,no,no,month-to-month,yes,electronic-check,82.97,1612.4,1
CUST-00544,female,0,no,no,72,yes,no,dsl,yes,no,no,yes,no,no,one-year,yes,mailed-check,60.75,4427.45,0
CUST-00545,male,1,no,no,44,yes,no,dsl,no,yes,no,yes,yes,yes,month-to-month,yes,electronic-check,81.93,3597.02,0
CUST-00546,female,0,yes,no,66,yes,no,fiber-optic,yes,no,no,no,no,no,two-year,yes,bank-transfer-automatic,75.07,4936.5,0
CUST-00547,female,0,yes,no,32,yes,no,dsl,yes,no,yes,no,no,no,month-to-month,no,credit-card-automatic,62.33,2037.12,1
CUST-00548,male,0,no,yes,35,yes,no,fiber-optic,no,no,yes,no,yes,no,one-year,no,credit-card-automatic,83.82,3005.0,0
CUST-00549,male,0,no,no,60,yes,no,dsl,no,no,no,yes,yes,no,month-to-month,yes,electronic-check,73.35,4504.47,1
CUST-00550,male,0,no,yes,53,yes,yes,dsl,no,no,yes,no,no,yes,one-year,yes,electronic-check,69.49,3586.16,0
CUST-00551,male,0,yes,no,15,no,no-phone-service,dsl,no,yes,yes,yes,yes,yes,month-to-month,yes,credit-card-automatic,71.9,1063.45,1
CUST-00552,female,0,no,no,38,yes,no,fiber-optic,yes,no,no,yes,yes,no,month-to-month,no,credit-card-automatic,99.2,3605.09,1
CUST-00553,male,0,no,no,16,no,no-phone-service,dsl,no,no,no,no,yes,no,month-to-month,no,bank-transfer-automatic,52.97,744.96,1
CUST-00554,female,0,yes,no,55,yes,yes,dsl,yes,no,no,yes,no,yes,month-to-month,yes,mailed-check,58.63,3171.84,0
CUST-00555,male,0,yes,no,3,yes,yes,dsl,yes,yes,yes,yes,no,no,one-year,no,bank-transfer-automatic,65.72,262.04,0
CUST-00556,male,0,yes,no,60,no,no-phone-service,dsl,yes,no,no,no,yes,no,month-to-month,yes,credit-card-automatic,59.18,3514.73,0
CUST-00557,male,0,no,no,67,yes,yes,no,no-internet-service,no-internet-service,no-internet-service,no-internet-service,no-internet-service,no-internet-service,two-year,no,credit-card-automatic,18.0,1184.33,0
CUST-00558,male,0,yes,no,2,yes,no,fiber-optic,no,no,no,no,no,yes,month-to-month,no,electronic-check,72.86,168.22,1
CUST-00559,male,0,no,no,46,yes,yes,fiber-optic,no,no,yes,yes,no,yes,month-to-month,yes,bank-transfer-automatic,75.45,3420.41,1
CUST-00560,male,0,no,no,6,yes,no,no,no-internet-service,no-internet-service,no-internet-service,no-internet-service,no-internet-service,no-internet-service,two-year,no,credit-card-automatic,18.0,0.0,0
CUST-00561,male,0,no,yes,26,yes,yes,fiber-optic,no,no,yes,yes,yes,yes,month-to-month,yes,mailed-check,93.88,2384.94,1
CUST-00562,female,0,no,yes,25,yes,no,no,no-internet-service,no-internet-service,no-internet-service,no-internet-service,no-internet-service,no-internet-service,two-year,yes,bank-transfer-automatic,28.34,699.45,0
CUST-00563,female,0,yes,no,38,yes,no,dsl,no,no,no,yes,yes,no,month-to-month,no,electronic-check,65.31,2516.91,0
CUST-00564,female,0,no,yes,67,yes,no,no,no-internet-service,no-internet-service,no-internet-service,no-internet-service,no-internet-service,no-internet-service,one-year,yes,credit-card-automatic,23.44,1555.0,0
CUST-00565,male,0,yes,no,34,yes,yes,dsl,no,no,yes,yes,no,no,two-year,yes,bank-transfer-automatic,45.77,1590.07,0
CUST-00566,female,0,no,yes,29,yes,yes,dsl,no,yes,no,no,no,yes,month-to-month,yes,mailed-check,51.11,1551.54,1
CUST-00567,female,0,no,no,7,yes,no,dsl,yes,no,no,yes,yes,no,one-year,yes,credit-card-automatic,61.42,513.98,0
CUST-00568,female,0,no,yes,64,yes,no,dsl,no,no,yes,yes,no,no,month-to-month,no,bank-transfer-automatic,65.7,4217.72,0
CUST-00569,male,0,no,yes,23,yes,yes,fiber-optic,no,no,yes,yes,no,no,one-year,no,electronic-check,77.55,1698.36,0
CUST-00570,male,0,yes,no,34,no,no-phone-service,fiber-optic,yes,no,no,yes,no,yes,month-to-month,no,mailed-check,77.24,2532.78,1
CUST-00571,male,1,no,no,7,yes,no,fiber-optic,no,no,no,no,no,no,month-to-month,no,credit-card-automatic,85.59,512.74,1
CUST-00572,female,0,no,no,21,yes,yes,no,no-internet-service,no-internet-service,no-internet-service,no-internet-service,no-internet-service,no-internet-service,month-to-month,no,bank-transfer-automatic,18.0,297.38,0
CUST-00573,female,0,no,no,40,yes,no,fiber-optic,yes,no,yes,yes,yes,yes,one-year,no,credit-card-automatic,87.98,3526.66,0
CUST-00574,female,0,yes,yes,65,yes,yes,dsl,yes,no,yes,no,yes,yes,two-year,yes,mailed-check,69.82,4679.86,0
CUST-00575,female,0,yes,no,24,yes,yes,dsl,no,yes,yes,yes,no,yes,two-year,no,bank-transfer-automatic,67.6,1638.29,0
CUST-00576,female,0,no,no,41,yes,no,fiber-optic,no,yes,no,yes,yes,no,one-year,yes,electronic-check,83.0,3396.7,1
CUST-00577,male,0,yes,yes,64,yes,no,no,no-internet-service,no-internet-service,no-internet-service,no-internet-service,no-internet-service,no-internet-service,two-year,yes,credit-card-automatic,20.0,1352.14,0
CUST-00578,male,0,no,no,26,yes,no,fiber-optic,no,no,no,no,yes,yes,two-year,yes,electronic-check,74.59,1877.2,1
CUST-00579,male,1,no,no,22,yes,no,dsl,yes,yes,no,no,no,yes,month-to-month,yes,mailed-check,60.91,1418.17,1
CUST-00580,female,0,no,no,4,yes,no,dsl,no,yes,yes,no,no,yes,month-to-month,no,bank-transfer-automatic,62.71,323.43,1
CUST-00581,female,0,yes,no,66,yes,no,fiber-optic,no,yes,no,no,yes,no,one-year,yes,credit-card-automatic,65.71,4341.28,0
CUST-00582,male,1,no,no,8,yes,yes,fiber-optic,no,no,yes,yes,no,no,month-to-month,no,electronic-check,91.64,890.15,1
CUST-00583,female,0,yes,yes,16,yes,yes,dsl,no,yes,yes,no,no,yes,two-year,yes,mailed-check,52.02,915.96,0
CUST-00584,female,0,yes,no,11,yes,no,fiber-optic,no,yes,yes,yes,no,no,month-to-month,no,mailed-check,79.49,877.79,0
CUST-00585,female,0,no,no,51,yes,no,dsl,no,no,yes,no,no,no,month-to-month,yes,credit-card-automatic,61.0,3100.23,0
CUST-00586,male,0,yes,yes,27,yes,no,dsl,yes,yes,yes,no,no,yes,two-year,no,bank-transfer-automatic,72.55,1926.46,0
CUST-00587,male,0,yes,yes,51,yes,yes,fiber-optic,yes,yes,no,yes,yes,no,month-to-month,yes,electronic-check,92.7,4717.89,1
CUST-00588,female,0,yes,no,44,no,no-phone-service,fiber-optic,no,no,no,no,yes,yes,two-year,no,credit-card-automatic,68.33,2998.89,0
CUST-00589,male,0,no,no,2,yes,no,fiber-optic,yes,yes,no,no,yes,yes,two-year,no,mailed-check,87.15,150.34,0
CUST-00590,male,0,no,no,23,yes,no,dsl,yes,yes,yes,yes,yes,no,one-year,no,bank-transfer-automatic,71.27,1623.16,0
CUST-00591,male,0,yes,no,1,yes,yes,dsl,no,yes,no,no,no,no,one-year,no,electronic-check,51.85,0.0,0
CUST-00592,male,0,yes,no,5,yes,no,fiber-optic,no,yes,yes,no,no,yes,month-to-month,yes,credit-card-automatic,96.13,438.04,1
CUST-00593,female,0,no,no,35,yes,no,dsl,yes,no,yes,no,yes,yes,month-to-month,yes,credit-card-automatic,83.95,2818.46,0
CUST-00594,male,1,yes,no,20,yes,no,dsl,yes,no,yes,no,yes,yes,two-year,yes,electronic-check,74.92,1529.48,0
CUST-00595,female,0,no,no,7,yes,yes,dsl,yes,yes,yes,yes,yes,no,month-to-month,yes,mailed-check,68.72,487.04,0
CUST-00596,male,0,no,yes,30,yes,no,fiber-optic,yes,no,no,yes,yes,yes,month-to-month,yes,electronic-check,101.72,3042.41,1
CUST-00597,male,0,no,yes,33,yes,yes,fiber-optic,yes,no,no,no,no,no,month-to-month,no,electronic-check,72.28,2451.71,0
CUST-00598,male,0,no,no,72,yes,yes,fiber-optic,no,no,yes,no,yes,yes,one-year,no,mailed-check,66.01,4687.95,0
CUST-00599,male,0,no,yes,48,yes,no,dsl,no,no,no,no,no,no,one-year,no,electronic-check,38.0,1770.69,1
CUST-00600,male,0,no,no,29,yes,yes,dsl,yes,no,yes,no,no,no,month-to-month,no,credit-card-automatic,39.02,1020.49,1
CUST-00601,male,0,yes,no,35,yes,yes,fiber-optic,yes,no,yes,no,no,yes,month-to-month,yes,bank-transfer-automatic,83.93,3014.28,0
CUST-00602,male,1,yes,no,7,yes,yes,fiber-optic,no,no,no,yes,no,no,two-year,yes,electronic-check,77.57,588.4,1
CUST-00603,male,0,no,no,28,yes,yes,dsl,yes,yes,no,no,no,no,month-to-month,no,credit-card-automatic,45.26,1367.0,1
CUST-00604,female,0,yes,no,42,yes,no,fiber-optic,yes,no,no,no,yes,yes,month-to-month,yes,credit-card-automatic,80.17,3485.83,0
CUST-00605,male,1,no,yes,2,yes,yes,dsl,yes,no,yes,yes,yes,no,month-to-month,yes,mailed-check,58.59,85.35,1
CUST-00606,male,1,no,no,67,yes,no,fiber-optic,no,no,no,yes,yes,no,one-year,no,mailed-check,82.98,5506.32,0
CUST-00607,female,0,no,yes,38,yes,no,fiber-optic,yes,yes,yes,no,yes,no,month-to-month,yes,electronic-check,85.17,3101.8,1
CUST-00608,male,0,yes,no,57,no,no-phone-service,dsl,no,yes,yes,no,yes,no,month-to-month,yes,credit-card-automatic,71.08,3969.21,1
CUST-00609,male,0,no,yes,20,no,no-phone-service,fiber-optic,no,yes,yes,no,no,yes,month-to-month,yes,bank-transfer-automatic,88.36,1742.83,1
CUST-00610,male,0,no,yes,61,yes,yes,dsl,no,no,yes,no,yes,yes,month-to-month,no,electronic-check,75.84,4471.67,0
CUST-00611,male,0,yes,yes,27,yes,yes,fiber-optic,no,no,yes,no,yes,yes,two-year,yes,electronic-check,83.36,2169.92,0
CUST-00612,female,1,no,no,67,yes,yes,fiber-optic,no,no,yes,no,yes,no,two-year,yes,bank-transfer-automatic,101.15,6770.84,0
CUST-00613,male,1,no,yes,38,yes,yes,dsl,no,yes,no,no,yes,no,one-year,yes,credit-card-automatic,60.02,2347.77,0
CUST-00614,female,0,no,no,46,yes,yes,fiber-optic,yes,yes,yes,no,no,yes,month-to-month,no,mailed-check,87.77,3983.64,0
CUST-00615,male,0,no,no,15,yes,yes,dsl,yes,yes,yes,no,yes,yes,month-to-month,no,electronic-check,92.27,1393.65,1
CUST-00616,male,1,yes,no,72,yes,no,dsl,yes,yes,no,no,yes,yes,month-to-month,yes,electronic-check,55.37,4126.42,0
CUST-00617,female,1,yes,no,14,yes,no,no,no-internet-service,no-internet-service,no-internet-service,no-internet-service,no-internet-service,no-internet-service,month-to-month,no,mailed-check,18.0,116.55,0
CUST-00618,female,0,no,yes,3,yes,no,fiber-optic,yes,no,yes,no,no,yes,one-year,yes,mailed-check,73.68,302.48,0
CUST-00619,female,0,yes,no,32,no,no-phone-service,fiber-optic,yes,no,yes,no,yes,no,month-to-month,yes,credit-card-automatic,72.29,2341.84,1
CUST-00620,female,1,yes,no,61,yes,no,fiber-optic,no,no,yes,yes,no,yes,one-year,yes,bank-transfer-automatic,72.46,4515.05,0
CUST-00621,female,0,yes,no,67,yes,yes,no,no-internet-service,no-internet-service,no-internet-service,no-internet-service,no-internet-service,no-internet-service,month-to-month,yes,mailed-check,24.93,1742.83,0
CUST-00622,female,0,yes,no,62,yes,no,fiber-optic,yes,no,yes,no,no,yes,month-to-month,no,electronic-check,76.37,4685.2,0
CUST-00623,female,1,no,no,40,no,no-phone-service,fiber-optic,no,no,yes,yes,yes,no,month-to-month,no,bank-transfer-automatic,86.96,3478.54,0
CUST-00624,female,1,yes,no,67,yes,no,dsl,yes,no,no,yes,no,yes,month-to-month,no,bank-transfer-automatic,72.14,4723.84,1
CUST-00625,male,1,no,yes,36,yes,no,fiber-optic,no,no,no,no,yes,no,month-to-month,yes,credit-card-automatic,82.71,2938.34,1
CUST-00626,female,0,yes,no,35,yes,yes,dsl,no,yes,yes,yes,no,no,month-to-month,no,mailed-check,66.31,2323.04,1
CUST-00627,female,0,no,yes,14,yes,no,dsl,yes,yes,yes,no,no,yes,two-year,yes,mailed-check,77.71,1110.71,0
CUST-00628,female,0,yes,no,57,yes,no,dsl,yes,no,yes,no,yes,no,month-to-month,yes,credit-card-automatic,75.88,4384.37,0
CUST-00629,male,0,no,no,23,yes,no,dsl,no,no,yes,yes,yes,yes,month-to-month,no,electronic-check,57.99,1452.49,1
CUST-00630,female,0,yes,yes,15,yes,yes,fiber-optic,no,no,yes,no,no,no,month-to-month,no,mailed-check,80.87,1180.38,1
CUST-00631,male,0,no,yes,27,yes,no,dsl,no,yes,no,yes,no,no,month-to-month,no,credit-card-automatic,55.82,1593.0,0
CUST-00632,female,0,yes,no,44,yes,no,dsl,yes,no,no,no,yes,no,two-year,no,electronic-check,56.83,2520.57,0
CUST-00633,female,0,yes,no,20,no,no-phone-service,fiber-optic,yes,yes,no,yes,no,no,month-to-month,yes,bank-transfer-automatic,74.91,1400.14,0
CUST-00634,female,0,yes,no,26,yes,no,no,no-internet-service,no-internet-service,no-internet-service,no-internet-service,no-internet-service,no-internet-service,two-year,no,bank-transfer-automatic,18.0,456.72,0
CUST-00635,female,0,no,no,24,yes,yes,dsl,no,yes,no,no,no,yes,one-year,no,electronic-check,54.62,1319.57,1
CUST-00636,male,0,no,no,43,yes,no,no,no-internet-service,no-internet-service,no-internet-service,no-internet-service,no-internet-service,no-internet-service,month-to-month,no,electronic-check,31.44,1289.17,0
CUST-00637,female,0,yes,no,52,no,no-phone-service,dsl,yes,yes,no,no,yes,yes,month-to-month,yes,mailed-check,58.76,2977.48,0
CUST-00638,female,0,yes,yes,49,yes,yes,fiber-optic,no,yes,yes,no,yes,yes,month-to-month,yes,mailed-check,72.92,3492.52,0
CUST-00639,male,1,no,no,11,yes,yes,fiber-optic,no,yes,yes,yes,yes,yes,month-to-month,yes,credit-card-automatic,98.95,1047.68,1
CUST-00640,male,0,no,no,25,yes,no,fiber-optic,yes,no,yes,no,no,no,month-to-month,yes,electronic-check,71.95,1733.9,0
CUST-00641,male,0,yes,no,47,yes,no,fiber-optic,no,no,no,no,yes,no,one-year,no,credit-card-automatic,75.88,3658.64,0
CUST-00642,male,0,no,no,16,yes,yes,fiber-optic,no,no,no,no,yes,yes,one-year,no,credit-card-automatic,87.29,1212.81,1
CUST-00643,male,0,no,yes,6,yes,yes,fiber-optic,no,no,no,yes,no,no,month-to-month,no,electronic-check,76.2,465.55,1
CUST-00644,female,0,no,yes,24,no,no-phone-service,fiber-optic,yes,no,no,no,yes,no,one-year,yes,bank-transfer-automatic,78.55,1924.82,0
CUST-00645,male,0,yes,yes,49,yes,yes,no,no-internet-service,no-internet-service,no-internet-service,no-internet-service,no-internet-service,no-internet-service,two-year,yes,electronic-check,18.75,846.54,0
CUST-00646,female,0,yes,yes,48,yes,yes,fiber-optic,yes,yes,yes,no,no,no,month-to-month,yes,bank-transfer-automatic,93.78,4484.05,0
CUST-00647,female,0,yes,no,10,yes,no,dsl,no,no,yes,no,no,no,month-to-month,yes,mailed-check,43.76,411.94,1
CUST-00648,male,0,no,yes,49,yes,yes,dsl,no,no,no,yes,no,no,month-to-month,yes,bank-transfer-automatic,58.83,2876.87,1
CUST-00649,male,0,yes,no,14,yes,no,dsl,no,no,no,no,yes,no,month-to-month,no,electronic-check,44.96,679.16,0
CUST-00650,male,0,no,no,54,yes,yes,fiber-optic,no,yes,yes,yes,no,yes,month-to-month,no,bank-transfer-automatic,96.82,5271.28,0
CUST-00651,female,0,no,no,41,yes,no,dsl,no,yes,yes,no,no,no,month-to-month,no,credit-card-automatic,45.66,1827.06,0
CUST-00652,male,0,no,no,10,yes,no,dsl,yes,yes,no,no,yes,no,one-year,yes,credit-card-automatic,67.34,560.57,1
CUST-00653,female,1,yes,no,26,yes,yes,no,no-internet-service,no-internet-service,no-internet-service,no-internet-service,no-internet-service,no-internet-service,month-to-month,yes,bank-transfer-automatic,21.19,563.32,0
CUST-00654,male,0,yes,no,59,yes,no,fiber-optic,yes,no,no,yes,yes,yes,one-year,yes,mailed-check,92.77,5424.18,0
CUST-00655,male,0,yes,no,32,yes,no,fiber-optic,no,no,no,no,yes,no,month-to-month,yes,mailed-check,84.67,2669.86,1
CUST-00656,male,0,no,no,50,yes,no,dsl,yes,no,no,no,no,no,month-to-month,no,electronic-check,46.43,2338.26,0
CUST-00657,male,0,no,no,54,yes,yes,fiber-optic,no,no,yes,yes,yes,no,month-to-month,yes,bank-transfer-automatic,86.8,4654.57,0
CUST-00658,male,0,yes,no,3,yes,no,dsl,no,yes,no,no,no,yes,month-to-month,yes,electronic-check,60.43,204.29,1
CUST-00659,female,0,no,no,68,yes,no,dsl,no,yes,yes,yes,yes,yes,month-to-month,no,bank-transfer-automatic,70.61,4989.94,0
CUST-00660,female,1,yes,no,25,yes,yes,dsl,yes,no,yes,no,yes,yes,month-to-month,yes,credit-card-automatic,75.73,1944.69,0
CUST-00661,female,0,yes,no,58,yes,yes,no,no-internet-service,no-internet-service,no-internet-service,no-internet-service,no-internet-service,no-internet-service,one-year,yes,bank-transfer-automatic,22.64,1413.99,0
CUST-00662,male,0,yes,no,34,yes,yes,dsl,no,yes,yes,no,yes,yes,month-to-month,no,mailed-check,63.36,2192.56,0
CUST-00663,female,1,no,no,42,no,no-phone-service,no,no-internet-service,no-internet-service,no-internet-service,no-internet-service,no-internet-service,no-internet-service,month-to-month,no,electronic-check,32.09,1353.56,0
CUST-00664,female,0,yes,no,26,yes,yes,dsl,no,yes,no,no,no,no,month-to-month,no,mailed-check,57.5,1534.45,0
CUST-00665,male,0,yes,no,62,yes,yes,fiber-optic,yes,no,yes,no,no,yes,month-to-month,yes,bank-transfer-automatic,80.26,5011.92,0
CUST-00666,male,0,no,no,9,yes,no,dsl,yes,no,yes,no,yes,no,month-to-month,yes,credit-card-automatic,56.18,570.33,1
CUST-00667,male,0,no,no,65,yes,yes,dsl,no,no,yes,no,yes,yes,month-to-month,yes,credit-card-automatic,61.24,3985.05,1
CUST-00668,male,0,yes,no,15,yes,yes,no,no-internet-service,no-internet-service,no-internet-service,no-internet-service,no-internet-service,no-internet-service,month-to-month,yes,electronic-check,23.58,255.58,0
CUST-00669,male,0,yes,yes,64,yes,no,fiber-optic,no,yes,yes,no,yes,yes,month-to-month,yes,electronic-check,74.29,4644.45,0
CUST-00670,female,1,no,no,2,yes,yes,fiber-optic,no,yes,no,no,yes,no,two-year,yes,electronic-check,77.6,189.79,1
CUST-00671,male,0,yes,no,1,yes,no,dsl,no,no,yes,yes,yes,no,two-year,yes,bank-transfer-automatic,58.38,0.0,0
CUST-00672,male,0,yes,no,7,yes,yes,fiber-optic,no,yes,no,no,yes,yes,month-to-month,yes,electronic-check,75.5,579.98,1
CUST-00673,male,0,no,no,40,yes,no,dsl,no,no,no,yes,no,no,month-to-month,yes,credit-card-automatic,44.83,1893.6,1
CUST-00674,female,0,yes,no,20,yes,no,dsl,no,yes,no,no,yes,yes,two-year,yes,mailed-check,64.1,1265.45,0
CUST-00675,male,0,no,no,44,no,no-phone-service,fiber-optic,yes,no,no,yes,yes,yes,month-to-month,no,bank-transfer-automatic,88.09,3966.81,0
CUST-00676,male,0,yes,yes,60,yes,yes,fiber-optic,yes,no,no,no,yes,no,month-to-month,yes,electronic-check,78.72,4742.62,1
CUST-00677,male,0,yes,yes,2,yes,no,dsl,yes,no,yes,no,no,no,one-year,yes,bank-transfer-automatic,46.97,95.88,1
CUST-00678,female,0,yes,no,38,yes,yes,fiber-optic,no,no,yes,no,no,no,month-to-month,yes,electronic-check,75.29,2866.48,1
CUST-00679,male,0,yes,no,54,yes,yes,dsl,no,no,no,no,yes,no,month-to-month,no,bank-transfer-automatic,40.97,2150.07,0
CUST-00680,male,0,yes,no,31,yes,no,dsl,no,yes,no,yes,no,yes,month-to-month,yes,electronic-check,74.67,2242.87,1
CUST-00681,male,0,yes,yes,67,yes,no,dsl,yes,no,no,yes,no,yes,month-to-month,yes,electronic-check,76.95,5032.35,0
CUST-00682,female,0,no,no,48,yes,no,fiber-optic,yes,no,yes,yes,yes,yes,month-to-month,yes,mailed-check,93.21,4419.1,0
CUST-00683,male,0,no,no,3,yes,yes,fiber-optic,no,no,yes,no,yes,no,month-to-month,yes,electronic-check,73.02,379.51,1
CUST-00684,male,0,yes,no,39,yes,yes,dsl,no,no,no,no,no,no,one-year,yes,electronic-check,54.84,2026.76,1
CUST-00685,female,0,no,no,28,yes,no,fiber-optic,no,yes,no,yes,yes,yes,month-to-month,yes,electronic-check,96.74,2620.48,0
CUST-00686,male,0,no,no,10,yes,yes,fiber-optic,yes,yes,yes,yes,yes,yes,month-to-month,yes,credit-card-automatic,117.0,1109.58,1
CUST-00687,female,0,no,no,69,yes,yes,no,no-internet-service,no-internet-service,no-internet-service,no-internet-service,no-internet-service,no-internet-service,month-to-month,yes,mailed-check,37.13,2505.07,0
CUST-00688,male,0,yes,no,17,yes,yes,fiber-optic,no,yes,no,no,yes,no,two-year,no,electronic-check,65.79,1138.63,0
CUST-00689,female,0,yes,yes,7,yes,yes,fiber-optic,no,no,no,no,no,yes,month-to-month,yes,electronic-check,86.27,558.0,1
CUST-00690,male,0,yes,yes,17,no,no-phone-service,no,no-internet-service,no-internet-service,no-internet-service,no-internet-service,no-internet-service,no-internet-service,month-to-month,no,mailed-check,18.22,294.85,0
CUST-00691,male,0,yes,no,60,yes,yes,fiber-optic,no,no,yes,no,no,yes,one-year,yes,electronic-check,86.39,5119.69,0
CUST-00692,male,0,yes,no,44,yes,no,fiber-optic,yes,yes,yes,yes,no,no,month-to-month,yes,electronic-check,98.22,4286.04,1
CUST-00693,male,0,no,no,60,yes,yes,fiber-optic,yes,yes,yes,yes,no,yes,month-to-month,yes,electronic-check,102.89,6168.92,0
CUST-00694,male,0,no,no,34,yes,yes,dsl,yes,no,no,no,yes,yes,month-to-month,yes,mailed-check,71.0,2403.91,1
CUST-00695,female,0,yes,no,9,yes,yes,no,no-internet-service,no-internet-service,no-internet-service,no-internet-service,no-internet-service,no-internet-service,two-year,yes,credit-card-automatic,18.0,310.56,0
CUST-00696,female,1,yes,no,28,yes,no,dsl,yes,no,yes,yes,yes,yes,one-year,no,bank-transfer-automatic,67.38,1884.53,0
CUST-00697,male,0,yes,no,15,yes,no,no,no-internet-service,no-internet-service,no-internet-service,no-internet-service,no-internet-service,no-internet-service,month-to-month,yes,bank-transfer-automatic,29.5,426.77,0
CUST-00698,male,1,no,no,41,yes,no,fiber-optic,yes,yes,yes,no,no,no,two-year,yes,credit-card-automatic,82.03,3175.96,0
CUST-00699,female,0,no,no,20,yes,yes,dsl,no,no,no,no,no,yes,one-year,no,bank-transfer-automatic,67.89,1375.79,0
CUST-00700,female,1,yes,no,70,yes,yes,fiber-optic,yes,no,yes,no,no,no,month-to-month,yes,mailed-check,77.88,5303.47,1
CUST-00701,male,1,no,no,28,yes,no,no,no-internet-service,no-internet-service,no-internet-service,no-internet-service,no-internet-service,no-internet-service,month-to-month,yes,bank-transfer-automatic,18.95,571.98,1
CUST-00702,male,0,no,no,23,yes,yes,no,no-internet-service,no-internet-service,no-internet-service,no-internet-service,no-internet-service,no-internet-service,month-to-month,no,mailed-check,18.48,435.72,0
CUST-00703,female,0,no,yes,71,yes,no,fiber-optic,yes,no,yes,no,no,yes,month-to-month,yes,electronic-check,74.67,5361.41,0
CUST-00704,female,1,no,no,38,yes,yes,dsl,yes,no,no,yes,yes,yes,one-year,yes,credit-card-automatic,57.69,2144.64,0
CUST-00705,female,1,no,no,13,yes,yes,dsl,yes,no,no,yes,yes,yes,month-to-month,no,bank-transfer-automatic,77.3,1006.92,0
CUST-00706,male,1,yes,no,35,yes,yes,fiber-optic,yes,no,no,no,yes,no,month-to-month,yes,electronic-check,70.24,2509.08,1
CUST-00707,female,0,yes,yes,19,no,no-phone-service,dsl,no,no,no,yes,no,yes,month-to-month,no,electronic-check,78.16,1415.32,1
CUST-00708,male,0,no,no,52,yes,no,no,no-internet-service,no-internet-service,no-internet-service,no-internet-service,no-internet-service,no-internet-service,month-to-month,yes,electronic-check,19.25,1046.75,0
CUST-00709,female,1,yes,no,42,yes,no,fiber-optic,yes,no,no,yes,no,no,two-year,yes,electronic-check,75.77,3224.66,0
CUST-00710,female,0,no,no,53,yes,no,fiber-optic,yes,no,no,no,no,yes,month-to-month,yes,mailed-check,85.36,4513.96,1
CUST-00711,male,0,yes,no,68,yes,no,no,no-internet-service,no-internet-service,no-internet-service,no-internet-service,no-internet-service,no-internet-service,month-to-month,no,electronic-check,18.0,1342.39,1
CUST-00712,male,0,yes,yes,53,yes,yes,fiber-optic,no,yes,no,yes,yes,yes,one-year,yes,bank-transfer-automatic,89.33,4773.16,0
CUST-00713,male,0,yes,no,25,yes,no,fiber-optic,yes,no,no,yes,yes,no,one-year,yes,electronic-check,85.36,2008.44,1
CUST-00714,male,0,no,no,15,yes,yes,dsl,yes,no,yes,no,yes,no,month-to-month,yes,bank-transfer-automatic,52.87,867.2,1
CUST-00715,male,0,yes,yes,39,yes,no,dsl,no,no,yes,no,no,yes,month-to-month,yes,electronic-check,52.95,2015.69,0
CUST-00716,male,0,yes,no,33,yes,yes,fiber-optic,no,yes,no,yes,yes,yes,one-year,yes,electronic-check,104.21,3498.76,1
CUST-00717,male,0,yes,no,23,yes,no,fiber-optic,no,yes,yes,yes,no,no,month-to-month,no,credit-card-automatic,88.47,2056.97,1
CUST-00718,female,1,no,yes,59,yes,no,dsl,yes,no,no,no,yes,no,one-year,no,electronic-check,63.2,3530.67,1
CUST-00719,female,0,no,no,66,yes,no,dsl,yes,no,no,yes,yes,yes,one-year,yes,credit-card-automatic,61.71,4118.22,0
CUST-00720,male,0,yes,no,28,yes,no,dsl,yes,yes,yes,no,no,no,one-year,yes,bank-transfer-automatic,52.41,1450.86,0
CUST-00721,female,0,no,no,50,yes,no,no,no-internet-service,no-internet-service,no-internet-service,no-internet-service,no-internet-service,no-internet-service,two-year,yes,mailed-check,18.07,869.04,0
CUST-00722,male,1,yes,no,71,yes,no,fiber-optic,no,no,no,no,yes,yes,two-year,yes,bank-transfer-automatic,64.34,4536.48,0
CUST-00723,male,0,no,yes,1,yes,no,no,no-internet-service,no-internet-service,no-internet-service,no-internet-service,no-internet-service,no-internet-service,month-to-month,yes,credit-card-automatic,18.0,77.17,1
CUST-00724,female,0,yes,no,27,yes,yes,dsl,no,yes,no,no,no,no,two-year,no,credit-card-automatic,42.98,1091.36,0
CUST-00725,male,0,no,no,54,no,no-phone-service,no,no-internet-service,no-internet-service,no-internet-service,no-internet-service,no-internet-service,no-internet-service,one-year,yes,credit-card-automatic,18.0,1055.5,0
CUST-00726,female,0,no,yes,36,no,no-phone-service,fiber-optic,no,no,yes,yes,yes,yes,month-to-month,yes,credit-card-automatic,97.19,3384.87,1
CUST-00727,male,0,no,no,58,yes,no,fiber-optic,yes,yes,yes,yes,no,yes,two-year,no,credit-card-automatic,95.96,5587.86,1
CUST-00728,female,1,yes,yes,35,yes,no,dsl,yes,yes,yes,no,yes,yes,two-year,yes,credit-card-automatic,70.04,2509.33,0
CUST-00729,female,0,no,no,5,yes,yes,no,no-internet-service,no-internet-service,no-internet-service,no-internet-service,no-internet-service,no-internet-service,one-year,no,bank-transfer-automatic,25.37,182.94,0
CUST-00730,male,0,no,no,32,yes,no,no,no-internet-service,no-internet-service,no-internet-service,no-internet-service,no-internet-service,no-internet-service,month-to-month,no,credit-card-automatic,18.0,589.81,0
CUST-00731,male,1,yes,no,30,yes,no,fiber-optic,yes,no,yes,yes,no,yes,month-to-month,yes,electronic-check,83.25,2481.99,0
CUST-00732,female,0,no,no,61,yes,no,dsl,yes,yes,no,no,no,yes,two-year,no,bank-transfer-automatic,71.94,4347.09,0
CUST-00733,male,1,no,yes,11,yes,no,fiber-optic,no,no,no,yes,yes,yes,two-year,yes,bank-transfer-automatic,107.25,1088.07,1
CUST-00734,male,0,yes,no,12,no,no-phone-service,dsl,no,no,yes,yes,no,yes,month-to-month,yes,bank-transfer-automatic,68.47,770.21,1
CUST-00735,female,0,no,no,11,yes,no,no,no-internet-service,no-internet-service,no-internet-service,no-internet-service,no-internet-service,no-internet-service,month-to-month,no,electronic-check,23.77,189.37,1
CUST-00736,male,1,yes,no,41,yes,yes,dsl,no,no,yes,no,yes,no,one-year,no,bank-transfer-automatic,55.35,2184.95,0
CUST-00737,male,0,no,no,72,yes,yes,fiber-optic,no,no,no,no,no,yes,month-to-month,yes,mailed-check,72.53,5357.44,1
CUST-00738,female,0,yes,yes,45,yes,no,no,no-internet-service,no-internet-service,no-internet-service,no-internet-service,no-internet-service,no-internet-service,one-year,yes,electronic-check,21.82,852.94,0
CUST-00739,male,1,yes,yes,59,yes,yes,fiber-optic,yes,no,no,no,no,yes,two-year,no,credit-card-automatic,94.98,5688.23,0
CUST-00740,male,0,no,yes,62,yes,yes,dsl,yes,yes,no,yes,no,yes,month-to-month,yes,electronic-check,71.41,4334.68,0
CUST-00741,male,0,no,yes,44,no,no-phone-service,dsl,no,no,no,yes,yes,yes,one-year,yes,bank-transfer-automatic,70.66,3032.38,0
CUST-00742,male,0,no,yes,44,yes,yes,dsl,yes,no,yes,yes,yes,yes,month-to-month,yes,electronic-check,65.67,2811.59,0
CUST-00743,male,0,no,no,18,yes,no,dsl,no,yes,no,yes,yes,no,month-to-month,yes,bank-transfer-automatic,67.94,1139.63,1
CUST-00744,female,0,yes,no,70,yes,yes,dsl,no,yes,no,no,no,yes,month-to-month,yes,electronic-check,52.63,3753.31,0
CUST-00745,male,0,yes,no,57,yes,yes,fiber-optic,yes,yes,yes,yes,yes,yes,month-to-month,yes,electronic-check,103.12,5921.97,1
CUST-00746,female,0,yes,no,63,yes,no,fiber-optic,no,no,no,no,no,yes,one-year,yes,electronic-check,81.93,5144.15,0
CUST-00747,male,0,yes,no,71,yes,no,dsl,no,yes,no,no,no,yes,month-to-month,yes,electronic-check,53.75,4019.3,0
CUST-00748,female,0,no,no,26,yes,yes,dsl,no,yes,no,no,yes,no,two-year,no,mailed-check,49.86,1295.11,0
CUST-00749,female,1,no,no,11,yes,no,dsl,no,no,yes,yes,no,no,month-to-month,no,electronic-check,62.9,696.39,0
CUST-00750,female,0,no,no,62,yes,yes,fiber-optic,yes,no,no,no,yes,yes,two-year,yes,electronic-check,85.92,5275.62,0
CUST-00751,male,1,yes,no,35,yes,no,fiber-optic,yes,no,yes,yes,yes,yes,month-to-month,yes,mailed-check,100.09,3442.79,0
CUST-00752,female,0,yes,no,70,yes,yes,dsl,yes,no,no,yes,no,no,month-to-month,yes,credit-card-automatic,63.26,4388.22,1
CUST-00753,female,1,no,no,51,yes,yes,dsl,no,yes,yes,no,yes,no,month-to-month,no,credit-card-automatic,75.46,3912.34,1
CUST-00754,male,0,yes,no,19,yes,yes,dsl,yes,no,no,no,yes,yes,month-to-month,no,electronic-check,68.31,1340.72,0
CUST-00755,male,0,yes,no,26,yes,no,dsl,no,no,yes,no,no,yes,month-to-month,no,mailed-check,62.26,1715.56,1
CUST-00756,female,1,yes,no,44,yes,yes,fiber-optic,yes,yes,no,no,no,yes,two-year,no,credit-card-automatic,85.0,3686.22,0
CUST-00757,male,0,yes,no,29,yes,no,fiber-optic,no,no,yes,yes,no,yes,one-year,no,electronic-check,84.23,2486.88,0
CUST-00758,female,0,yes,yes,21,yes,no,fiber-optic,no,no,no,no,yes,yes,month-to-month,yes,bank-transfer-automatic,85.64,1821.35,1
CUST-00759,female,0,no,yes,16,no,no-phone-service,dsl,yes,yes,no,yes,yes,no,month-to-month,yes,credit-card-automatic,65.09,1074.01,0
CUST-00760,male,0,yes,no,47,no,no-phone-service,fiber-optic,no,yes,yes,no,yes,no,month-to-month,yes,credit-card-automatic,90.6,4193.42,0
CUST-00761,female,0,no,yes,3,yes,yes,fiber-optic,no,yes,no,no,yes,yes,two-year,yes,credit-card-automatic,80.48,163.54,1
CUST-00762,male,0,no,no,7,yes,yes,no,no-internet-service,no-internet-service,no-internet-service,no-internet-service,no-internet-service,no-internet-service,one-year,no,credit-card-automatic,35.43,288.45,0
CUST-00763,male,0,no,yes,4,yes,yes,fiber-optic,no,yes,yes,yes,yes,yes,month-to-month,yes,bank-transfer-automatic,98.55,459.66,1
CUST-00764,male,0,yes,no,53,yes,yes,dsl,no,no,yes,yes,no,yes,month-to-month,yes,electronic-check,64.02,3346.69,0
CUST-00765,female,0,yes,yes,3,yes,yes,fiber-optic,no,yes,yes,no,yes,no,month-to-month,yes,bank-transfer-automatic,83.14,295.1,1
CUST-00766,male,0,yes,no,31,yes,no,fiber-optic,no,no,yes,yes,no,yes,month-to-month,yes,electronic-check,102.3,3261.25,1
CUST-00767,male,0,yes,no,9,yes,no,fiber-optic,yes,no,no,no,yes,no,month-to-month,yes,bank-transfer-automatic,71.97,620.6,1
CUST-00768,female,0,yes,yes,43,yes,no,no,no-internet-service,no-internet-service,no-internet-service,no-internet-service,no-internet-service,no-internet-service,month-to-month,yes,electronic-check,18.0,666.09,0
CUST-00769,female,0,no,yes,3,yes,yes,dsl,yes,yes,no,no,yes,yes,two-year,yes,credit-card-automatic,74.83,125.96,0
CUST-00770,female,0,yes,no,2,yes,no,dsl,no,no,no,yes,no,yes,month-to-month,yes,credit-card-automatic,59.92,69.1,0
CUST-00771,male,0,yes,no,30,yes,yes,no,no-internet-service,no-internet-service,no-internet-service,no-internet-service,no-internet-service,no-internet-service,two-year,yes,bank-transfer-automatic,18.0,506.55,0
CUST-00772,male,0,yes,no,51,yes,no,fiber-optic,no,yes,no,no,no,no,one-year,yes,bank-transfer-automatic,72.62,3700.91,0
CUST-00773,female,0,no,no,8,yes,no,dsl,yes,no,no,yes,yes,yes,month-to-month,yes,credit-card-automatic,65.67,524.17,0
CUST-00774,male,0,no,no,36,yes,yes,fiber-optic,yes,no,no,yes,no,no,month-to-month,no,mailed-check,82.82,2961.09,0
CUST-00775,male,0,no,yes,59,yes,no,dsl,yes,no,no,no,no,yes,month-to-month,yes,mailed-check,70.43,4206.31,0
CUST-00776,male,0,no,no,46,yes,no,no,no-internet-service,no-internet-service,no-internet-service,no-internet-service,no-internet-service,no-internet-service,one-year,yes,mailed-check,24.84,1085.58,0
CUST-00777,female,0,no,no,55,yes,no,fiber-optic,yes,no,no,no,no,yes,month-to-month,no,electronic-check,90.19,5055.3,0
CUST-00778,female,0,no,yes,23,yes,no,no,no-internet-service,no-internet-service,no-internet-service,no-internet-service,no-internet-service,no-internet-service,two-year,no,electronic-check,18.0,484.5,0
CUST-00779,female,0,yes,no,68,yes,yes,dsl,yes,yes,no,no,no,no,one-year,yes,bank-transfer-automatic,62.13,4289.85,0
CUST-00780,male,0,no,no,11,yes,no,fiber-optic,yes,no,yes,no,no,yes,month-to-month,yes,electronic-check,74.56,770.7,1
CUST-00781,male,0,no,yes,44,yes,yes,fiber-optic,yes,no,no,no,yes,yes,month-to-month,no,bank-transfer-automatic,88.46,3883.51,0
CUST-00782,male,0,yes,yes,32,yes,yes,dsl,yes,no,yes,yes,yes,yes,month-to-month,yes,electronic-check,73.94,2420.29,1
CUST-00783,female,0,no,yes,3,yes,no,dsl,no,no,no,yes,yes,no,month-to-month,no,bank-transfer-automatic,72.57,202.72,1
CUST-00784,female,0,no,yes,68,yes,yes,fiber-optic,yes,no,no,no,yes,no,month-to-month,yes,electronic-check,94.46,6370.84,0
CUST-00785,female,0,no,yes,51,no,no-phone-service,dsl,no,no,yes,no,yes,yes,two-year,no,mailed-check,60.93,3051.99,0
CUST-00786,male,0,yes,no,17,yes,no,fiber-optic,no,no,yes,no,yes,no,month-to-month,no,bank-transfer-automatic,75.46,1231.03,1
CUST-00787,female,1,no,yes,4,yes,no,no,no-internet-service,no-internet-service,no-internet-service,no-internet-service,no-internet-service,no-internet-service,month-to-month,no,electronic-check,18.0,0.0,1
CUST-00788,male,0,no,no,49,yes,no,fiber-optic,no,yes,yes,yes,no,no,one-year,no,credit-card-automatic,84.64,4362.64,1
CUST-00789,male,0,yes,no,40,yes,no,dsl,yes,no,yes,no,no,no,one-year,yes,credit-card-automatic,68.41,2589.98,0
CUST-00790,female,0,yes,no,4,yes,no,dsl,no,yes,yes,no,no,no,month-to-month,yes,mailed-check,61.32,171.72,0
CUST-00791,female,0,yes,no,71,no,no-phone-service,dsl,no,no,yes,no,yes,no,month-to-month,yes,credit-card-automatic,62.14,4456.64,0
CUST-00792,female,0,yes,yes,52,yes,no,no,no-internet-service,no-internet-service,no-internet-service,no-internet-service,no-internet-service,no-internet-service,one-year,yes,credit-card-automatic,26.49,1326.37,0
CUST-00793,male,0,no,yes,34,yes,no,no,no-internet-service,no-internet-service,no-internet-service,no-internet-service,no-internet-service,no-internet-service,month-to-month,yes,electronic-check,18.0,585.62,1
CUST-00794,male,1,no,yes,18,no,no-phone-service,fiber-optic,yes,no,yes,yes,no,yes,month-to-month,yes,bank-transfer-automatic,88.33,1619.58,1
CUST-00795,female,1,yes,no,20,yes,yes,fiber-optic,no,yes,yes,no,yes,yes,one-year,yes,electronic-check,98.16,2040.63,0
CUST-00796,female,0,yes,no,33,yes,yes,dsl,no,yes,no,no,no,no,one-year,yes,mailed-check,46.77,1522.9,0
CUST-00797,male,0,no,no,5,yes,no,fiber-optic,yes,no,yes,yes,yes,no,month-to-month,no,bank-transfer-automatic,79.79,468.1,0
CUST-00798,female,0,yes,no,27,yes,yes,dsl,yes,yes,yes,no,no,no,month-to-month,no,mailed-check,54.34,1339.87,0
CUST-00799,female,0,no,no,16,no,no-phone-service,fiber-optic,no,no,no,yes,no,no,one-year,yes,bank-transfer-automatic,85.43,1321.43,0
CUST-00800,female,0,yes,yes,9,yes,no,no,no-internet-service,no-internet-service,no-internet-service,no-internet-service,no-internet-service,no-internet-service,month-to-month,no,electronic-check,18.0,199.11,0
CUST-00801,female,1,yes,no,10,yes,no,dsl,no,yes,yes,no,no,no,two-year,yes,electronic-check,61.81,766.09,1
CUST-00802,female,0,no,yes,25,yes,no,dsl,yes,no,no,no,yes,no,month-to-month,yes,electronic-check,49.74,1171.1,1
CUST-00803,male,0,yes,no,28,yes,no,fiber-optic,yes,no,yes,no,yes,yes,one-year,no,electronic-check,95.04,2575.51,1
CUST-00804,male,1,no,no,26,yes,no,no,no-internet-service,no-internet-service,no-internet-service,no-internet-service,no-internet-service,no-internet-service,two-year,yes,electronic-check,19.84,541.45,0
CUST-00805,male,0,yes,yes,50,yes,no,dsl,no,yes,yes,no,no,yes,month-to-month,yes,mailed-check,66.57,3332.49,1
CUST-00806,male,0,no,no,38,yes,yes,dsl,no,no,no,yes,no,no,one-year,no,credit-card-automatic,49.18,1814.96,1
CUST-00807,male,1,no,no,14,yes,no,dsl,no,no,no,no,no,no,month-to-month,yes,bank-transfer-automatic,54.03,665.17,0
CUST-00808,female,0,no,yes,71,yes,yes,fiber-optic,yes,no,no,no,no,no,one-year,yes,credit-card-automatic,72.78,5128.84,0
CUST-00809,female,0,yes,no,53,yes,yes,fiber-optic,yes,yes,no,no,yes,no,two-year,yes,electronic-check,86.36,4616.17,1
CUST-00810,male,0,no,no,34,no,no-phone-service,fiber-optic,yes,yes,no,no,no,no,two-year,yes,credit-card-automatic,79.83,2689.23,0
CUST-00811,female,1,no,yes,4,yes,no,dsl,yes,no,yes,yes,yes,no,month-to-month,yes,electronic-check,70.21,368.68,1
CUST-00812,male,0,yes,yes,66,yes,no,dsl,yes,no,no,yes,no,no,two-year,no,mailed-check,60.23,3964.98,0
CUST-00813,male,0,yes,yes,54,yes,yes,fiber-optic,no,yes,yes,no,yes,no,two-year,yes,bank-transfer-automatic,83.04,4529.27,0
CUST-00814,female,0,no,yes,34,yes,no,no,no-internet-service,no-internet-service,no-internet-service,no-internet-service,no-internet-service,no-internet-service,month-to-month,yes,electronic-check,19.04,668.25,0
CUST-00815,male,0,yes,no,12,yes,yes,fiber-optic,yes,no,no,no,no,no,two-year,no,bank-transfer-automatic,78.49,911.6,1
CUST-00816,male,1,no,no,8,yes,yes,dsl,no,no,no,yes,yes,no,month-to-month,yes,credit-card-automatic,64.06,574.96,1
CUST-00817,female,0,no,no,21,yes,yes,dsl,yes,no,yes,yes,no,no,two-year,yes,electronic-check,62.39,1218.89,0
CUST-00818,female,1,yes,no,17,yes,yes,fiber-optic,no,no,no,no,no,yes,two-year,no,electronic-check,71.9,1180.78,0
CUST-00819,male,0,no,no,16,yes,no,fiber-optic,yes,no,yes,yes,yes,yes,month-to-month,no,electronic-check,97.69,1532.0,1
CUST-00820,male,0,no,no,30,yes,yes,dsl,yes,no,yes,no,yes,no,month-to-month,yes,bank-transfer-automatic,68.36,2079.42,0
CUST-00821,female,1,yes,no,4,no,no-phone-service,dsl,no,no,no,no,no,no,two-year,yes,mailed-check,39.33,204.63,1
CUST-00822,male,0,no,yes,24,yes,yes,fiber-optic,no,yes,yes,no,yes,no,month-to-month,no,bank-transfer-automatic,76.43,1773.18,1
CUST-00823,female,0,yes,no,63,yes,no,dsl,no,no,yes,no,yes,no,month-to-month,yes,electronic-check,52.7,3248.39,0
CUST-00824,male,1,yes,no,63,yes,no,dsl,no,no,no,no,no,no,month-to-month,yes,electronic-check,48.46,3058.87,1
CUST-00825,male,0,no,no,1,yes,no,fiber-optic,yes,no,yes,yes,no,yes,month-to-month,yes,credit-card-automatic,74.42,0.0,1
CUST-00826,female,0,yes,no,49,yes,no,dsl,no,yes,yes,yes,yes,no,month-to-month,yes,electronic-check,72.59,3632.5,0
CUST-00827,male,1,no,yes,72,yes,no,fiber-optic,yes,no,no,yes,no,yes,month-to-month,no,credit-card-automatic,87.54,6286.09,1
CUST-00828,male,0,yes,no,42,yes,yes,no,no-internet-service,no-internet-service,no-internet-service,no-internet-service,no-internet-service,no-internet-service,two-year,yes,electronic-check,18.0,668.28,0
CUST-00829,male,0,no,yes,29,yes,yes,dsl,yes,yes,yes,no,no,yes,one-year,yes,electronic-check,59.09,1624.41,0
CUST-00830,female,0,yes,no,36,yes,no,fiber-optic,yes,no,no,no,no,no,two-year,yes,credit-card-automatic,74.6,2709.09,0
CUST-00831,female,0,no,no,16,yes,yes,dsl,yes,yes,yes,no,yes,yes,month-to-month,no,electronic-check,58.82,962.58,1
CUST-00832,female,0,no,no,29,yes,no,fiber-optic,no,yes,no,no,yes,yes,one-year,yes,bank-transfer-automatic,94.76,2690.41,1
CUST-00833,female,0,no,no,68,yes,no,no,no-internet-service,no-internet-service,no-internet-service,no-internet-service,no-internet-service,no-internet-service,month-to-month,no,bank-transfer-automatic,21.49,1452.78,0
CUST-00834,female,0,no,yes,45,yes,yes,dsl,no,no,no,yes,no,no,one-year,no,bank-transfer-automatic,58.43,2544.66,1
CUST-00835,male,0,no,no,32,yes,no,fiber-optic,yes,yes,yes,no,no,no,two-year,no,mailed-check,78.77,2501.26,1
CUST-00836,male,0,no,no,9,yes,yes,dsl,no,no,yes,no,no,no,month-to-month,yes,bank-transfer-automatic,56.29,617.28,0
CUST-00837,male,0,no,no,66,yes,yes,fiber-optic,yes,no,no,no,yes,no,two-year,no,bank-transfer-automatic,76.71,5222.65,0
CUST-00838,female,0,no,yes,12,yes,no,no,no-internet-service,no-internet-service,no-internet-service,no-internet-service,no-internet-service,no-internet-service,two-year,yes,bank-transfer-automatic,18.46,205.64,0
CUST-00839,female,0,no,yes,52,yes,no,no,no-internet-service,no-internet-service,no-internet-service,no-internet-service,no-internet-service,no-internet-service,month-to-month,no,bank-transfer-automatic,22.82,1219.03,0
CUST-00840,male,0,no,no,22,yes,yes,dsl,no,no,no,yes,no,no,two-year,yes,credit-card-automatic,52.44,1183.11,0
CUST-00841,female,0,yes,no,21,yes,yes,dsl,yes,yes,no,no,no,no,two-year,yes,credit-card-automatic,64.47,1224.79,0
CUST-00842,male,1,no,no,13,yes,yes,dsl,no,yes,yes,no,no,yes,month-to-month,yes,electronic-check,66.11,773.19,1
CUST-00843,male,0,no,no,28,yes,yes,fiber-optic,yes,yes,no,no,yes,no,month-to-month,no,credit-card-automatic,83.29,2158.45,1
CUST-00844,female,0,yes,no,49,yes,yes,fiber-optic,no,no,no,yes,no,yes,one-year,yes,credit-card-automatic,88.74,4381.94,0
CUST-00845,female,1,yes,no,30,yes,yes,no,no-internet-service,no-internet-service,no-internet-service,no-internet-service,no-internet-service,no-internet-service,one-year,yes,mailed-check,30.43,1058.8,0
CUST-00846,female,0,no,yes,2,no,no-phone-service,fiber-optic,yes,no,no,yes,yes,yes,month-to-month,no,bank-transfer-automatic,92.7,265.34,0
CUST-00847,female,0,yes,no,20,yes,no,fiber-optic,no,no,yes,yes,yes,yes,month-to-month,yes,electronic-check,102.69,2057.14,0
CUST-00848,female,0,yes,no,12,yes,no,fiber-optic,no,no,no,no,yes,yes,month-to-month,yes,credit-card-automatic,80.12,954.2,1
CUST-00849,male,0,yes,yes,29,yes,no,no,no-internet-service,no-internet-service,no-internet-service,no-internet-service,no-internet-service,no-internet-service,month-to-month,yes,bank-transfer-automatic,18.98,523.99,0
CUST-00850,male,0,yes,yes,65,yes,no,no,no-internet-service,no-internet-service,no-internet-service,no-internet-service,no-internet-service,no-internet-service,month-to-month,no,bank-transfer-automatic,20.04,1382.08,0
CUST-00851,male,0,no,no,70,yes,no,fiber-optic,yes,yes,no,yes,yes,no,month-to-month,yes,bank-transfer-automatic,90.96,6383.37,1
CUST-00852,male,0,no,yes,72,yes,no,fiber-optic,no,no,yes,yes,yes,yes,two-year,no,electronic-check,89.52,6450.12,0
CUST-00853,male,0,no,no,9,yes,no,dsl,no,no,yes,no,no,no,month-to-month,no,mailed-check,47.28,342.77,0
CUST-00854,female,1,no,yes,36,yes,no,fiber-optic,no,no,yes,no,no,yes,one-year,no,mailed-check,76.05,2782.88,0
CUST-00855,female,0,no,yes,4,yes,no,no,no-internet-service,no-internet-service,no-internet-service,no-internet-service,no-internet-service,no-internet-service,one-year,yes,mailed-check,20.89,72.31,0
CUST-00856,male,0,yes,yes,36,yes,no,no,no-internet-service,no-internet-service,no-internet-service,no-internet-service,no-internet-service,no-internet-service,two-year,yes,bank-transfer-automatic,29.59,1095.01,0
CUST-00857,female,0,no,no,42,yes,yes,dsl,yes,yes,no,no,yes,no,two-year,no,electronic-check,69.51,2994.35,0
CUST-00858,female,1,yes,no,56,yes,yes,fiber-optic,yes,yes,no,yes,yes,no,two-year,yes,mailed-check,97.1,5314.98,1
CUST-00859,male,0,yes,no,25,yes,yes,dsl,yes,yes,no,yes,no,yes,month-to-month,yes,electronic-check,77.99,1927.58,0
CUST-00860,male,0,no,yes,3,yes,yes,no,no-internet-service,no-internet-service,no-internet-service,no-internet-service,no-internet-service,no-internet-service,month-to-month,no,electronic-check,20.15,27.4,0
CUST-00861,male,0,no,no,33,yes,yes,fiber-optic,no,yes,yes,yes,yes,yes,month-to-month,yes,bank-transfer-automatic,89.09,2900.31,1
CUST-00862,male,0,yes,no,31,yes,yes,no,no-internet-service,no-internet-service,no-internet-service,no-internet-service,no-internet-service,no-internet-service,month-to-month,yes,credit-card-automatic,18.0,474.23,0
CUST-00863,female,0,no,no,45,yes,yes,fiber-optic,yes,yes,no,no,yes,yes,month-to-month,yes,bank-transfer-automatic,91.51,4063.39,0
CUST-00864,male,0,yes,no,8,yes,no,no,no-internet-service,no-internet-service,no-internet-service,no-internet-service,no-internet-service,no-internet-service,month-to-month,no,bank-transfer-automatic,18.0,61.62,0
CUST-00865,male,0,yes,no,45,yes,yes,dsl,yes,yes,no,yes,no,yes,month-to-month,yes,electronic-check,72.88,3341.47,1
CUST-00866,male,1,yes,no,29,yes,yes,fiber-optic,yes,yes,no,no,no,yes,month-to-month,yes,bank-transfer-automatic,96.48,2826.23,1
CUST-00867,male,0,yes,no,54,yes,yes,dsl,no,yes,no,no,no,yes,one-year,yes,mailed-check,44.14,2406.67,0
CUST-00868,male,0,no,no,71,yes,yes,fiber-optic,no,yes,no,no,no,yes,two-year,no,mailed-check,80.84,5595.12,0
CUST-00869,female,0,yes,yes,17,yes,no,fiber-optic,yes,yes,no,no,no,yes,month-to-month,yes,electronic-check,63.78,1230.42,1
CUST-00870,female,0,no,no,55,no,no-phone-service,no,no-internet-service,no-internet-service,no-internet-service,no-internet-service,no-internet-service,no-internet-service,month-to-month,yes,credit-card-automatic,19.27,1029.21,1
CUST-00871,female,0,yes,no,10,yes,yes,fiber-optic,no,yes,yes,no,no,yes,month-to-month,no,electronic-check,86.18,992.65,1
CUST-00872,female,0,no,yes,71,yes,no,no,no-internet-service,no-internet-service,no-internet-service,no-internet-service,no-internet-service,no-internet-service,month-to-month,yes,bank-transfer-automatic,34.21,2485.09,1
CUST-00873,female,0,no,no,35,yes,yes,fiber-optic,no,no,no,yes,yes,no,two-year,yes,bank-transfer-automatic,93.81,3265.98,0
CUST-00874,female,0,no,no,54,yes,no,dsl,no,yes,yes,no,no,yes,month-to-month,yes,credit-card-automatic,70.46,3958.08,1
CUST-00875,male,0,yes,yes,56,no,no-phone-service,no,no-internet-service,no-internet-service,no-internet-service,no-internet-service,no-internet-service,no-internet-service,month-to-month,yes,electronic-check,18.0,1050.55,1
CUST-00876,male,0,no,no,44,yes,no,dsl,no,yes,no,yes,yes,no,one-year,yes,bank-transfer-automatic,54.86,2396.71,0
CUST-00877,male,0,no,no,28,yes,yes,no,no-internet-service,no-internet-service,no-internet-service,no-internet-service,no-internet-service,no-internet-service,month-to-month,yes,bank-transfer-automatic,18.0,474.67,0
CUST-00878,male,0,yes,no,55,yes,no,no,no-internet-service,no-internet-service,no-internet-service,no-internet-service,no-internet-service,no-internet-service,month-to-month,yes,credit-card-automatic,32.21,1848.95,0
CUST-00879,male,0,yes,no,35,yes,no,dsl,no,no,yes,no,yes,yes,month-to-month,no,electronic-check,55.72,1909.96,1
CUST-00880,male,0,yes,no,48,yes,no,dsl,no,yes,no,no,yes,yes,month-to-month,no,credit-card-automatic,59.92,2847.77,0
CUST-00881,female,0,yes,no,45,yes,yes,fiber-optic,yes,no,no,no,no,yes,month-to-month,yes,mailed-check,74.8,3321.23,1
CUST-00882,male,0,yes,no,34,yes,no,fiber-optic,yes,yes,no,no,no,no,one-year,yes,credit-card-automatic,71.93,2388.95,1
CUST-00883,female,1,yes,yes,9,yes,yes,fiber-optic,yes,no,yes,yes,no,yes,month-to-month,yes,bank-transfer-automatic,96.66,817.86,0
CUST-00884,female,1,yes,no,22,yes,yes,dsl,no,yes,yes,no,no,yes,month-to-month,no,electronic-check,66.23,1589.99,0
CUST-00885,male,0,no,no,68,yes,no,dsl,no,no,no,no,yes,no,one-year,yes,credit-card-automatic,35.2,2469.17,0
CUST-00886,male,0,yes,no,38,yes,no,dsl,yes,yes,yes,yes,no,no,one-year,yes,electronic-check,57.58,2205.69,0
CUST-00887,female,0,yes,yes,46,yes,yes,no,no-internet-service,no-internet-service,no-internet-service,no-internet-service,no-internet-service,no-internet-service,month-to-month,no,credit-card-automatic,22.04,972.78,0
CUST-00888,female,0,no,yes,19,yes,no,fiber-optic,yes,yes,yes,no,yes,yes,two-year,yes,electronic-check,96.42,1790.63,0
CUST-00889,female,0,yes,no,51,yes,no,no,no-internet-service,no-internet-service,no-internet-service,no-internet-service,no-internet-service,no-internet-service,one-year,yes,credit-card-automatic,18.0,890.5,0
CUST-00890,female,1,yes,yes,36,yes,no,fiber-optic,no,no,no,no,yes,no,two-year,yes,credit-card-automatic,83.85,3152.77,0
CUST-00891,female,1,yes,no,16,yes,no,fiber-optic,yes,no,yes,no,no,no,month-to-month,no,mailed-check,72.46,1181.18,1
CUST-00892,male,0,yes,no,11,yes,no,dsl,yes,yes,yes,yes,yes,yes,month-to-month,no,credit-card-automatic,73.24,861.71,1
CUST-00893,male,0,yes,no,29,yes,no,fiber-optic,yes,yes,no,no,no,yes,month-to-month,yes,electronic-check,91.14,2658.05,0
CUST-00894,male,0,yes,yes,41,yes,yes,dsl,no,no,yes,no,yes,yes,month-to-month,yes,electronic-check,57.81,2303.79,0
CUST-00895,male,0,yes,no,21,yes,yes,dsl,yes,no,yes,no,no,no,month-to-month,no,electronic-check,60.5,1278.19,0
CUST-00896,male,1,no,no,18,no,no-phone-service,dsl,no,no,no,no,no,yes,month-to-month,yes,bank-transfer-automatic,45.83,744.25,0
CUST-00897,male,0,no,no,20,yes,yes,fiber-optic,no,no,yes,yes,yes,yes,two-year,yes,bank-transfer-automatic,85.41,1797.85,0
CUST-00898,female,1,yes,no,22,yes,yes,fiber-optic,no,no,no,no,no,yes,two-year,no,bank-transfer-automatic,64.74,1368.13,1
CUST-00899,female,0,yes,no,54,yes,no,fiber-optic,no,no,yes,yes,no,no,month-to-month,no,mailed-check,65.54,3496.27,0
CUST-00900,male,0,yes,no,36,yes,yes,dsl,no,yes,yes,no,yes,yes,month-to-month,yes,electronic-check,64.19,2371.83,1
CUST-00901,female,0,no,no,34,yes,yes,fiber-optic,no,no,yes,no,no,yes,month-to-month,yes,credit-card-automatic,85.6,2858.03,1
CUST-00902,female,0,no,no,12,yes,no,fiber-optic,no,no,no,yes,yes,no,one-year,no,electronic-check,81.08,956.53,1
CUST-00903,female,0,yes,no,40,yes,yes,no,no-internet-service,no-internet-service,no-internet-service,no-internet-service,no-internet-service,no-internet-service,month-to-month,yes,electronic-check,29.28,973.37,1
CUST-00904,male,0,yes,no,70,yes,no,no,no-internet-service,no-internet-service,no-internet-service,no-internet-service,no-internet-service,no-internet-service,one-year,yes,credit-card-automatic,18.0,1235.81,0
CUST-00905,female,0,yes,no,54,yes,yes,dsl,yes,yes,yes,no,no,no,month-to-month,no,bank-transfer-automatic,46.04,2530.73,0
CUST-00906,male,1,no,no,33,yes,no,fiber-optic,no,yes,yes,no,yes,yes,one-year,yes,mailed-check,96.75,3145.77,1
CUST-00907,female,0,no,no,23,yes,yes,dsl,yes,no,no,yes,no,yes,two-year,yes,electronic-check,54.37,1292.46,0
CUST-00908,female,0,yes,no,26,yes,no,fiber-optic,no,no,yes,yes,no,yes,month-to-month,no,credit-card-automatic,88.01,2287.05,1
CUST-00909,female,0,no,yes,2,yes,yes,fiber-optic,yes,yes,no,yes,no,yes,two-year,no,mailed-check,73.72,229.03,0
CUST-00910,female,0,yes,yes,3,no,no-phone-service,fiber-optic,no,no,no,no,no,yes,two-year,no,bank-transfer-automatic,74.8,169.28,1
CUST-00911,male,0,no,no,56,yes,no,no,no-internet-service,no-internet-service,no-internet-service,no-internet-service,no-internet-service,no-internet-service,month-to-month,yes,bank-transfer-automatic,25.62,1416.6,0
CUST-00912,female,0,no,no,61,yes,yes,dsl,no,no,no,no,no,yes,month-to-month,no,credit-card-automatic,57.64,3405.82,1
CUST-00913,female,0,yes,no,70,yes,no,fiber-optic,no,no,no,no,yes,no,one-year,yes,credit-card-automatic,74.99,5242.39,0
CUST-00914,male,0,yes,no,46,yes,yes,dsl,yes,no,yes,no,no,yes,month-to-month,yes,bank-transfer-automatic,62.59,2847.52,0
CUST-00915,male,1,no,no,67,no,no-phone-service,no,no-internet-service,no-internet-service,no-internet-service,no-internet-service,no-internet-service,no-internet-service,two-year,yes,electronic-check,18.02,1279.35,0
CUST-00916,female,0,yes,no,30,no,no-phone-service,fiber-optic,no,yes,yes,yes,yes,no,month-to-month,yes,credit-card-automatic,89.61,2641.44,0
CUST-00917,male,1,no,no,19,yes,no,dsl,yes,no,yes,no,no,yes,one-year,yes,electronic-check,70.01,1298.41,0
CUST-00918,male,0,yes,yes,18,yes,yes,fiber-optic,no,yes,no,yes,yes,yes,one-year,no,bank-transfer-automatic,86.0,1497.36,0
CUST-00919,female,0,no,no,18,yes,yes,fiber-optic,no,yes,yes,no,no,no,month-to-month,yes,credit-card-automatic,76.78,1384.08,1
CUST-00920,male,0,yes,yes,54,yes,no,no,no-internet-service,no-internet-service,no-internet-service,no-internet-service,no-internet-service,no-internet-service,month-to-month,yes,electronic-check,18.0,1121.14,0
CUST-00921,male,0,yes,no,1,yes,yes,fiber-optic,no,no,yes,no,no,yes,two-year,no,credit-card-automatic,87.17,0.0,0
CUST-00922,male,0,yes,no,69,yes,no,dsl,yes,yes,yes,no,yes,yes,month-to-month,yes,electronic-check,70.44,4856.77,0
CUST-00923,female,0,yes,no,56,yes,no,fiber-optic,no,no,no,no,yes,no,month-to-month,yes,bank-transfer-automatic,66.9,3834.48,1
CUST-00924,female,0,yes,no,28,yes,no,dsl,yes,yes,no,no,no,no,two-year,no,mailed-check,64.58,1769.65,0
CUST-00925,female,0,no,no,51,yes,no,dsl,no,no,no,no,yes,no,month-to-month,yes,electronic-check,52.19,2701.21,0
CUST-00926,male,0,yes,yes,10,yes,yes,no,no-internet-service,no-internet-service,no-internet-service,no-internet-service,no-internet-service,no-internet-service,two-year,yes,electronic-check,18.0,268.3,0
CUST-00927,male,0,yes,yes,32,yes,no,dsl,no,yes,yes,no,no,no,month-to-month,yes,mailed-check,64.7,2049.69,1
CUST-00928,female,0,yes,no,8,no,no-phone-service,dsl,no,no,yes,yes,no,no,one-year,no,mailed-check,54.83,389.7,1
CUST-00929,female,0,yes,no,9,yes,yes,fiber-optic,no,no,no,yes,no,yes,one-year,yes,bank-transfer-automatic,69.01,691.25,1
CUST-00930,male,1,no,no,1,yes,no,fiber-optic,no,yes,yes,no,yes,no,month-to-month,no,credit-card-automatic,96.23,133.38,1
CUST-00931,male,0,no,yes,58,yes,no,dsl,no,no,no,yes,yes,yes,month-to-month,no,electronic-check,55.84,3234.04,1
CUST-00932,male,1,yes,no,54,yes,no,dsl,no,no,yes,yes,no,yes,month-to-month,yes,mailed-check,88.73,4837.26,1
CUST-00933,female,1,no,no,65,yes,yes,fiber-optic,no,no,no,no,no,no,one-year,no,credit-card-automatic,70.0,4622.02,1
CUST-00934,male,0,no,no,71,yes,no,no,no-internet-service,no-internet-service,no-internet-service,no-internet-service,no-internet-service,no-internet-service,month-to-month,yes,credit-card-automatic,18.0,1274.02,0
CUST-00935,female,0,no,yes,70,yes,no,fiber-optic,no,no,no,no,yes,no,month-to-month,no,bank-transfer-automatic,90.6,6364.91,0
CUST-00936,male,0,yes,no,72,yes,no,fiber-optic,no,no,yes,yes,no,no,one-year,no,bank-transfer-automatic,81.11,5879.11,0
CUST-00937,female,0,yes,yes,2,yes,yes,no,no-internet-service,no-internet-service,no-internet-service,no-internet-service,no-internet-service,no-internet-service,two-year,no,electronic-check,21.61,8.58,0
CUST-00938,female,0,yes,no,57,yes,yes,dsl,no,no,yes,no,yes,yes,month-to-month,yes,mailed-check,65.62,3829.44,0
CUST-00939,female,0,no,yes,53,yes,yes,dsl,yes,no,no,no,no,no,one-year,yes,credit-card-automatic,41.68,2131.72,0
CUST-00940,male,1,no,no,12,no,no-phone-service,fiber-optic,yes,yes,no,yes,yes,yes,two-year,no,electronic-check,81.23,964.92,0
CUST-00941,male,0,yes,no,10,yes,no,fiber-optic,no,no,yes,no,no,no,month-to-month,yes,electronic-check,92.19,979.46,1
CUST-00942,female,0,yes,yes,71,no,no-phone-service,dsl,yes,no,yes,no,yes,yes,two-year,no,credit-card-automatic,55.06,3830.03,0
CUST-00943,male,0,no,no,64,yes,yes,fiber-optic,yes,no,no,yes,no,yes,one-year,no,bank-transfer-automatic,99.67,6444.23,0
CUST-00944,female,0,no,no,24,yes,no,dsl,no,no,yes,yes,no,yes,one-year,yes,electronic-check,66.78,1616.99,1
CUST-00945,female,0,yes,no,6,no,no-phone-service,fiber-optic,no,no,yes,no,yes,no,one-year,no,credit-card-automatic,82.97,597.21,0
CUST-00946,female,0,no,no,25,no,no-phone-service,fiber-optic,yes,no,yes,yes,no,yes,month-to-month,yes,credit-card-automatic,87.82,2241.46,1
CUST-00947,male,0,yes,yes,1,no,no-phone-service,fiber-optic,no,no,yes,yes,yes,no,one-year,yes,credit-card-automatic,105.04,92.83,1
CUST-00948,female,0,yes,no,50,yes,yes,fiber-optic,yes,no,yes,no,yes,yes,one-year,yes,mailed-check,86.02,4318.37,0
CUST-00949,male,0,no,no,28,yes,no,fiber-optic,no,yes,no,yes,no,no,month-to-month,yes,electronic-check,76.25,2155.06,1
CUST-00950,female,0,no,no,4,yes,yes,dsl,yes,yes,no,yes,no,no,month-to-month,yes,mailed-check,67.95,423.55,0
CUST-00951,female,0,no,no,71,yes,yes,dsl,yes,no,no,no,yes,no,one-year,yes,credit-card-automatic,52.18,3711.13,0
CUST-00952,female,1,yes,no,60,no,no-phone-service,fiber-optic,no,no,yes,no,yes,no,month-to-month,no,electronic-check,75.48,4518.45,1
CUST-00953,male,1,yes,yes,66,yes,yes,dsl,no,no,yes,no,yes,no,month-to-month,no,electronic-check,59.11,3886.6,0
CUST-00954,female,0,yes,no,72,yes,no,fiber-optic,no,yes,no,yes,yes,no,month-to-month,no,mailed-check,92.08,6643.92,1
CUST-00955,male,0,yes,no,2,no,no-phone-service,fiber-optic,no,yes,yes,yes,yes,yes,month-to-month,yes,electronic-check,111.61,138.15,0
CUST-00956,male,0,yes,no,56,no,no-phone-service,no,no-internet-service,no-internet-service,no-internet-service,no-internet-service,no-internet-service,no-internet-service,month-to-month,no,electronic-check,36.24,2000.73,0
CUST-00957,female,0,yes,no,57,no,no-phone-service,dsl,no,yes,no,no,no,no,month-to-month,no,credit-card-automatic,38.25,2104.34,0
CUST-00958,male,0,yes,yes,57,yes,no,dsl,yes,yes,no,no,yes,no,month-to-month,no,bank-transfer-automatic,70.92,3976.33,0
CUST-00959,male,0,yes,yes,20,yes,no,fiber-optic,no,yes,yes,yes,no,no,month-to-month,yes,credit-card-automatic,78.71,1634.51,1
CUST-00960,female,0,yes,no,29,no,no-phone-service,fiber-optic,no,no,no,yes,yes,no,two-year,no,electronic-check,74.11,2151.16,0
CUST-00961,female,1,no,no,67,yes,yes,dsl,yes,no,yes,yes,no,yes,two-year,yes,credit-card-automatic,65.26,4316.78,0
CUST-00962,female,0,yes,no,5,yes,no,dsl,yes,yes,no,no,yes,yes,month-to-month,yes,mailed-check,62.75,302.48,1
CUST-00963,male,1,no,no,47,no,no-phone-service,dsl,yes,no,yes,no,yes,no,month-to-month,yes,mailed-check,56.02,2614.49,1
CUST-00964,female,0,no,no,58,yes,yes,no,no-internet-service,no-internet-service,no-internet-service,no-internet-service,no-internet-service,no-internet-service,month-to-month,no,mailed-check,18.0,1047.95,0
CUST-00965,male,1,no,no,58,yes,no,fiber-optic,no,no,yes,no,yes,no,month-to-month,yes,credit-card-automatic,95.16,5406.25,0
CUST-00966,male,0,yes,yes,43,yes,yes,dsl,no,no,no,no,yes,no,one-year,yes,electronic-check,59.77,2488.27,1
CUST-00967,male,0,yes,no,56,yes,yes,dsl,yes,no,no,no,yes,yes,one-year,yes,electronic-check,62.46,3389.65,0
CUST-00968,female,1,no,no,66,no,no-phone-service,fiber-optic,yes,yes,no,no,no,yes,month-to-month,yes,mailed-check,80.85,5268.63,0
CUST-00969,male,1,no,yes,56,yes,yes,fiber-optic,no,yes,no,yes,yes,yes,two-year,yes,bank-transfer-automatic,103.47,5740.12,1
CUST-00970,female,0,yes,yes,9,yes,yes,dsl,yes,yes,no,no,yes,yes,one-year,no,bank-transfer-automatic,67.08,526.13,0
CUST-00971,female,0,yes,yes,18,yes,no,fiber-optic,no,no,yes,yes,yes,no,month-to-month,no,credit-card-automatic,81.99,1533.15,1
CUST-00972,female,0,no,yes,22,yes,no,dsl,no,yes,yes,yes,no,no,one-year,no,credit-card-automatic,49.44,1225.68,0
CUST-00973,female,0,yes,no,25,no,no-phone-service,dsl,no,no,no,yes,no,no,month-to-month,no,credit-card-automatic,56.9,1484.42,0
CUST-00974,female,0,no,yes,26,yes,yes,dsl,no,yes,no,no,yes,no,one-year,yes,credit-card-automatic,54.92,1385.52,0
CUST-00975,female,1,yes,no,16,yes,no,dsl,no,no,yes,yes,yes,yes,month-to-month,yes,credit-card-automatic,71.68,1162.64,1
CUST-00976,female,0,yes,yes,50,yes,no,dsl,yes,no,yes,no,yes,no,month-to-month,yes,electronic-check,63.94,3192.02,0
CUST-00977,female,0,no,yes,8,yes,no,dsl,no,yes,yes,no,no,yes,month-to-month,no,electronic-check,67.68,495.78,1
CUST-00978,male,0,yes,no,57,yes,no,no,no-internet-service,no-internet-service,no-internet-service,no-internet-service,no-internet-service,no-internet-service,month-to-month,yes,electronic-check,21.33,1315.16,0
CUST-00979,female,0,no,yes,48,yes,no,fiber-optic,no,no,yes,no,no,no,month-to-month,yes,mailed-check,74.16,3710.22,1
CUST-00980,male,0,yes,no,70,yes,no,no,no-internet-service,no-internet-service,no-internet-service,no-internet-service,no-internet-service,no-internet-service,one-year,no,mailed-check,24.03,1571.85,0
CUST-00981,male,0,yes,no,1,yes,yes,fiber-optic,no,no,yes,no,yes,yes,month-to-month,yes,bank-transfer-automatic,94.2,202.22,0
CUST-00982,male,0,no,yes,22,yes,yes,fiber-optic,yes,no,no,no,no,no,two-year,yes,mailed-check,88.97,1913.02,0
CUST-00983,male,0,yes,yes,65,yes,yes,dsl,no,no,no,no,no,no,month-to-month,no,electronic-check,38.63,2491.28,0
CUST-00984,male,1,yes,no,36,yes,yes,fiber-optic,no,no,yes,no,yes,yes,two-year,yes,electronic-check,97.49,3530.84,0
CUST-00985,male,0,no,no,41,yes,yes,fiber-optic,no,yes,no,yes,yes,no,month-to-month,no,electronic-check,73.89,3145.56,0
CUST-00986,male,1,no,no,3,yes,no,fiber-optic,yes,no,no,no,yes,yes,month-to-month,yes,electronic-check,96.71,311.22,1
CUST-00987,male,0,no,no,55,yes,yes,dsl,no,no,yes,no,yes,no,month-to-month,yes,bank-transfer-automatic,52.87,2938.78,0
CUST-00988,female,0,yes,no,19,no,no-phone-service,dsl,yes,yes,no,no,no,no,month-to-month,yes,electronic-check,64.33,1286.27,0
CUST-00989,female,0,yes,no,70,yes,no,fiber-optic,no,no,no,yes,no,no,month-to-month,yes,mailed-check,88.54,6273.64,0
CUST-00990,male,0,no,no,27,yes,no,dsl,yes,yes,yes,yes,no,no,one-year,yes,bank-transfer-automatic,69.43,1912.95,1
CUST-00991,female,0,yes,no,14,yes,yes,fiber-optic,yes,yes,no,no,no,yes,month-to-month,yes,electronic-check,86.62,1288.98,1
CUST-00992,male,0,yes,yes,43,yes,no,no,no-internet-service,no-internet-service,no-internet-service,no-internet-service,no-internet-service,no-internet-service,month-to-month,yes,bank-transfer-automatic,19.21,781.19,0
CUST-00993,female,0,no,no,35,yes,no,fiber-optic,yes,yes,yes,no,yes,yes,month-to-month,yes,mailed-check,93.24,3133.31,0
CUST-00994,female,0,yes,no,34,yes,yes,dsl,no,no,no,no,no,yes,one-year,yes,credit-card-automatic,62.0,2244.87,0
CUST-00995,male,0,yes,no,69,yes,no,dsl,yes,yes,yes,no,yes,yes,month-to-month,yes,electronic-check,72.14,4899.83,0
CUST-00996,male,0,yes,no,27,yes,no,dsl,no,no,yes,yes,yes,yes,month-to-month,yes,credit-card-automatic,50.6,1326.16,1
CUST-00997,male,0,yes,no,29,yes,yes,no,no-internet-service,no-internet-service,no-internet-service,no-internet-service,no-internet-service,no-internet-service,month-to-month,yes,credit-card-automatic,27.07,760.17,0
CUST-00998,female,0,no,yes,45,yes,yes,fiber-optic,no,no,yes,yes,no,yes,one-year,yes,bank-transfer-automatic,93.65,4176.46,1
CUST-00999,male,0,no,no,13,yes,yes,dsl,no,no,yes,no,yes,no,one-year,no,electronic-check,58.34,703.96,0
CUST-01000,male,0,yes,no,60,no,no-phone-service,dsl,no,yes,no,yes,no,no,month-to-month,yes,mailed-check,51.69,3136.17,0
CUST-01001,male,0,yes,no,17,yes,no,dsl,yes,yes,yes,yes,yes,no,month-to-month,no,electronic-check,63.72,1118.81,0
CUST-01002,male,0,no,no,18,yes,yes,fiber-optic,no,no,no,no,no,no,month-to-month,yes,mailed-check,65.72,1229.46,1
CUST-01003,male,0,yes,no,1,yes,no,fiber-optic,no,no,yes,yes,no,no,month-to-month,yes,electronic-check,83.59,125.38,1
CUST-01004,male,0,no,no,25,no,no-phone-service,fiber-optic,yes,no,yes,no,no,no,one-year,yes,mailed-check,67.25,1650.0,0
CUST-01005,female,1,no,no,42,yes,yes,fiber-optic,no,no,no,no,yes,no,one-year,yes,electronic-check,82.4,3429.43,0
CUST-01006,male,0,no,yes,51,yes,no,no,no-internet-service,no-internet-service,no-internet-service,no-internet-service,no-internet-service,no-internet-service,month-to-month,no,bank-transfer-automatic,20.58,1133.52,0
CUST-01007,male,1,yes,no,65,yes,yes,dsl,no,yes,no,no,yes,no,one-year,no,mailed-check,70.3,4530.4,0
CUST-01008,male,0,no,no,57,yes,no,fiber-optic,yes,no,yes,yes,no,no,month-to-month,yes,electronic-check,92.61,5238.18,1
CUST-01009,male,0,yes,no,24,yes,yes,dsl,yes,no,no,no,no,no,one-year,yes,electronic-check,47.22,1202.99,1
CUST-01010,male,0,no,yes,60,yes,no,dsl,no,no,no,no,yes,yes,one-year,no,mailed-check,44.47,2666.81,0
CUST-01011,female,0,no,no,15,yes,yes,fiber-optic,no,no,no,no,no,no,one-year,yes,mailed-check,65.43,943.57,0
CUST-01012,male,1,no,no,16,yes,yes,fiber-optic,no,no,no,yes,yes,yes,month-to-month,yes,bank-transfer-automatic,100.05,1563.63,1
CUST-01013,female,0,no,no,26,yes,no,dsl,no,no,no,no,no,yes,month-to-month,yes,credit-card-automatic,55.35,1523.39,0
CUST-01014,female,0,no,yes,39,yes,no,fiber-optic,yes,yes,yes,no,no,yes,month-to-month,yes,electronic-check,96.78,3818.37,1
CUST-01015,male,0,yes,no,15,no,no-phone-service,dsl,yes,no,yes,no,yes,no,month-to-month,yes,credit-card-automatic,57.97,887.29,0
CUST-01016,male,0,yes,yes,65,yes,no,fiber-optic,no,yes,yes,no,no,yes,month-to-month,yes,bank-transfer-automatic,90.88,5819.72,0
CUST-01017,female,0,no,no,20,yes,yes,fiber-optic,no,yes,yes,yes,no,yes,one-year,yes,electronic-check,79.84,1614.86,0
CUST-01018,female,0,no,no,29,yes,yes,dsl,no,no,yes,yes,no,yes,one-year,yes,electronic-check,70.48,2027.96,0
CUST-01019,female,0,yes,no,44,yes,yes,dsl,no,yes,yes,no,no,no,one-year,yes,mailed-check,48.76,2077.01,1
CUST-01020,female,1,no,no,31,yes,no,no,no-internet-service,no-internet-service,no-internet-service,no-internet-service,no-internet-service,no-internet-service,one-year,yes,bank-transfer-automatic,18.0,512.88,0
CUST-01021,female,0,no,no,30,yes,no,fiber-optic,yes,no,no,no,no,no,month-to-month,yes,bank-transfer-automatic,95.1,2905.21,1
CUST-01022,female,0,yes,no,71,no,no-phone-service,dsl,yes,no,no,yes,yes,no,month-to-month,yes,mailed-check,64.08,4642.86,1
CUST-01023,male,0,yes,yes,32,no,no-phone-service,no,no-internet-service,no-internet-service,no-internet-service,no-internet-service,no-internet-service,no-internet-service,month-to-month,yes,credit-card-automatic,20.86,588.21,0
CUST-01024,male,1,yes,yes,9,yes,yes,dsl,yes,no,no,no,yes,no,one-year,yes,electronic-check,45.04,335.51,1
CUST-01025,male,1,yes,no,53,yes,yes,no,no-internet-service,no-internet-service,no-internet-service,no-internet-service,no-internet-service,no-internet-service,month-to-month,yes,mailed-check,26.98,1482.0,0
CUST-01026,female,0,yes,no,51,yes,yes,no,no-internet-service,no-internet-service,no-internet-service,no-internet-service,no-internet-service,no-internet-service,month-to-month,yes,mailed-check,27.09,1350.9,1
CUST-01027,female,0,yes,no,16,yes,no,dsl,yes,no,no,no,yes,no,month-to-month,yes,electronic-check,56.41,944.02,1
CUST-01028,female,0,yes,no,62,yes,yes,no,no-internet-service,no-internet-service,no-internet-service,no-internet-service,no-internet-service,no-internet-service,one-year,yes,electronic-check,27.12,1649.74,0
CUST-01029,male,1,yes,no,29,yes,no,dsl,no,no,no,yes,yes,yes,two-year,yes,credit-card-automatic,74.36,2199.71,0
CUST-01030,female,0,no,no,11,no,no-phone-service,dsl,yes,no,no,yes,yes,no,two-year,yes,electronic-check,67.21,636.28,0
CUST-01031,female,0,yes,no,13,yes,no,no,no-internet-service,no-internet-service,no-internet-service,no-internet-service,no-internet-service,no-internet-service,month-to-month,yes,electronic-check,18.0,275.2,0
CUST-01032,female,0,no,yes,52,yes,yes,no,no-internet-service,no-internet-service,no-internet-service,no-internet-service,no-internet-service,no-internet-service,month-to-month,yes,electronic-check,18.0,778.56,1
CUST-01033,male,0,no,yes,16,no,no-phone-service,fiber-optic,yes,yes,no,no,yes,no,month-to-month,yes,bank-transfer-automatic,100.5,1677.4,1
CUST-01034,female,0,no,yes,34,yes,no,fiber-optic,no,no,no,no,no,no,one-year,no,electronic-check,72.66,2467.89,0
CUST-01035,female,0,no,no,53,yes,no,fiber-optic,yes,no,no,yes,no,no,month-to-month,yes,mailed-check,82.7,4416.19,1
CUST-01036,male,0,no,no,62,no,no-phone-service,no,no-internet-service,no-internet-service,no-internet-service,no-internet-service,no-internet-service,no-internet-service,month-to-month,yes,credit-card-automatic,18.0,1133.78,0
CUST-01037,male,1,yes,no,36,yes,no,fiber-optic,yes,no,yes,yes,yes,yes,month-to-month,yes,credit-card-automatic,93.9,3252.46,0
CUST-01038,female,0,no,yes,66,yes,no,fiber-optic,no,no,yes,yes,no,yes,month-to-month,no,bank-transfer-automatic,96.54,6474.15,1
CUST-01039,female,0,yes,no,22,yes,yes,dsl,no,yes,no,yes,yes,yes,two-year,yes,bank-transfer-automatic,79.99,1784.87,1
CUST-01040,male,0,no,yes,63,yes,no,fiber-optic,yes,yes,no,no,yes,yes,month-to-month,yes,bank-transfer-automatic,98.38,6254.66,1
CUST-01041,male,1,no,no,19,no,no-phone-service,no,no-internet-service,no-internet-service,no-internet-service,no-internet-service,no-internet-service,no-internet-service,two-year,no,mailed-check,26.41,441.85,0
CUST-01042,male,0,yes,yes,5,yes,no,dsl,no,yes,yes,yes,yes,no,month-to-month,yes,bank-transfer-automatic,73.01,383.11,1
CUST-01043,female,0,yes,no,53,yes,yes,fiber-optic,no,no,no,no,no,yes,month-to-month,no,bank-transfer-automatic,76.44,3953.08,0
CUST-01044,female,0,no,yes,55,yes,yes,fiber-optic,no,yes,no,no,no,no,one-year,yes,bank-transfer-automatic,67.37,3716.54,1
CUST-01045,male,0,yes,no,67,yes,yes,dsl,no,no,no,no,no,no,month-to-month,no,credit-card-automatic,36.64,2384.41,0
CUST-01046,female,0,yes,no,67,yes,no,dsl,no,no,no,no,no,yes,two-year,no,bank-transfer-automatic,63.52,4631.38,1
CUST-01047,female,0,yes,no,8,yes,no,dsl,yes,yes,yes,yes,no,yes,month-to-month,yes,credit-card-automatic,72.74,627.31,1
CUST-01048,male,0,yes,yes,45,yes,yes,fiber-optic,no,no,no,no,no,yes,month-to-month,no,mailed-check,80.82,3736.71,1
CUST-01049,male,0,no,no,51,yes,yes,no,no-internet-service,no-internet-service,no-internet-service,no-internet-service,no-internet-service,no-internet-service,month-to-month,yes,credit-card-automatic,21.69,1087.47,0
CUST-01050,female,0,no,no,44,yes,yes,dsl,no,yes,yes,no,no,no,two-year,yes,electronic-check,60.09,2673.89,0
CUST-01051,male,1,yes,no,2,yes,yes,dsl,no,no,yes,yes,yes,yes,one-year,yes,credit-card-automatic,72.76,213.42,1
CUST-01052,female,0,yes,no,4,yes,no,dsl,yes,yes,no,no,yes,no,one-year,yes,credit-card-automatic,68.58,193.86,1
CUST-01053,male,0,yes,no,49,yes,yes,no,no-internet-service,no-internet-service,no-internet-service,no-internet-service,no-internet-service,no-internet-service,one-year,yes,credit-card-automatic,18.0,831.56,0
CUST-01054,male,0,yes,no,62,yes,no,dsl,no,no,yes,yes,no,yes,month-to-month,yes,credit-card-automatic,72.46,4565.46,0
CUST-01055,female,0,no,no,13,yes,no,fiber-optic,no,yes,no,no,yes,no,two-year,yes,mailed-check,76.1,972.95,0
CUST-01056,male,0,no,no,4,yes,yes,no,no-internet-service,no-internet-service,no-internet-service,no-internet-service,no-internet-service,no-internet-service,month-to-month,yes,electronic-check,21.92,31.61,1
CUST-01057,female,0,yes,yes,30,yes,no,no,no-internet-service,no-internet-service,no-internet-service,no-internet-service,no-internet-service,no-internet-service,one-year,yes,mailed-check,18.0,492.68,0
CUST-01058,male,0,no,no,23,yes,no,dsl,yes,yes,yes,yes,no,no,one-year,yes,bank-transfer-automatic,66.67,1441.72,1
CUST-01059,female,0,yes,yes,71,no,no-phone-service,dsl,yes,no,yes,no,no,yes,month-to-month,yes,electronic-check,57.72,3951.17,0
CUST-01060,female,1,no,no,67,yes,no,fiber-optic,no,yes,yes,no,no,no,one-year,yes,electronic-check,84.19,5513.52,1
CUST-01061,male,1,no,no,41,yes,yes,dsl,yes,no,yes,no,yes,no,one-year,yes,mailed-check,70.88,2909.51,1
CUST-01062,male,0,no,yes,69,yes,yes,fiber-optic,no,yes,no,yes,no,yes,month-to-month,no,bank-transfer-automatic,87.61,6095.46,1
CUST-01063,female,0,no,no,17,yes,no,dsl,yes,no,yes,no,no,no,one-year,no,electronic-check,73.69,1441.65,0
CUST-01064,male,0,no,no,72,yes,yes,fiber-optic,yes,no,yes,yes,yes,yes,month-to-month,yes,credit-card-automatic,103.37,7439.54,0
CUST-01065,male,0,yes,no,33,yes,no,fiber-optic,no,yes,no,yes,yes,yes,two-year,yes,electronic-check,90.17,2879.61,0
CUST-01066,female,0,yes,yes,35,yes,no,no,no-internet-service,no-internet-service,no-internet-service,no-internet-service,no-internet-service,no-internet-service,one-year,yes,bank-transfer-automatic,19.31,673.72,0
CUST-01067,male,0,yes,no,4,yes,yes,fiber-optic,no,yes,yes,yes,no,no,month-to-month,yes,electronic-check,90.02,412.8,1
CUST-01068,male,0,no,no,13,yes,yes,dsl,yes,yes,no,no,no,no,month-to-month,yes,credit-card-automatic,63.63,904.45,1
CUST-01069,female,0,no,no,14,yes,yes,fiber-optic,no,yes,yes,yes,yes,yes,month-to-month,no,credit-card-automatic,87.13,1289.8,0
CUST-01070,female,1,no,no,36,yes,no,fiber-optic,no,no,yes,no,no,yes,one-year,yes,credit-card-automatic,89.09,3250.2,1
CUST-01071,male,0,no,yes,14,no,no-phone-service,fiber-optic,no,no,no,no,no,no,two-year,yes,electronic-check,62.34,879.91,1
CUST-01072,female,0,yes,yes,8,yes,yes,fiber-optic,no,yes,no,no,yes,no,one-year,yes,bank-transfer-automatic,86.32,745.82,0
CUST-01073,male,0,no,no,44,yes,no,dsl,yes,no,no,yes,yes,yes,two-year,no,bank-transfer-automatic,76.8,3290.34,0
CUST-01074,male,0,no,no,63,yes,no,fiber-optic,no,no,no,no,no,yes,one-year,no,bank-transfer-automatic,79.4,4851.59,0
CUST-01075,female,0,yes,no,6,no,no-phone-service,dsl,no,yes,yes,no,yes,yes,month-to-month,yes,mailed-check,49.39,453.33,1
CUST-01076,female,1,yes,no,41,yes,no,dsl,no,yes,no,yes,no,yes,two-year,no,bank-transfer-automatic,50.74,2076.81,0
CUST-01077,male,0,yes,no,70,yes,yes,fiber-optic,no,yes,no,yes,no,no,month-to-month,no,electronic-check,86.5,6095.04,1
CUST-01078,female,0,yes,no,30,yes,no,fiber-optic,yes,yes,yes,yes,no,no,month-to-month,no,electronic-check,72.37,1960.97,1
CUST-01079,female,0,no,yes,14,yes,no,fiber-optic,no,no,yes,no,yes,no,month-to-month,yes,bank-transfer-automatic,86.88,1332.19,1
CUST-01080,male,0,no,no,6,yes,yes,fiber-optic,yes,no,no,yes,yes,yes,month-to-month,yes,bank-transfer-automatic,99.88,685.97,1
CUST-01081,male,0,no,yes,68,yes,yes,fiber-optic,yes,yes,yes,yes,no,no,one-year,no,mailed-check,101.08,6756.02,0
CUST-01082,male,0,yes,no,30,yes,yes,dsl,no,no,yes,no,yes,no,month-to-month,yes,electronic-check,56.07,1658.3,0
CUST-01083,male,0,no,no,8,yes,no,dsl,yes,yes,yes,no,yes,no,month-to-month,yes,electronic-check,71.51,592.05,1
CUST-01084,male,0,no,no,63,yes,no,no,no-internet-service,no-internet-service,no-internet-service,no-internet-service,no-internet-service,no-internet-service,month-to-month,yes,mailed-check,21.67,1270.43,0
CUST-01085,female,0,yes,no,58,yes,no,dsl,no,no,yes,no,no,yes,month-to-month,yes,mailed-check,46.22,2717.42,0
CUST-01086,male,0,no,no,51,no,no-phone-service,dsl,yes,yes,no,yes,yes,yes,month-to-month,yes,credit-card-automatic,78.96,4105.38,0
CUST-01087,male,1,yes,no,7,yes,no,fiber-optic,yes,no,yes,yes,no,yes,two-year,yes,credit-card-automatic,105.12,760.16,0
CUST-01088,male,0,yes,no,6,yes,no,fiber-optic,yes,yes,no,yes,yes,no,month-to-month,yes,mailed-check,97.52,467.65,1
CUST-01089,male,0,yes,yes,16,yes,no,dsl,yes,no,yes,yes,no,no,one-year,yes,credit-card-automatic,58.98,865.93,0
CUST-01090,female,0,yes,no,12,yes,no,fiber-optic,yes,yes,yes,no,no,yes,month-to-month,yes,bank-transfer-automatic,97.92,1165.76,0
CUST-01091,male,0,no,no,39,yes,yes,fiber-optic,yes,no,no,yes,no,no,month-to-month,yes,mailed-check,92.38,3584.1,0
CUST-01092,female,0,yes,yes,29,yes,no,no,no-internet-service,no-internet-service,no-internet-service,no-internet-service,no-internet-service,no-internet-service,one-year,yes,electronic-check,29.33,833.38,0
CUST-01093,male,0,yes,no,56,yes,no,fiber-optic,no,no,yes,no,no,no,month-to-month,yes,electronic-check,85.21,4751.91,0
CUST-01094,female,0,yes,yes,8,yes,yes,fiber-optic,yes,no,no,yes,no,no,month-to-month,no,mailed-check,69.27,418.86,0
CUST-01095,female,0,yes,no,53,yes,no,no,no-internet-service,no-internet-service,no-internet-service,no-internet-service,no-internet-service,no-internet-service,month-to-month,yes,credit-card-automatic,23.19,1289.49,1
CUST-01096,female,0,yes,no,68,yes,no,fiber-optic,yes,yes,yes,no,no,no,one-year,yes,electronic-check,92.17,6314.6,0
CUST-01097,male,1,yes,no,10,yes,yes,fiber-optic,yes,no,no,no,yes,yes,two-year,yes,credit-card-automatic,97.31,1012.28,0
CUST-01098,male,1,no,no,47,yes,no,fiber-optic,yes,yes,no,yes,yes,no,month-to-month,yes,bank-transfer-automatic,98.12,4643.87,1
CUST-01099,female,0,yes,yes,37,yes,yes,fiber-optic,yes,no,no,no,yes,yes,one-year,yes,electronic-check,99.42,3657.23,0
CUST-01100,female,0,no,yes,7,yes,no,no,no-internet-service,no-internet-service,no-internet-service,no-internet-service,no-internet-service,no-internet-service,month-to-month,no,bank-transfer-automatic,18.0,80.47,0
CUST-01101,female,0,yes,yes,22,yes,no,dsl,no,yes,no,yes,yes,no,one-year,yes,electronic-check,67.47,1408.02,0
CUST-01102,female,1,no,yes,57,yes,yes,dsl,yes,yes,no,no,no,yes,two-year,yes,electronic-check,68.83,4039.03,0
CUST-01103,male,0,no,no,63,yes,yes,fiber-optic,yes,yes,no,yes,no,yes,month-to-month,yes,electronic-check,99.22,6249.32,1
CUST-01104,female,0,yes,no,27,yes,yes,fiber-optic,no,yes,yes,no,yes,yes,month-to-month,yes,credit-card-automatic,104.34,2692.64,1
CUST-01105,female,0,yes,no,8,yes,yes,dsl,no,no,no,yes,yes,no,one-year,yes,mailed-check,50.89,404.93,0
CUST-01106,female,0,no,no,18,yes,no,fiber-optic,yes,yes,yes,no,no,yes,month-to-month,yes,credit-card-automatic,104.07,1716.94,1
CUST-01107,female,0,yes,no,61,yes,yes,fiber-optic,no,no,yes,yes,no,no,two-year,yes,mailed-check,88.52,5418.32,0
CUST-01108,male,0,no,yes,42,yes,no,dsl,no,yes,yes,yes,no,yes,one-year,yes,electronic-check,66.5,2803.72,0
CUST-01109,male,1,yes,yes,31,yes,yes,no,no-internet-service,no-internet-service,no-internet-service,no-internet-service,no-internet-service,no-internet-service,two-year,yes,credit-card-automatic,18.0,517.36,0
CUST-01110,female,0,yes,no,1,yes,yes,no,no-internet-service,no-internet-service,no-internet-service,no-internet-service,no-internet-service,no-internet-service,month-to-month,no,credit-card-automatic,21.57,0.0,1
CUST-01111,male,1,no,no,57,yes,no,no,no-internet-service,no-internet-service,no-internet-service,no-internet-service,no-internet-service,no-internet-service,one-year,yes,bank-transfer-automatic,24.29,1426.71,0
CUST-01112,female,0,no,no,34,yes,no,dsl,no,no,yes,no,no,yes,month-to-month,no,bank-transfer-automatic,60.73,2058.59,1
CUST-01113,female,0,yes,no,40,yes,no,dsl,yes,yes,no,no,yes,no,one-year,yes,bank-transfer-automatic,57.98,2173.57,0
CUST-01114,female,1,no,no,61,yes,no,no,no-internet-service,no-internet-service,no-internet-service,no-internet-service,no-internet-service,no-internet-service,two-year,no,electronic-check,26.87,1729.36,0
CUST-01115,female,0,no,yes,41,yes,no,fiber-optic,no,no,no,yes,no,no,one-year,yes,mailed-check,73.76,2953.67,0
CUST-01116,female,0,yes,yes,67,yes,yes,fiber-optic,yes,yes,no,yes,no,yes,one-year,no,bank-transfer-automatic,101.73,6717.05,0
CUST-01117,male,0,yes,yes,41,yes,yes,fiber-optic,yes,no,yes,no,yes,no,month-to-month,yes,mailed-check,100.68,4229.78,1
CUST-01118,male,0,yes,no,25,yes,no,no,no-internet-service,no-internet-service,no-internet-service,no-internet-service,no-internet-service,no-internet-service,month-to-month,yes,electronic-check,18.0,529.47,1
CUST-01119,male,0,yes,no,67,yes,yes,no,no-internet-service,no-internet-service,no-internet-service,no-internet-service,no-internet-service,no-internet-service,one-year,yes,electronic-check,20.48,1340.62,0
CUST-01120,female,0,no,no,47,yes,no,dsl,no,no,no,no,yes,no,month-to-month,no,bank-transfer-automatic,60.78,2762.72,0
CUST-01121,female,0,yes,yes,55,no,no-phone-service,fiber-optic,yes,yes,yes,no,no,yes,month-to-month,yes,credit-card-automatic,94.21,5113.32,1
CUST-01122,female,0,yes,no,17,yes,no,no,no-internet-service,no-internet-service,no-internet-service,no-internet-service,no-internet-service,no-internet-service,one-year,no,bank-transfer-automatic,18.0,273.19,0
CUST-01123,female,0,no,no,49,yes,no,fiber-optic,yes,no,yes,no,yes,yes,one-year,no,electronic-check,98.92,4938.29,0
CUST-01124,female,0,no,no,41,yes,no,fiber-optic,no,no,no,yes,yes,yes,month-to-month,yes,bank-transfer-automatic,82.15,3465.27,1
CUST-01125,male,0,no,no,8,no,no-phone-service,dsl,yes,no,yes,no,no,no,month-to-month,no,electronic-check,59.6,489.25,0
CUST-01126,male,0,no,yes,19,yes,no,dsl,yes,no,no,yes,yes,no,month-to-month,yes,credit-card-automatic,55.05,1094.71,1
CUST-01127,male,1,yes,yes,66,yes,no,no,no-internet-service,no-internet-service,no-internet-service,no-internet-service,no-internet-service,no-internet-service,one-year,yes,electronic-check,28.36,1856.06,0
CUST-01128,male,0,no,no,42,yes,yes,fiber-optic,yes,no,yes,yes,no,no,two-year,no,mailed-check,83.63,3447.0,0
CUST-01129,male,0,yes,no,56,yes,no,fiber-optic,yes,yes,yes,yes,yes,yes,month-to-month,no,electronic-check,109.2,6002.66,0
CUST-01130,male,0,yes,no,13,yes,no,dsl,no,yes,yes,no,no,no,month-to-month,yes,credit-card-automatic,56.28,755.86,1
CUST-01131,female,1,yes,no,16,yes,yes,fiber-optic,yes,no,yes,yes,yes,yes,two-year,yes,electronic-check,95.15,1589.93,1
CUST-01132,male,0,no,no,68,yes,no,no,no-internet-service,no-internet-service,no-internet-service,no-internet-service,no-internet-service,no-internet-service,month-to-month,yes,electronic-check,23.3,1546.1,0
CUST-01133,male,0,no,no,31,yes,no,fiber-optic,no,yes,no,no,yes,yes,one-year,no,credit-card-automatic,78.41,2519.77,0
CUST-01134,male,0,yes,yes,64,no,no-phone-service,fiber-optic,yes,no,yes,no,no,no,month-to-month,yes,electronic-check,96.39,6140.09,0
CUST-01135,male,0,no,yes,59,yes,no,fiber-optic,no,no,yes,no,no,no,two-year,yes,credit-card-automatic,78.48,4636.6,1
CUST-01136,female,0,no,no,25,no,no-phone-service,dsl,no,no,no,yes,no,yes,one-year,yes,electronic-check,53.47,1320.17,1
CUST-01137,male,1,yes,no,69,yes,yes,no,no-internet-service,no-internet-service,no-internet-service,no-internet-service,no-internet-service,no-internet-service,month-to-month,yes,bank-transfer-automatic,18.81,1390.62,0
CUST-01138,female,0,no,yes,56,no,no-phone-service,fiber-optic,no,no,no,yes,yes,no,month-to-month,yes,mailed-check,82.14,4636.79,1
CUST-01139,male,0,yes,yes,10,yes,no,fiber-optic,no,yes,no,no,yes,yes,month-to-month,no,bank-transfer-automatic,94.97,945.32,0
CUST-01140,male,0,no,yes,7,yes,yes,no,no-internet-service,no-internet-service,no-internet-service,no-internet-service,no-internet-service,no-internet-service,month-to-month,yes,electronic-check,18.0,131.75,1
CUST-01141,male,0,yes,yes,10,yes,yes,dsl,yes,yes,yes,yes,no,yes,month-to-month,yes,credit-card-automatic,70.05,611.33,1
CUST-01142,female,0,yes,yes,54,yes,no,fiber-optic,yes,no,no,yes,yes,yes,month-to-month,no,electronic-check,91.6,4778.89,0
CUST-01143,male,0,yes,yes,11,yes,yes,fiber-optic,no,no,no,yes,no,yes,one-year,yes,credit-card-automatic,94.34,997.88,1
CUST-01144,male,0,yes,no,21,yes,yes,no,no-internet-service,no-internet-service,no-internet-service,no-internet-service,no-internet-service,no-internet-service,month-to-month,no,mailed-check,27.99,573.24,0
CUST-01145,female,0,no,no,32,yes,yes,dsl,no,no,no,yes,yes,no,month-to-month,yes,electronic-check,70.72,2302.89,1
CUST-01146,female,1,no,no,10,yes,no,fiber-optic,yes,yes,yes,yes,yes,yes,two-year,yes,electronic-check,104.25,1030.27,0
CUST-01147,male,0,yes,no,24,yes,no,fiber-optic,yes,yes,yes,yes,no,no,month-to-month,no,mailed-check,103.46,2447.85,0
CUST-01148,male,0,no,no,49,yes,no,fiber-optic,no,yes,no,yes,yes,yes,month-to-month,no,credit-card-automatic,102.14,4783.79,1
CUST-01149,male,0,no,no,70,yes,yes,fiber-optic,yes,no,yes,no,yes,yes,one-year,yes,electronic-check,97.57,6869.44,0
CUST-01150,male,0,no,no,34,yes,no,fiber-optic,yes,yes,yes,no,yes,yes,one-year,yes,mailed-check,103.22,3525.31,1
CUST-01151,female,0,no,no,54,yes,no,fiber-optic,no,no,yes,yes,no,yes,month-to-month,yes,electronic-check,82.24,4502.0,1
CUST-01152,male,0,yes,yes,39,yes,yes,fiber-optic,no,no,no,yes,no,yes,two-year,no,bank-transfer-automatic,96.63,3770.61,0
CUST-01153,female,0,yes,no,34,yes,yes,fiber-optic,no,no,no,yes,yes,yes,month-to-month,yes,electronic-check,85.04,2977.37,1
CUST-01154,male,1,no,no,38,yes,yes,dsl,yes,yes,no,no,yes,yes,month-to-month,yes,mailed-check,74.48,2788.95,1
CUST-01155,female,0,no,no,70,yes,yes,dsl,no,no,no,no,no,yes,month-to-month,yes,bank-transfer-automatic,58.41,4085.66,0
CUST-01156,male,0,no,yes,5,yes,yes,dsl,no,yes,yes,no,yes,yes,month-to-month,yes,electronic-check,57.03,303.19,1
CUST-01157,female,0,no,no,37,no,no-phone-service,fiber-optic,no,yes,no,no,no,yes,month-to-month,yes,mailed-check,81.59,3068.32,0
CUST-01158,male,0,yes,no,4,yes,no,no,no-internet-service,no-internet-service,no-internet-service,no-internet-service,no-internet-service,no-internet-service,month-to-month,no,electronic-check,21.63,117.75,0
CUST-01159,female,0,no,no,64,yes,no,no,no-internet-service,no-internet-service,no-internet-service,no-internet-service,no-internet-service,no-internet-service,one-year,yes,mailed-check,19.09,1257.58,0
CUST-01160,female,1,yes,yes,44,yes,yes,no,no-internet-service,no-internet-service,no-internet-service,no-internet-service,no-internet-service,no-internet-service,month-to-month,yes,bank-transfer-automatic,21.69,974.52,0
CUST-01161,male,0,yes,no,4,yes,no,fiber-optic,no,yes,no,yes,no,no,two-year,no,electronic-check,93.94,361.31,0
CUST-01162,female,1,yes,no,45,yes,no,fiber-optic,yes,yes,no,no,no,yes,month-to-month,no,credit-card-automatic,82.38,3774.69,0
CUST-01163,male,0,yes,yes,32,yes,no,dsl,no,yes,no,yes,no,no,one-year,no,electronic-check,47.85,1405.63,0
CUST-01164,male,0,no,no,4,no,no-phone-service,fiber-optic,no,yes,yes,no,yes,yes,month-to-month,no,credit-card-automatic,87.31,302.05,1
CUST-01165,male,0,yes,no,71,yes,no,fiber-optic,yes,yes,yes,no,no,yes,month-to-month,no,credit-card-automatic,97.95,7073.84,0
CUST-01166,female,0,no,no,28,yes,yes,fiber-optic,no,yes,no,no,no,no,one-year,yes,credit-card-automatic,83.73,2294.0,0
CUST-01167,female,0,no,yes,2,yes,no,dsl,yes,yes,no,no,yes,yes,month-to-month,no,mailed-check,72.85,139.84,1
CUST-01168,female,0,no,no,45,yes,no,dsl,no,no,no,no,no,yes,one-year,yes,mailed-check,60.29,2817.14,1
CUST-01169,male,0,no,no,28,yes,no,fiber-optic,no,no,no,no,yes,no,one-year,yes,credit-card-automatic,79.05,2203.94,1
CUST-01170,male,1,yes,yes,48,yes,no,no,no-internet-service,no-internet-service,no-internet-service,no-internet-service,no-internet-service,no-internet-service,one-year,yes,bank-transfer-automatic,18.0,801.46,0
CUST-01171,male,0,yes,yes,12,yes,no,dsl,no,yes,yes,yes,yes,no,one-year,yes,electronic-check,60.44,815.16,0
CUST-01172,male,0,yes,yes,60,yes,no,fiber-optic,no,no,yes,no,yes,yes,two-year,no,mailed-check,76.9,4592.3,0
CUST-01173,female,0,yes,yes,31,yes,yes,fiber-optic,yes,yes,no,no,yes,yes,month-to-month,no,mailed-check,90.18,2779.0,1
CUST-01174,female,0,no,no,31,no,no-phone-service,fiber-optic,no,no,no,no,no,yes,two-year,yes,mailed-check,83.31,2434.08,1
CUST-01175,female,1,yes,no,58,yes,no,no,no-internet-service,no-internet-service,no-internet-service,no-internet-service,no-internet-service,no-internet-service,month-to-month,no,bank-transfer-automatic,23.9,1376.65,0
CUST-01176,female,0,yes,yes,40,yes,no,dsl,yes,no,no,yes,no,yes,month-to-month,no,electronic-check,63.18,2578.42,0
CUST-01177,female,0,yes,no,1,yes,no,dsl,no,yes,no,no,no,no,two-year,yes,electronic-check,44.56,12.25,0
CUST-01178,female,0,no,yes,42,yes,yes,dsl,yes,no,yes,yes,yes,no,month-to-month,no,credit-card-automatic,88.63,3626.36,0
CUST-01179,female,0,no,no,47,no,no-phone-service,fiber-optic,no,yes,yes,no,no,no,two-year,yes,electronic-check,75.4,3507.77,1
CUST-01180,female,0,yes,no,23,yes,yes,no,no-internet-service,no-internet-service,no-internet-service,no-internet-service,no-internet-service,no-internet-service,one-year,yes,credit-card-automatic,20.96,435.94,0
CUST-01181,male,0,no,no,14,yes,yes,no,no-internet-service,no-internet-service,no-internet-service,no-internet-service,no-internet-service,no-internet-service,two-year,yes,credit-card-automatic,28.02,373.26,0
CUST-01182,male,0,no,no,4,yes,yes,dsl,no,yes,yes,yes,no,no,month-to-month,no,bank-transfer-automatic,63.34,214.54,0
CUST-01183,male,0,no,no,61,yes,yes,dsl,yes,no,no,no,yes,no,month-to-month,yes,bank-transfer-automatic,51.54,3268.78,0
CUST-01184,female,0,yes,yes,1,yes,no,fiber-optic,no,yes,yes,yes,yes,no,month-to-month,yes,electronic-check,98.47,121.15,1
CUST-01185,female,0,no,yes,43,yes,yes,fiber-optic,no,no,no,yes,no,no,month-to-month,yes,bank-transfer-automatic,66.28,2719.52,0
CUST-01186,female,1,yes,no,61,yes,yes,fiber-optic,yes,yes,yes,yes,yes,no,one-year,no,electronic-check,112.94,6894.7,0
CUST-01187,female,0,yes,yes,26,no,no-phone-service,dsl,yes,no,no,no,yes,yes,one-year,no,electronic-check,65.26,1693.76,0
CUST-01188,male,0,no,no,15,yes,yes,dsl,no,no,yes,yes,no,no,one-year,yes,credit-card-automatic,55.97,929.14,0
CUST-01189,male,0,no,yes,52,yes,yes,no,no-internet-service,no-internet-service,no-internet-service,no-internet-service,no-internet-service,no-internet-service,one-year,no,electronic-check,18.0,924.3,0
CUST-01190,female,0,yes,no,46,yes,yes,fiber-optic,yes,no,no,no,no,no,one-year,yes,electronic-check,67.78,3104.02,0
CUST-01191,female,1,no,no,2,yes,yes,fiber-optic,yes,no,yes,no,no,no,month-to-month,yes,electronic-check,83.58,306.88,1
CUST-01192,female,0,yes,no,42,yes,no,fiber-optic,yes,no,no,no,yes,yes,month-to-month,yes,electronic-check,102.14,4209.72,1
CUST-01193,female,0,no,no,1,yes,yes,no,no-internet-service,no-internet-service,no-internet-service,no-internet-service,no-internet-service,no-internet-service,one-year,yes,electronic-check,21.86,81.69,0
CUST-01194,male,0,no,yes,29,yes,yes,dsl,no,no,yes,yes,yes,no,one-year,no,credit-card-automatic,65.78,1912.41,0
CUST-01195,male,0,no,yes,22,yes,yes,dsl,no,yes,no,no,no,yes,month-to-month,yes,mailed-check,61.09,1306.42,1
CUST-01196,male,0,no,no,61,yes,yes,dsl,no,yes,no,yes,no,no,month-to-month,yes,electronic-check,76.91,4642.9,0
CUST-01197,male,0,no,no,71,yes,yes,dsl,yes,yes,no,no,yes,no,month-to-month,no,electronic-check,59.47,4324.25,0
CUST-01198,male,0,no,no,51,yes,yes,fiber-optic,no,no,no,yes,no,yes,one-year,no,electronic-check,94.52,4855.42,0
CUST-01199,male,0,no,no,53,yes,yes,fiber-optic,yes,no,no,no,yes,yes,month-to-month,yes,electronic-check,83.81,4487.01,0
CUST-01200,male,0,no,no,2,yes,yes,fiber-optic,yes,no,yes,no,yes,no,one-year,no,credit-card-automatic,81.37,229.47,0
CUST-01201,male,0,yes,yes,5,yes,no,fiber-optic,no,yes,yes,no,yes,no,one-year,no,credit-card-automatic,86.36,457.44,0
CUST-01202,female,0,no,no,56,yes,yes,dsl,no,yes,yes,yes,no,yes,two-year,yes,bank-transfer-automatic,67.32,3690.35,0
CUST-01203,male,0,yes,no,31,yes,yes,fiber-optic,no,no,no,no,yes,no,month-to-month,yes,bank-transfer-automatic,81.5,2408.62,0
CUST-01204,male,0,no,no,37,yes,no,dsl,yes,no,yes,yes,no,no,two-year,yes,mailed-check,44.41,1758.64,0
CUST-01205,male,0,yes,no,50,yes,yes,dsl,yes,no,yes,no,yes,yes,one-year,no,mailed-check,69.18,3474.6,0
CUST-01206,male,0,yes,no,25,yes,no,dsl,no,no,no,yes,no,yes,month-to-month,yes,electronic-check,53.21,1336.19,1
CUST-01207,male,0,no,no,50,yes,yes,no,no-internet-service,no-internet-service,no-internet-service,no-internet-service,no-internet-service,no-internet-service,month-to-month,no,electronic-check,18.0,1035.34,1
CUST-01208,male,0,yes,no,53,yes,no,fiber-optic,yes,no,yes,no,yes,yes,month-to-month,yes,credit-card-automatic,81.63,4246.56,1
CUST-01209,female,0,yes,yes,18,yes,no,dsl,no,no,no,no,yes,yes,month-to-month,yes,credit-card-automatic,55.08,802.18,0
CUST-01210,male,0,no,no,50,yes,yes,fiber-optic,no,yes,no,no,no,yes,month-to-month,no,bank-transfer-automatic,77.87,3757.63,0
CUST-01211,male,1,yes,no,13,yes,yes,dsl,no,no,no,no,yes,no,month-to-month,yes,credit-card-automatic,51.59,630.85,0
CUST-01212,male,0,yes,no,23,yes,no,dsl,no,yes,yes,yes,yes,no,two-year,no,mailed-check,54.89,1271.26,0
CUST-01213,female,0,no,yes,57,yes,no,fiber-optic,yes,yes,no,no,no,no,month-to-month,yes,credit-card-automatic,82.79,4823.4,0
CUST-01214,male,0,yes,no,71,yes,yes,fiber-optic,no,yes,no,no,no,no,month-to-month,yes,mailed-check,70.67,5080.81,0
CUST-01215,female,0,yes,no,5,yes,no,dsl,no,no,yes,no,no,no,one-year,no,mailed-check,39.92,7.47,1
CUST-01216,female,0,yes,yes,47,yes,yes,dsl,no,no,yes,yes,yes,no,two-year,yes,credit-card-automatic,58.61,2964.72,0
CUST-01217,male,0,yes,yes,42,yes,no,dsl,no,yes,yes,no,yes,yes,two-year,yes,electronic-check,61.81,2565.23,0
CUST-01218,male,0,yes,yes,44,yes,yes,fiber-optic,yes,no,no,no,no,no,two-year,yes,electronic-check,77.33,3494.61,0
CUST-01219,male,0,yes,no,57,yes,no,dsl,yes,no,yes,no,no,no,two-year,yes,credit-card-automatic,53.51,3091.02,0
CUST-01220,female,0,no,no,6,yes,yes,dsl,yes,yes,no,no,yes,no,month-to-month,yes,mailed-check,51.4,308.8,0
CUST-01221,male,0,no,yes,54,yes,no,fiber-optic,no,yes,no,no,yes,yes,month-to-month,yes,mailed-check,79.89,4296.28,1
CUST-01222,male,1,yes,no,21,yes,yes,dsl,no,yes,no,yes,yes,no,month-to-month,yes,electronic-check,51.19,991.56,1
CUST-01223,male,0,yes,no,12,yes,no,dsl,no,yes,yes,no,yes,no,two-year,yes,electronic-check,72.1,768.61,1
CUST-01224,male,0,no,no,33,yes,no,dsl,no,no,no,yes,no,yes,month-to-month,no,mailed-check,68.38,2244.07,1
CUST-01225,female,0,no,no,2,yes,no,fiber-optic,yes,no,no,no,yes,yes,month-to-month,yes,credit-card-automatic,98.35,92.59,1
CUST-01226,male,0,yes,no,46,yes,no,fiber-optic,no,yes,yes,yes,no,yes,month-to-month,yes,bank-transfer-automatic,87.28,4138.47,0
CUST-01227,female,0,yes,no,41,yes,no,no,no-internet-service,no-internet-service,no-internet-service,no-internet-service,no-internet-service,no-internet-service,two-year,yes,electronic-check,30.38,1252.85,0
CUST-01228,male,0,yes,yes,37,yes,no,no,no-internet-service,no-internet-service,no-internet-service,no-internet-service,no-internet-service,no-internet-service,month-to-month,no,electronic-check,23.26,1017.57,0
CUST-01229,female,0,no,no,3,yes,yes,fiber-optic,no,yes,yes,yes,no,yes,two-year,yes,electronic-check,85.42,223.59,1
CUST-01230,female,1,no,no,55,yes,no,no,no-internet-service,no-internet-service,no-internet-service,no-internet-service,no-internet-service,no-internet-service,two-year,yes,electronic-check,18.0,945.71,0
CUST-01231,male,0,no,no,3,yes,no,fiber-optic,no,yes,yes,yes,yes,no,month-to-month,no,credit-card-automatic,90.62,316.18,1
CUST-01232,male,0,yes,no,19,no,no-phone-service,no,no-internet-service,no-internet-service,no-internet-service,no-internet-service,no-internet-service,no-internet-service,one-year,no,electronic-check,20.82,376.13,0
CUST-01233,male,0,yes,no,29,yes,no,fiber-optic,no,yes,no,no,yes,no,month-to-month,no,credit-card-automatic,84.9,2535.08,0
CUST-01234,male,0,yes,no,51,yes,no,fiber-optic,no,yes,no,no,yes,no,month-to-month,yes,bank-transfer-automatic,81.99,4289.36,1
CUST-01235,male,0,yes,yes,30,yes,no,no,no-internet-service,no-internet-service,no-internet-service,no-internet-service,no-internet-service,no-internet-service,month-to-month,yes,electronic-check,18.0,622.44,0
CUST-01236,female,0,yes,no,59,yes,no,fiber-optic,yes,no,no,yes,yes,yes,one-year,yes,mailed-check,102.82,6168.71,1
CUST-01237,female,0,no,yes,68,yes,no,no,no-internet-service,no-internet-service,no-internet-service,no-internet-service,no-internet-service,no-internet-service,month-to-month,yes,electronic-check,19.09,1359.44,0
CUST-01238,female,0,yes,yes,56,yes,yes,dsl,no,no,yes,no,no,yes,one-year,yes,bank-transfer-automatic,56.63,3130.1,0
CUST-01239,female,0,no,yes,3,yes,no,fiber-optic,yes,yes,yes,yes,no,no,one-year,yes,electronic-check,90.26,356.27,1
CUST-01240,female,0,yes,yes,56,yes,no,no,no-internet-service,no-internet-service,no-internet-service,no-internet-service,no-internet-service,no-internet-service,month-to-month,yes,mailed-check,19.09,1121.36,0
CUST-01241,male,1,yes,no,15,yes,no,dsl,no,yes,no,no,no,no,month-to-month,yes,electronic-check,44.1,615.17,1
CUST-01242,male,0,no,no,64,yes,no,no,no-internet-service,no-internet-service,no-internet-service,no-internet-service,no-internet-service,no-internet-service,month-to-month,no,credit-card-automatic,18.0,1115.18,0
CUST-01243,male,0,no,no,71,yes,no,no,no-internet-service,no-internet-service,no-internet-service,no-internet-service,no-internet-service,no-internet-service,month-to-month,yes,mailed-check,39.57,2802.58,1
CUST-01244,female,1,yes,yes,7,yes,no,fiber-optic,no,yes,yes,no,yes,yes,two-year,no,electronic-check,80.8,648.96,1
CUST-01245,male,1,no,no,8,yes,no,fiber-optic,no,no,no,no,no,yes,month-to-month,yes,bank-transfer-automatic,81.17,658.13,1
CUST-01246,male,0,yes,no,51,yes,no,fiber-optic,no,no,no,yes,yes,no,one-year,yes,bank-transfer-automatic,84.74,4321.32,0
CUST-01247,male,0,yes,no,11,yes,no,dsl,yes,no,yes,yes,no,no,two-year,no,electronic-check,71.1,770.16,0
CUST-01248,female,0,yes,no,70,yes,no,fiber-optic,yes,no,yes,no,yes,yes,month-to-month,yes,electronic-check,94.93,6618.6,1
CUST-01249,female,0,yes,no,39,yes,yes,fiber-optic,yes,yes,yes,yes,no,no,one-year,no,mailed-check,107.13,4090.78,0
CUST-01250,male,0,no,yes,42,yes,no,dsl,yes,no,no,yes,yes,yes,two-year,no,mailed-check,69.92,2996.28,0
CUST-01251,female,0,yes,no,62,yes,no,fiber-optic,yes,yes,no,yes,yes,yes,one-year,no,electronic-check,107.78,6606.05,0
CUST-01252,female,0,no,no,16,yes,no,dsl,no,no,yes,yes,no,yes,month-to-month,yes,mailed-check,71.32,1146.19,0
CUST-01253,female,1,no,yes,41,yes,no,dsl,no,no,no,yes,yes,yes,one-year,yes,mailed-check,77.34,3140.28,0
CUST-01254,male,0,yes,no,72,yes,yes,fiber-optic,yes,yes,no,no,no,no,two-year,yes,credit-card-automatic,82.2,5975.88,0
CUST-01255,male,0,yes,no,2,yes,yes,fiber-optic,yes,no,no,no,no,no,one-year,no,bank-transfer-automatic,80.18,134.71,1
CUST-01256,female,0,yes,no,13,yes,no,fiber-optic,no,yes,no,yes,no,yes,one-year,yes,electronic-check,84.05,1017.18,1
CUST-01257,female,1,no,no,11,yes,no,dsl,no,yes,no,no,no,no,one-year,yes,credit-card-automatic,56.28,693.28,0
CUST-01258,male,1,no,no,25,yes,yes,fiber-optic,yes,no,yes,yes,yes,no,one-year,no,mailed-check,95.72,2331.05,1
CUST-01259,male,0,no,no,10,yes,yes,dsl,yes,yes,yes,no,no,yes,month-to-month,yes,bank-transfer-automatic,51.38,525.4,1
CUST-01260,male,0,yes,no,13,yes,yes,dsl,yes,yes,no,no,no,yes,two-year,yes,electronic-check,61.85,899.59,0
CUST-01261,female,0,yes,no,62,yes,no,fiber-optic,no,no,no,no,no,yes,month-to-month,no,bank-transfer-automatic,84.12,5160.68,0
CUST-01262,male,0,no,no,34,yes,no,no,no-internet-service,no-internet-service,no-internet-service,no-internet-service,no-internet-service,no-internet-service,two-year,yes,electronic-check,18.0,604.24,0
CUST-01263,female,0,yes,yes,26,yes,yes,no,no-internet-service,no-internet-service,no-internet-service,no-internet-service,no-internet-service,no-internet-service,month-to-month,yes,electronic-check,18.0,435.66,1
CUST-01264,male,0,no,no,31,yes,yes,fiber-optic,yes,yes,yes,yes,no,yes,one-year,yes,electronic-check,106.25,3303.61,0
CUST-01265,female,0,yes,no,70,yes,no,no,no-internet-service,no-internet-service,no-internet-service,no-internet-service,no-internet-service,no-internet-service,one-year,yes,electronic-check,30.75,2147.37,0
CUST-01266,female,1,yes,no,36,yes,no,fiber-optic,no,yes,no,no,yes,no,one-year,yes,credit-card-automatic,79.03,2914.11,0
CUST-01267,female,0,no,no,34,yes,no,dsl,yes,no,yes,no,yes,yes,month-to-month,no,electronic-check,69.39,2312.71,0
CUST-01268,female,0,no,no,67,yes,yes,fiber-optic,no,yes,yes,no,yes,no,one-year,yes,bank-transfer-automatic,86.38,5883.02,0
CUST-01269,male,0,no,no,3,yes,yes,dsl,no,no,yes,no,no,yes,month-to-month,yes,mailed-check,67.42,322.61,1
CUST-01270,female,0,yes,yes,35,yes,yes,no,no-internet-service,no-internet-service,no-internet-service,no-internet-service,no-internet-service,no-internet-service,month-to-month,no,credit-card-automatic,18.0,649.24,0
CUST-01271,female,0,no,yes,54,yes,no,no,no-internet-service,no-internet-service,no-internet-service,no-internet-service,no-internet-service,no-internet-service,month-to-month,no,electronic-check,18.0,912.74,0
CUST-01272,female,0,no,no,38,yes,yes,no,no-internet-service,no-internet-service,no-internet-service,no-internet-service,no-internet-service,no-internet-service,two-year,yes,mailed-check,30.73,1164.66,1
CUST-01273,male,0,no,no,63,no,no-phone-service,fiber-optic,yes,no,yes,yes,no,no,two-year,no,electronic-check,78.97,4965.74,0
CUST-01274,male,0,no,yes,64,yes,no,dsl,no,yes,yes,no,no,yes,one-year,yes,credit-card-automatic,59.02,3910.21,0
CUST-01275,male,1,no,yes,25,yes,no,fiber-optic,no,yes,yes,no,yes,yes,one-year,yes,electronic-check,95.06,2368.76,0
CUST-01276,male,0,no,yes,59,yes,yes,fiber-optic,yes,no,yes,no,yes,no,month-to-month,no,mailed-check,99.19,5955.92,1
CUST-01277,male,1,yes,no,18,yes,no,fiber-optic,yes,yes,yes,no,yes,no,month-to-month,yes,electronic-check,84.45,1528.46,1
CUST-01278,male,1,yes,no,18,yes,no,no,no-internet-service,no-internet-service,no-internet-service,no-internet-service,no-internet-service,no-internet-service,one-year,yes,mailed-check,18.0,327.44,0
CUST-01279,female,0,no,no,71,yes,yes,dsl,yes,no,yes,no,yes,no,one-year,no,mailed-check,67.74,4782.96,1
CUST-01280,male,0,yes,yes,1,yes,no,fiber-optic,yes,no,yes,yes,no,yes,one-year,yes,mailed-check,97.98,78.4,0
CUST-01281,male,0,yes,yes,26,yes,yes,no,no-internet-service,no-internet-service,no-internet-service,no-internet-service,no-internet-service,no-internet-service,month-to-month,yes,bank-transfer-automatic,21.69,630.67,0
CUST-01282,male,0,no,yes,46,yes,no,dsl,no,no,yes,yes,yes,no,month-to-month,no,bank-transfer-automatic,62.07,2800.42,0
CUST-01283,female,0,yes,no,30,yes,no,fiber-optic,yes,no,yes,no,no,no,month-to-month,yes,mailed-check,83.04,2563.18,0
CUST-01284,male,0,no,yes,61,yes,yes,dsl,yes,yes,no,no,yes,yes,one-year,yes,electronic-check,55.94,3520.41,0
CUST-01285,female,1,no,no,19,yes,no,dsl,yes,no,no,yes,yes,no,month-to-month,yes,bank-transfer-automatic,65.81,1206.0,1
CUST-01286,female,0,yes,no,40,yes,no,dsl,yes,yes,no,yes,yes,no,month-to-month,yes,electronic-check,79.86,3285.0,1
CUST-01287,male,0,no,no,10,no,no-phone-service,dsl,no,no,no,no,yes,yes,one-year,yes,credit-card-automatic,47.44,553.02,1
CUST-01288,female,0,yes,no,16,no,no-phone-service,dsl,yes,no,no,yes,no,yes,month-to-month,no,credit-card-automatic,56.73,972.87,0
CUST-01289,female,0,no,yes,13,yes,yes,fiber-optic,no,yes,yes,no,yes,no,month-to-month,yes,mailed-check,83.82,1041.96,1
CUST-01290,male,0,no,yes,54,yes,no,dsl,no,no,yes,yes,yes,no,one-year,no,electronic-check,60.33,3248.86,0
CUST-01291,female,0,yes,no,15,yes,no,fiber-optic,no,no,no,no,no,no,month-to-month,yes,credit-card-automatic,86.73,1291.89,1
CUST-01292,male,0,yes,no,49,yes,no,fiber-optic,no,no,yes,yes,no,no,one-year,yes,bank-transfer-automatic,74.54,3809.26,0
CUST-01293,female,0,yes,no,25,yes,yes,fiber-optic,no,yes,no,yes,no,yes,two-year,no,bank-transfer-automatic,77.95,1948.0,0
CUST-01294,female,0,yes,no,41,yes,no,dsl,no,yes,yes,yes,no,yes,month-to-month,yes,electronic-check,74.17,3027.22,1
CUST-01295,male,0,yes,no,63,yes,yes,fiber-optic,yes,no,yes,no,yes,no,month-to-month,yes,credit-card-automatic,81.83,5069.19,0
CUST-01296,male,0,no,no,63,yes,no,fiber-optic,no,no,no,no,yes,yes,one-year,no,bank-transfer-automatic,88.3,5490.01,0
CUST-01297,female,1,yes,no,1,yes,yes,fiber-optic,yes,yes,no,no,no,yes,one-year,yes,mailed-check,87.42,36.11,1
CUST-01298,male,0,no,yes,57,yes,yes,no,no-internet-service,no-internet-service,no-internet-service,no-internet-service,no-internet-service,no-internet-service,two-year,yes,mailed-check,23.67,1376.29,0
CUST-01299,male,0,yes,yes,69,yes,yes,fiber-optic,no,no,yes,yes,yes,yes,month-to-month,yes,electronic-check,79.46,5375.94,0
CUST-01300,female,0,no,yes,49,yes,no,fiber-optic,yes,yes,yes,yes,no,yes,two-year,yes,electronic-check,100.65,4881.91,0
CUST-01301,male,0,yes,no,14,yes,yes,fiber-optic,yes,yes,no,no,yes,yes,month-to-month,yes,bank-transfer-automatic,93.74,1172.79,0
CUST-01302,female,0,yes,no,48,no,no-phone-service,dsl,yes,yes,yes,yes,yes,yes,month-to-month,yes,credit-card-automatic,75.96,3751.22,0
CUST-01303,male,0,no,yes,46,no,no-phone-service,fiber-optic,yes,no,no,yes,yes,yes,month-to-month,no,bank-transfer-automatic,82.14,3786.42,0
CUST-01304,male,1,yes,yes,48,yes,no,fiber-optic,yes,no,no,no,no,yes,month-to-month,yes,mailed-check,85.73,4138.32,0
CUST-01305,male,0,no,no,31,yes,no,no,no-internet-service,no-internet-service,no-internet-service,no-internet-service,no-internet-service,no-internet-service,month-to-month,yes,electronic-check,25.79,717.74,0
CUST-01306,male,0,yes,no,38,yes,yes,dsl,no,yes,yes,no,no,no,month-to-month,yes,mailed-check,53.75,2129.6,1
CUST-01307,female,0,no,yes,47,yes,yes,dsl,no,no,no,no,yes,no,month-to-month,no,electronic-check,48.91,2411.5,0
CUST-01308,female,0,no,no,34,yes,yes,dsl,yes,yes,yes,no,no,yes,month-to-month,no,mailed-check,74.35,2532.92,0
CUST-01309,female,0,no,no,56,yes,no,no,no-internet-service,no-internet-service,no-internet-service,no-internet-service,no-internet-service,no-internet-service,month-to-month,yes,credit-card-automatic,33.68,1850.15,0
CUST-01310,male,0,yes,no,52,yes,no,no,no-internet-service,no-internet-service,no-internet-service,no-internet-service,no-internet-service,no-internet-service,month-to-month,yes,mailed-check,27.52,1472.46,1
CUST-01311,male,0,yes,no,22,yes,yes,dsl,no,no,yes,yes,yes,no,month-to-month,yes,electronic-check,64.84,1481.59,1
CUST-01312,female,0,yes,yes,44,yes,no,dsl,no,no,no,yes,yes,no,one-year,no,credit-card-automatic,56.05,2531.48,0
CUST-01313,male,0,yes,yes,55,yes,no,no,no-internet-service,no-internet-service,no-internet-service,no-internet-service,no-internet-service,no-internet-service,two-year,no,electronic-check,19.78,1137.69,0
CUST-01314,male,0,yes,no,36,yes,no,no,no-internet-service,no-internet-service,no-internet-service,no-internet-service,no-internet-service,no-internet-service,month-to-month,no,bank-transfer-automatic,18.0,720.3,0
CUST-01315,male,0,no,yes,52,yes,no,fiber-optic,no,no,no,no,no,no,two-year,yes,mailed-check,70.76,3627.57,0
CUST-01316,female,0,no,no,10,yes,no,no,no-internet-service,no-internet-service,no-internet-service,no-internet-service,no-internet-service,no-internet-service,one-year,no,mailed-check,28.96,357.99,0
CUST-01317,male,0,no,yes,28,yes,no,dsl,no,yes,no,no,yes,no,two-year,no,bank-transfer-automatic,58.32,1598.92,0
CUST-01318,male,0,yes,no,51,yes,no,dsl,yes,no,yes,yes,no,yes,month-to-month,yes,electronic-check,63.0,3024.76,1
CUST-01319,female,0,yes,no,65,yes,yes,fiber-optic,no,no,no,yes,no,yes,month-to-month,yes,mailed-check,76.26,4922.18,0
CUST-01320,female,1,no,no,47,yes,no,fiber-optic,no,no,no,yes,no,yes,one-year,yes,credit-card-automatic,83.75,3894.71,0
CUST-01321,female,0,yes,no,48,yes,no,dsl,yes,no,no,no,yes,no,month-to-month,yes,bank-transfer-automatic,48.12,2327.84,0
CUST-01322,female,0,yes,no,25,yes,no,dsl,no,yes,no,yes,yes,no,two-year,no,electronic-check,55.73,1456.1,0
CUST-01323,male,0,yes,yes,51,yes,yes,fiber-optic,no,no,yes,no,no,yes,two-year,yes,mailed-check,94.26,4821.72,0
CUST-01324,male,0,no,no,26,yes,no,dsl,no,yes,yes,yes,no,no,month-to-month,no,credit-card-automatic,54.71,1573.11,0
CUST-01325,male,0,no,yes,4,yes,yes,fiber-optic,yes,yes,no,no,no,yes,one-year,yes,credit-card-automatic,80.59,282.98,1
CUST-01326,female,0,yes,no,18,yes,no,dsl,no,no,no,no,no,no,month-to-month,yes,electronic-check,50.33,756.86,0
CUST-01327,male,0,no,no,45,yes,yes,dsl,no,no,no,yes,no,no,one-year,yes,credit-card-automatic,49.47,2247.0,0
CUST-01328,female,1,yes,yes,70,yes,no,dsl,yes,no,no,no,no,no,one-year,yes,electronic-check,55.71,3858.84,0
CUST-01329,male,0,yes,yes,36,yes,yes,fiber-optic,no,no,yes,no,yes,no,one-year,no,mailed-check,88.9,3118.97,0
CUST-01330,female,1,no,no,62,no,no-phone-service,fiber-optic,no,yes,yes,no,yes,no,month-to-month,yes,bank-transfer-automatic,76.62,4728.13,1
CUST-01331,female,0,yes,yes,57,yes,yes,fiber-optic,no,no,yes,no,no,yes,two-year,no,mailed-check,88.03,4958.95,0
CUST-01332,male,1,no,no,41,no,no-phone-service,dsl,no,yes,yes,no,no,no,month-to-month,no,credit-card-automatic,55.34,2217.58,1
CUST-01333,female,0,yes,yes,58,yes,yes,no,no-internet-service,no-internet-service,no-internet-service,no-internet-service,no-internet-service,no-internet-service,month-to-month,yes,bank-transfer-automatic,18.0,1158.19,0
CUST-01334,male,0,yes,no,29,yes,no,dsl,no,no,yes,no,yes,no,month-to-month,yes,credit-card-automatic,73.38,2137.34,1
CUST-01335,male,0,no,no,32,yes,no,dsl,yes,no,no,no,no,no,month-to-month,no,mailed-check,41.78,1317.06,0
CUST-01336,male,0,yes,no,54,yes,no,fiber-optic,no,no,no,yes,yes,yes,month-to-month,yes,electronic-check,91.73,5073.24,1
CUST-01337,male,0,no,yes,46,yes,no,fiber-optic,yes,no,yes,no,no,yes,month-to-month,yes,electronic-check,96.02,4394.76,0
CUST-01338,female,0,yes,no,38,yes,yes,no,no-internet-service,no-internet-service,no-internet-service,no-internet-service,no-internet-service,no-internet-service,month-to-month,no,credit-card-automatic,18.0,591.74,1
CUST-01339,male,0,no,no,32,yes,no,dsl,yes,no,no,no,yes,no,month-to-month,yes,credit-card-automatic,52.66,1585.64,1
CUST-01340,female,0,yes,no,71,yes,no,fiber-optic,no,yes,yes,no,no,no,month-to-month,yes,mailed-check,79.05,5606.55,1
CUST-01341,male,0,yes,no,5,yes,yes,dsl,no,no,no,no,no,no,two-year,yes,electronic-check,42.48,89.23,1
CUST-01342,female,1,no,no,4,yes,no,dsl,yes,yes,no,no,no,no,month-to-month,no,bank-transfer-automatic,60.53,154.19,1
CUST-01343,female,0,yes,no,35,yes,no,fiber-optic,yes,no,no,yes,yes,yes,month-to-month,yes,electronic-check,99.14,3441.31,1
CUST-01344,male,0,yes,no,3,yes,no,fiber-optic,yes,no,no,no,yes,yes,one-year,yes,electronic-check,84.09,337.17,0
CUST-01345,female,0,no,no,25,yes,no,dsl,yes,no,yes,no,yes,yes,one-year,yes,mailed-check,75.43,1982.64,0
CUST-01346,male,1,no,no,41,yes,yes,fiber-optic,no,no,no,no,no,yes,month-to-month,yes,bank-transfer-automatic,90.21,3748.08,1
CUST-01347,male,0,no,yes,30,yes,no,fiber-optic,no,no,yes,no,yes,no,month-to-month,yes,mailed-check,85.45,2563.21,1
CUST-01348,male,0,no,no,15,yes,yes,dsl,no,no,yes,yes,no,no,one-year,no,credit-card-automatic,62.2,890.22,1
CUST-01349,male,1,no,no,21,yes,no,no,no-internet-service,no-internet-service,no-internet-service,no-internet-service,no-internet-service,no-internet-service,month-to-month,no,bank-transfer-automatic,18.0,407.13,0
CUST-01350,male,1,no,no,44,no,no-phone-service,fiber-optic,yes,yes,yes,yes,yes,yes,month-to-month,no,bank-transfer-automatic,83.02,3786.53,1
CUST-01351,female,0,no,no,69,yes,no,fiber-optic,yes,yes,yes,yes,yes,no,two-year,no,bank-transfer-automatic,101.69,7027.22,0
CUST-01352,female,0,yes,no,57,yes,no,dsl,no,no,no,yes,no,no,month-to-month,yes,electronic-check,59.37,3349.44,0
CUST-01353,female,0,yes,no,40,yes,yes,fiber-optic,no,no,yes,yes,yes,yes,month-to-month,yes,electronic-check,93.94,3745.78,0
CUST-01354,male,0,no,no,10,yes,yes,no,no-internet-service,no-internet-service,no-internet-service,no-internet-service,no-internet-service,no-internet-service,month-to-month,no,electronic-check,27.28,252.8,0
CUST-01355,female,0,no,no,18,yes,yes,dsl,no,yes,yes,yes,yes,no,one-year,yes,bank-transfer-automatic,63.61,1186.14,0
CUST-01356,female,0,yes,no,32,yes,no,fiber-optic,no,yes,yes,yes,yes,yes,month-to-month,yes,bank-transfer-automatic,101.15,3179.52,0
CUST-01357,female,0,yes,no,18,yes,no,dsl,no,no,no,no,yes,no,month-to-month,yes,bank-transfer-automatic,64.78,1196.5,1
CUST-01358,female,0,yes,yes,50,no,no-phone-service,fiber-optic,no,no,no,yes,yes,yes,month-to-month,yes,electronic-check,92.33,4659.11,0
CUST-01359,female,0,no,no,27,yes,no,dsl,yes,yes,no,no,no,yes,month-to-month,no,bank-transfer-automatic,73.74,2016.78,0
CUST-01360,female,0,no,no,61,yes,no,no,no-internet-service,no-internet-service,no-internet-service,no-internet-service,no-internet-service,no-internet-service,month-to-month,yes,electronic-check,30.79,1796.72,0
CUST-01361,female,1,yes,no,20,yes,no,fiber-optic,no,yes,yes,yes,yes,yes,month-to-month,no,mailed-check,89.23,1773.39,0
CUST-01362,female,0,no,no,36,yes,no,fiber-optic,yes,no,yes,no,no,no,month-to-month,no,credit-card-automatic,87.75,3119.49,0
CUST-01363,female,0,no,no,52,yes,no,no,no-internet-service,no-internet-service,no-internet-service,no-internet-service,no-internet-service,no-internet-service,month-to-month,no,bank-transfer-automatic,18.0,930.46,0
CUST-01364,female,0,no,no,15,yes,no,dsl,no,no,no,no,no,no,two-year,no,electronic-check,39.14,537.1,0
CUST-01365,male,0,yes,no,55,yes,yes,fiber-optic,no,no,no,no,no,no,one-year,no,electronic-check,69.71,3927.3,1
CUST-01366,female,0,no,no,43,no,no-phone-service,fiber-optic,yes,no,no,yes,no,no,month-to-month,yes,credit-card-automatic,96.03,4143.31,0
CUST-01367,female,0,no,yes,47,yes,no,fiber-optic,yes,yes,no,no,no,yes,month-to-month,no,credit-card-automatic,82.65,3763.19,0
CUST-01368,female,1,no,no,33,yes,no,dsl,no,yes,yes,no,yes,yes,one-year,yes,electronic-check,55.93,1745.96,1
CUST-01369,male,0,yes,no,68,yes,yes,fiber-optic,yes,yes,yes,yes,yes,yes,one-year,no,credit-card-automatic,90.44,6240.28,0
CUST-01370,male,1,no,no,56,yes,no,fiber-optic,yes,no,no,yes,yes,yes,month-to-month,yes,electronic-check,97.83,5464.97,1
CUST-01371,male,1,no,no,14,yes,yes,fiber-optic,yes,no,no,no,no,yes,month-to-month,yes,mailed-check,77.93,1061.78,1
CUST-01372,female,1,yes,no,41,yes,yes,dsl,yes,no,no,yes,yes,no,month-to-month,no,credit-card-automatic,48.65,2079.29,1
CUST-01373,female,0,yes,yes,66,yes,no,no,no-internet-service,no-internet-service,no-internet-service,no-internet-service,no-internet-service,no-internet-service,month-to-month,no,credit-card-automatic,18.0,1176.64,0
CUST-01374,female,1,no,yes,21,no,no-phone-service,dsl,no,yes,yes,no,yes,yes,month-to-month,yes,credit-card-automatic,71.34,1408.51,0
CUST-01375,male,0,no,no,39,yes,no,dsl,yes,yes,yes,no,yes,yes,month-to-month,yes,bank-transfer-automatic,79.24,3005.79,0
CUST-01376,male,0,yes,yes,55,yes,yes,dsl,no,no,no,yes,no,no,one-year,yes,electronic-check,49.43,2765.71,0
CUST-01377,male,0,yes,no,20,yes,yes,fiber-optic,yes,no,no,no,no,no,month-to-month,yes,bank-transfer-automatic,82.19,1796.01,1
CUST-01378,male,0,yes,no,38,yes,yes,fiber-optic,yes,yes,no,no,yes,no,month-to-month,no,mailed-check,94.32,3647.13,1
CUST-01379,male,0,no,yes,40,yes,no,fiber-optic,no,yes,no,no,no,no,month-to-month,yes,credit-card-automatic,70.73,2800.56,1
CUST-01380,male,0,no,no,13,yes,yes,fiber-optic,no,no,no,no,no,no,one-year,no,electronic-check,71.03,906.39,0
CUST-01381,male,0,yes,no,13,yes,no,no,no-internet-service,no-internet-service,no-internet-service,no-internet-service,no-internet-service,no-internet-service,month-to-month,yes,electronic-check,18.0,237.64,0
CUST-01382,female,0,yes,no,41,yes,yes,fiber-optic,no,no,yes,yes,no,no,one-year,yes,mailed-check,86.31,3387.21,0
CUST-01383,female,1,yes,no,13,yes,no,no,no-internet-service,no-internet-service,no-internet-service,no-internet-service,no-internet-service,no-internet-service,one-year,yes,electronic-check,18.0,235.76,1
CUST-01384,male,0,yes,no,69,yes,yes,fiber-optic,no,yes,yes,no,no,no,month-to-month,yes,electronic-check,72.29,5031.82,0
CUST-01385,female,0,no,yes,38,yes,no,dsl,yes,yes,no,no,yes,yes,month-to-month,no,mailed-check,68.42,2732.93,0
CUST-01386,female,0,no,yes,51,yes,no,fiber-optic,no,yes,no,no,no,no,two-year,yes,mailed-check,85.88,4461.69,0
CUST-01387,male,0,yes,no,29,yes,no,fiber-optic,no,no,no,no,yes,no,two-year,yes,credit-card-automatic,81.08,2496.06,0
CUST-01388,female,0,yes,no,22,yes,no,fiber-optic,yes,no,yes,no,yes,no,month-to-month,yes,electronic-check,95.05,2217.14,1
CUST-01389,male,0,yes,no,36,yes,no,dsl,no,no,no,no,no,yes,one-year,no,credit-card-automatic,60.35,2277.2,1
CUST-01390,male,0,no,no,52,yes,yes,dsl,no,yes,yes,no,yes,no,month-to-month,yes,bank-transfer-automatic,63.34,3295.65,0
CUST-01391,female,0,no,yes,29,yes,no,no,no-internet-service,no-internet-service,no-internet-service,no-internet-service,no-internet-service,no-internet-service,month-to-month,yes,electronic-check,18.0,547.86,0
CUST-01392,male,0,no,no,21,yes,no,no,no-internet-service,no-internet-service,no-internet-service,no-internet-service,no-internet-service,no-internet-service,month-to-month,yes,electronic-check,18.0,252.74,1
CUST-01393,male,0,yes,no,11,yes,no,dsl,no,yes,no,no,yes,no,one-year,no,mailed-check,45.31,508.19,0
CUST-01394,male,1,no,no,40,yes,no,no,no-internet-service,no-internet-service,no-internet-service,no-internet-service,no-internet-service,no-internet-service,two-year,yes,bank-transfer-automatic,31.52,1303.26,0
CUST-01395,female,0,yes,no,49,yes,yes,fiber-optic,no,yes,no,no,no,no,one-year,yes,credit-card-automatic,74.36,3622.39,0
CUST-01396,male,1,no,yes,38,yes,no,fiber-optic,yes,yes,no,no,yes,yes,one-year,yes,mailed-check,80.36,2938.06,0
CUST-01397,male,0,no,yes,19,yes,yes,fiber-optic,no,yes,no,no,yes,no,month-to-month,yes,bank-transfer-automatic,91.87,1864.24,1
CUST-01398,male,0,no,no,18,yes,yes,dsl,no,yes,no,no,yes,yes,two-year,yes,mailed-check,63.75,1177.96,0
CUST-01399,female,0,no,no,28,yes,yes,dsl,no,no,yes,no,yes,no,month-to-month,yes,electronic-check,65.74,1969.77,1
CUST-01400,female,1,yes,no,26,no,no-phone-service,dsl,no,yes,yes,no,no,yes,two-year,yes,credit-card-automatic,62.91,1691.32,0
CUST-01401,male,1,no,no,15,yes,yes,no,no-internet-service,no-internet-service,no-internet-service,no-internet-service,no-internet-service,no-internet-service,month-to-month,yes,bank-transfer-automatic,18.0,372.63,1
CUST-01402,female,0,yes,yes,68,yes,no,fiber-optic,yes,no,yes,no,no,yes,month-to-month,no,credit-card-automatic,90.57,6245.99,0
CUST-01403,female,0,yes,no,24,yes,no,dsl,yes,no,yes,no,no,yes,one-year,yes,credit-card-automatic,67.23,1562.56,0
CUST-01404,female,0,yes,yes,19,yes,no,dsl,no,no,no,no,yes,yes,month-to-month,yes,bank-transfer-automatic,55.76,1021.27,1
CUST-01405,female,0,yes,yes,44,yes,yes,dsl,yes,yes,no,no,no,no,month-to-month,yes,bank-transfer-automatic,68.51,2982.31,0
CUST-01406,female,1,yes,no,58,yes,no,fiber-optic,no,yes,yes,no,no,yes,one-year,yes,electronic-check,96.56,5528.0,0
CUST-01407,female,0,yes,no,34,yes,yes,fiber-optic,yes,no,no,no,yes,yes,one-year,no,credit-card-automatic,91.52,3244.06,0
CUST-01408,male,0,no,no,49,yes,no,fiber-optic,yes,no,no,no,no,yes,month-to-month,yes,bank-transfer-automatic,73.12,3586.05,1
CUST-01409,female,0,yes,yes,7,yes,no,dsl,yes,yes,yes,no,yes,no,month-to-month,no,bank-transfer-automatic,57.99,440.39,1
CUST-01410,female,0,yes,no,39,yes,yes,dsl,no,no,no,no,yes,yes,one-year,yes,credit-card-automatic,67.59,2536.18,0
CUST-01411,female,1,no,no,5,yes,no,fiber-optic,yes,no,no,yes,yes,no,month-to-month,yes,electronic-check,71.49,418.84,1
CUST-01412,male,0,no,no,10,yes,yes,dsl,yes,no,no,yes,yes,yes,month-to-month,no,electronic-check,67.27,641.99,0
CUST-01413,female,0,yes,no,43,yes,no,dsl,no,no,no,no,yes,yes,one-year,yes,mailed-check,59.17,2638.88,0
CUST-01414,male,0,yes,no,15,yes,yes,no,no-internet-service,no-internet-service,no-internet-service,no-internet-service,no-internet-service,no-internet-service,two-year,yes,mailed-check,18.0,218.59,0
CUST-01415,male,0,no,yes,3,no,no-phone-service,dsl,no,no,yes,yes,yes,no,month-to-month,yes,bank-transfer-automatic,62.72,288.05,1
CUST-01416,male,0,no,no,13,yes,no,dsl,yes,no,no,no,yes,yes,one-year,yes,credit-card-automatic,66.36,933.24,0
CUST-01417,male,1,yes,no,56,yes,yes,dsl,yes,no,yes,no,yes,no,month-to-month,no,electronic-check,60.3,3341.87,0
CUST-01418,female,0,no,no,43,yes,no,dsl,no,no,yes,yes,yes,yes,one-year,yes,credit-card-automatic,75.05,3333.49,0
CUST-01419,male,0,yes,no,28,yes,yes,fiber-optic,yes,yes,yes,no,no,no,one-year,no,credit-card-automatic,91.66,2652.64,0
CUST-01420,female,0,yes,no,71,no,no-phone-service,fiber-optic,no,no,no,yes,no,yes,month-to-month,no,credit-card-automatic,80.56,5756.48,0
CUST-01421,male,0,no,no,28,yes,no,no,no-internet-service,no-internet-service,no-internet-service,no-internet-service,no-internet-service,no-internet-service,month-to-month,yes,electronic-check,18.0,429.48,0
CUST-01422,male,0,no,yes,64,yes,no,dsl,yes,no,no,no,yes,no,two-year,no,electronic-check,57.27,3725.29,0
CUST-01423,male,0,no,no,25,yes,yes,dsl,no,yes,no,no,yes,no,one-year,yes,mailed-check,74.89,1877.2,0
CUST-01424,male,0,yes,no,2,yes,no,dsl,yes,no,yes,yes,yes,no,one-year,no,credit-card-automatic,61.94,127.58,0
CUST-01425,female,0,yes,no,8,yes,no,dsl,yes,yes,yes,no,yes,no,month-to-month,yes,mailed-check,80.25,647.54,1
CUST-01426,male,0,yes,no,20,yes,no,fiber-optic,yes,no,no,no,yes,yes,month-to-month,yes,bank-transfer-automatic,72.96,1456.94,1
CUST-01427,male,0,yes,yes,14,yes,yes,fiber-optic,no,yes,no,no,no,no,month-to-month,yes,mailed-check,70.11,916.62,0
CUST-01428,male,0,yes,no,12,yes,yes,fiber-optic,no,no,no,yes,no,yes,month-to-month,yes,electronic-check,77.66,818.27,1
CUST-01429,female,0,no,no,28,yes,no,fiber-optic,no,no,no,yes,yes,no,month-to-month,no,electronic-check,89.59,2379.39,1
CUST-01430,male,0,no,no,71,yes,no,fiber-optic,yes,yes,no,no,yes,no,month-to-month,yes,bank-transfer-automatic,87.44,6230.69,0
CUST-01431,female,0,no,no,15,yes,no,dsl,no,no,no,no,yes,yes,one-year,yes,credit-card-automatic,68.48,845.41,0
CUST-01432,female,1,yes,no,17,yes,no,fiber-optic,no,no,no,no,no,no,month-to-month,no,electronic-check,71.34,1267.25,1
CUST-01433,female,0,yes,no,72,yes,no,no,no-internet-service,no-internet-service,no-internet-service,no-internet-service,no-internet-service,no-internet-service,one-year,yes,bank-transfer-automatic,19.57,1447.0,0
CUST-01434,male,0,no,no,15,yes,no,no,no-internet-service,no-internet-service,no-internet-service,no-internet-service,no-internet-service,no-internet-service,month-to-month,yes,electronic-check,18.0,247.3,1
CUST-01435,female,0,yes,yes,60,yes,no,fiber-optic,no,yes,yes,no,no,yes,month-to-month,no,electronic-check,103.21,6269.59,1
CUST-01436,female,0,no,no,45,yes,yes,dsl,no,no,no,yes,no,no,month-to-month,yes,mailed-check,44.04,1962.29,1
CUST-01437,female,0,yes,no,67,yes,no,dsl,yes,no,no,yes,yes,yes,one-year,yes,credit-card-automatic,63.93,4314.7,0
CUST-01438,male,0,no,no,41,yes,yes,no,no-internet-service,no-internet-service,no-internet-service,no-internet-service,no-internet-service,no-internet-service,one-year,yes,electronic-check,18.0,591.14,0
CUST-01439,female,0,no,no,43,yes,no,dsl,yes,yes,no,no,yes,no,month-to-month,yes,electronic-check,67.59,2738.23,0
CUST-01440,male,0,no,no,17,yes,no,fiber-optic,no,no,yes,yes,no,no,two-year,yes,mailed-check,72.87,1221.14,0
CUST-01441,male,1,no,yes,42,yes,no,fiber-optic,yes,yes,no,yes,yes,no,month-to-month,yes,mailed-check,108.58,4592.07,0
CUST-01442,male,0,no,no,49,yes,yes,no,no-internet-service,no-internet-service,no-internet-service,no-internet-service,no-internet-service,no-internet-service,month-to-month,yes,electronic-check,20.65,1083.12,0
CUST-01443,male,1,yes,no,72,yes,no,fiber-optic,yes,yes,yes,no,yes,yes,one-year,yes,credit-card-automatic,102.3,7352.31,0
CUST-01444,female,1,no,yes,7,yes,yes,dsl,no,no,yes,yes,yes,yes,month-to-month,no,bank-transfer-automatic,73.7,534.39,1
CUST-01445,female,1,no,yes,12,yes,yes,fiber-optic,yes,no,no,yes,no,yes,one-year,yes,electronic-check,88.84,1125.05,0
CUST-01446,female,0,no,no,2,yes,no,dsl,no,no,yes,yes,yes,yes,two-year,yes,credit-card-automatic,68.97,128.36,0
CUST-01447,male,0,yes,no,57,yes,no,dsl,no,yes,yes,no,yes,no,one-year,yes,electronic-check,63.68,3673.8,0
CUST-01448,male,0,yes,no,6,yes,yes,fiber-optic,yes,no,no,no,yes,yes,month-to-month,no,electronic-check,91.15,462.24,0
CUST-01449,male,0,no,yes,66,yes,no,fiber-optic,no,no,yes,no,no,yes,month-to-month,yes,bank-transfer-automatic,75.42,4853.49,0
CUST-01450,female,1,no,no,27,yes,no,fiber-optic,no,no,no,no,no,no,two-year,no,electronic-check,66.06,1743.58,0
CUST-01451,female,0,yes,yes,21,yes,no,dsl,no,yes,yes,no,no,no,month-to-month,yes,credit-card-automatic,64.57,1414.08,0
CUST-01452,female,0,yes,no,71,no,no-phone-service,dsl,yes,yes,yes,no,yes,no,month-to-month,no,electronic-check,67.98,4773.25,0
CUST-01453,female,0,yes,no,52,yes,no,fiber-optic,no,no,yes,yes,yes,no,two-year,yes,credit-card-automatic,70.95,3738.21,0
CUST-01454,female,0,yes,no,40,yes,no,dsl,yes,no,no,yes,yes,no,one-year,yes,mailed-check,59.2,2290.98,0
CUST-01455,male,0,yes,no,65,yes,no,fiber-optic,no,no,no,no,yes,no,month-to-month,yes,credit-card-automatic,89.24,5756.91,0
CUST-01456,female,0,yes,no,55,yes,no,dsl,no,no,yes,yes,yes,no,one-year,yes,credit-card-automatic,61.72,3412.75,0
CUST-01457,male,1,yes,yes,46,yes,yes,dsl,no,no,yes,no,no,no,month-to-month,yes,credit-card-automatic,50.75,2284.44,0
CUST-01458,female,0,no,no,24,yes,yes,no,no-internet-service,no-internet-service,no-internet-service,no-internet-service,no-internet-service,no-internet-service,two-year,no,mailed-check,18.0,394.65,0
CUST-01459,female,0,yes,no,71,yes,no,no,no-internet-service,no-internet-service,no-internet-service,no-internet-service,no-internet-service,no-internet-service,one-year,yes,bank-transfer-automatic,18.0,1082.37,0
CUST-01460,male,0,yes,no,52,yes,yes,fiber-optic,yes,yes,yes,no,no,no,month-to-month,no,electronic-check,77.69,4102.82,0
CUST-01461,male,1,yes,no,69,yes,no,fiber-optic,yes,yes,yes,no,yes,yes,month-to-month,no,electronic-check,102.43,7058.78,0
CUST-01462,female,0,yes,no,70,yes,yes,no,no-internet-service,no-internet-service,no-internet-service,no-internet-service,no-internet-service,no-internet-service,month-to-month,yes,credit-card-automatic,20.39,1356.4,0
CUST-01463,female,0,no,no,40,yes,no,fiber-optic,no,yes,no,yes,no,no,month-to-month,yes,bank-transfer-automatic,79.09,3301.05,1
CUST-01464,female,0,no,yes,26,yes,no,fiber-optic,yes,no,no,no,no,yes,one-year,yes,electronic-check,75.9,1914.21,1
CUST-01465,male,1,yes,yes,69,yes,no,fiber-optic,no,yes,no,no,no,no,month-to-month,yes,credit-card-automatic,91.21,6254.82,0
CUST-01466,female,0,yes,yes,72,yes,no,dsl,no,yes,no,no,no,no,two-year,yes,bank-transfer-automatic,47.36,3337.79,0
CUST-01467,male,0,yes,no,9,yes,yes,dsl,no,no,no,no,yes,yes,month-to-month,yes,credit-card-automatic,52.39,554.29,0
CUST-01468,female,1,yes,no,46,yes,no,no,no-internet-service,no-internet-service,no-internet-service,no-internet-service,no-internet-service,no-internet-service,month-to-month,yes,bank-transfer-automatic,20.06,1030.29,0
CUST-01469,male,0,yes,no,44,yes,yes,fiber-optic,no,no,no,yes,no,no,one-year,yes,credit-card-automatic,76.18,3451.96,0
CUST-01470,female,0,yes,no,54,yes,no,fiber-optic,yes,yes,yes,no,yes,no,one-year,no,bank-transfer-automatic,95.86,5275.77,0
CUST-01471,male,0,yes,yes,71,yes,no,fiber-optic,no,yes,no,yes,no,yes,month-to-month,yes,bank-transfer-automatic,94.44,6660.44,0
CUST-01472,male,0,no,no,19,yes,yes,dsl,yes,no,yes,no,no,no,month-to-month,yes,mailed-check,64.84,1357.39,1
CUST-01473,female,0,yes,yes,71,yes,yes,fiber-optic,yes,no,no,yes,no,yes,month-to-month,yes,bank-transfer-automatic,106.44,7542.57,1
CUST-01474,female,0,yes,no,47,yes,no,no,no-internet-service,no-internet-service,no-internet-service,no-internet-service,no-internet-service,no-internet-service,one-year,no,credit-card-automatic,18.0,730.3,1
CUST-01475,male,0,no,no,6,yes,yes,dsl,no,no,no,no,yes,yes,two-year,no,bank-transfer-automatic,59.85,327.11,0
CUST-01476,female,0,yes,no,37,yes,no,dsl,yes,yes,yes,no,no,yes,one-year,yes,bank-transfer-automatic,63.84,2386.53,0
CUST-01477,female,0,yes,yes,10,yes,yes,dsl,yes,no,no,no,no,yes,one-year,no,credit-card-automatic,74.08,692.44,0
CUST-01478,female,0,yes,yes,69,yes,no,dsl,no,yes,yes,no,yes,no,one-year,yes,credit-card-automatic,64.4,4454.62,0
CUST-01479,female,0,yes,no,55,yes,no,dsl,yes,no,yes,no,yes,no,one-year,yes,electronic-check,46.76,2612.04,0
CUST-01480,female,1,yes,yes,66,yes,no,fiber-optic,no,yes,no,no,yes,no,one-year,yes,bank-transfer-automatic,87.47,5803.82,0
CUST-01481,female,0,no,no,44,yes,no,dsl,yes,no,yes,no,yes,no,month-to-month,no,credit-card-automatic,65.13,2914.85,1
CUST-01482,female,0,no,no,29,yes,yes,dsl,no,no,no,no,no,yes,month-to-month,yes,electronic-check,59.06,1699.24,1
CUST-01483,female,0,yes,no,31,yes,no,dsl,yes,yes,no,no,no,no,two-year,yes,credit-card-automatic,52.21,1563.96,0
CUST-01484,female,0,yes,yes,69,yes,no,fiber-optic,yes,yes,no,yes,no,yes,two-year,yes,mailed-check,94.62,6418.52,0
CUST-01485,female,0,no,no,11,yes,no,no,no-internet-service,no-internet-service,no-internet-service,no-internet-service,no-internet-service,no-internet-service,one-year,no,electronic-check,18.0,191.4,0
CUST-01486,male,0,no,no,64,yes,yes,no,no-internet-service,no-internet-service,no-internet-service,no-internet-service,no-internet-service,no-internet-service,month-to-month,no,credit-card-automatic,18.0,1111.71,0
CUST-01487,female,0,yes,no,31,no,no-phone-service,dsl,yes,no,no,no,no,yes,one-year,yes,mailed-check,60.74,1874.06,0
CUST-01488,female,0,yes,no,43,yes,no,no,no-internet-service,no-internet-service,no-internet-service,no-internet-service,no-internet-service,no-internet-service,month-to-month,yes,mailed-check,21.22,757.17,0
CUST-01489,female,0,yes,yes,49,yes,no,dsl,no,yes,no,yes,yes,no,month-to-month,no,credit-card-automatic,71.4,3384.72,0
CUST-01490,male,0,no,no,6,yes,yes,fiber-optic,yes,no,no,yes,no,no,month-to-month,no,electronic-check,82.22,531.57,1
CUST-01491,female,0,yes,no,11,yes,no,dsl,no,yes,no,yes,yes,no,one-year,yes,credit-card-automatic,67.83,623.47,0
CUST-01492,female,1,yes,no,12,yes,yes,fiber-optic,no,no,no,no,yes,no,month-to-month,yes,electronic-check,69.34,817.83,0
CUST-01493,female,0,yes,no,57,yes,no,dsl,no,no,no,yes,yes,no,one-year,yes,credit-card-automatic,69.16,3879.81,0
CUST-01494,female,0,yes,no,6,yes,yes,dsl,no,no,no,no,no,yes,one-year,yes,bank-transfer-automatic,46.78,213.61,1
CUST-01495,female,0,yes,no,44,yes,yes,fiber-optic,yes,yes,no,no,yes,no,month-to-month,yes,bank-transfer-automatic,94.22,4152.08,0
CUST-01496,female,0,no,no,8,yes,yes,fiber-optic,no,yes,yes,no,no,no,month-to-month,yes,bank-transfer-automatic,84.1,674.94,1
CUST-01497,male,0,no,no,56,yes,yes,dsl,no,no,yes,no,yes,yes,one-year,no,mailed-check,64.09,3630.01,1
CUST-01498,male,0,yes,no,71,no,no-phone-service,dsl,no,yes,no,no,no,no,two-year,no,bank-transfer-automatic,59.08,4112.03,0
CUST-01499,female,0,yes,yes,30,yes,yes,no,no-internet-service,no-internet-service,no-internet-service,no-internet-service,no-internet-service,no-internet-service,two-year,yes,credit-card-automatic,18.0,473.67,0
CUST-01500,male,0,no,no,16,yes,no,fiber-optic,no,no,no,no,no,no,month-to-month,yes,electronic-check,67.41,1162.8,1
CUST-01501,male,0,yes,no,33,yes,no,no,no-internet-service,no-internet-service,no-internet-service,no-internet-service,no-internet-service,no-internet-service,one-year,yes,bank-transfer-automatic,25.97,840.16,0
CUST-01502,female,0,yes,yes,50,yes,no,fiber-optic,no,yes,no,no,no,no,one-year,yes,bank-transfer-automatic,92.38,4646.44,0
CUST-01503,female,1,yes,no,53,yes,no,fiber-optic,no,no,yes,no,yes,no,month-to-month,yes,electronic-check,83.81,4404.65,0
CUST-01504,female,0,no,no,46,yes,yes,dsl,yes,no,yes,yes,yes,no,one-year,yes,electronic-check,48.5,2265.14,1
CUST-01505,male,1,no,no,42,yes,yes,dsl,no,yes,yes,no,no,yes,month-to-month,yes,bank-transfer-automatic,62.46,2436.66,0
CUST-01506,female,0,no,no,46,yes,no,dsl,no,yes,yes,no,no,no,one-year,no,electronic-check,57.52,2732.28,1
CUST-01507,male,1,no,yes,16,yes,no,fiber-optic,no,yes,yes,no,no,yes,month-to-month,yes,bank-transfer-automatic,97.88,1531.93,1
CUST-01508,female,0,yes,yes,15,yes,no,fiber-optic,no,no,no,yes,no,no,month-to-month,yes,electronic-check,77.39,1067.18,1
CUST-01509,male,0,yes,no,68,yes,no,dsl,yes,no,yes,no,no,no,month-to-month,yes,bank-transfer-automatic,47.79,3170.03,0
CUST-01510,male,0,yes,no,42,yes,no,fiber-optic,no,no,no,no,no,yes,month-to-month,no,electronic-check,84.71,3538.05,1
CUST-01511,female,0,no,no,63,yes,no,fiber-optic,yes,no,no,no,no,yes,month-to-month,yes,credit-card-automatic,86.55,5444.37,1
CUST-01512,female,1,no,no,46,no,no-phone-service,fiber-optic,no,no,yes,no,yes,yes,month-to-month,yes,bank-transfer-automatic,83.41,3847.45,1
CUST-01513,male,0,yes,yes,33,yes,no,fiber-optic,no,no,no,yes,no,no,month-to-month,yes,electronic-check,82.76,2641.63,1
CUST-01514,female,0,no,yes,42,yes,no,dsl,no,yes,yes,yes,no,yes,month-to-month,yes,electronic-check,63.63,2737.8,0
CUST-01515,female,0,yes,no,50,yes,no,fiber-optic,yes,no,no,no,no,yes,month-to-month,yes,electronic-check,79.61,3941.18,0
CUST-01516,male,1,yes,yes,14,yes,yes,dsl,no,no,no,yes,yes,yes,month-to-month,no,electronic-check,60.76,807.57,0
CUST-01517,female,0,yes,no,34,no,no-phone-service,dsl,no,no,no,no,no,yes,two-year,yes,credit-card-automatic,50.52,1700.71,0
CUST-01518,female,0,no,no,53,yes,yes,dsl,yes,no,yes,yes,no,yes,month-to-month,yes,electronic-check,75.25,4037.96,1
CUST-01519,female,1,no,no,7,yes,yes,dsl,yes,yes,yes,no,yes,no,one-year,yes,credit-card-automatic,55.71,387.43,0
CUST-01520,female,1,no,no,6,yes,no,dsl,yes,no,yes,no,yes,no,month-to-month,yes,bank-transfer-automatic,73.83,402.3,1
CUST-01521,male,0,no,yes,12,yes,no,no,no-internet-service,no-internet-service,no-internet-service,no-internet-service,no-internet-service,no-internet-service,month-to-month,no,mailed-check,21.41,232.64,1
CUST-01522,male,0,no,yes,43,yes,yes,fiber-optic,no,no,yes,no,no,yes,two-year,yes,electronic-check,78.88,3483.28,1
CUST-01523,female,1,no,yes,18,yes,no,dsl,no,yes,no,no,no,no,one-year,no,mailed-check,55.17,1072.21,0
CUST-01524,female,0,no,no,32,yes,yes,fiber-optic,no,no,yes,no,no,no,one-year,yes,mailed-check,69.73,2258.8,1
CUST-01525,male,0,yes,no,10,yes,no,dsl,no,no,yes,yes,yes,no,month-to-month,no,bank-transfer-automatic,49.95,510.65,1
CUST-01526,female,0,no,no,19,yes,yes,dsl,no,no,yes,yes,yes,no,month-to-month,yes,bank-transfer-automatic,55.95,1236.57,1
CUST-01527,female,0,no,yes,2,yes,no,fiber-optic,yes,yes,yes,yes,no,yes,month-to-month,no,credit-card-automatic,81.84,198.44,1
CUST-01528,female,0,no,no,59,yes,no,fiber-optic,yes,no,no,no,yes,no,month-to-month,yes,electronic-check,71.18,4213.17,0
CUST-01529,female,0,yes,yes,34,yes,no,fiber-optic,yes,no,yes,no,yes,yes,two-year,yes,mailed-check,79.02,2671.52,0
CUST-01530,male,0,no,no,13,yes,no,fiber-optic,no,no,no,yes,yes,no,month-to-month,yes,mailed-check,91.79,1220.03,1
CUST-01531,female,0,no,no,38,yes,yes,dsl,no,no,no,no,yes,no,month-to-month,yes,electronic-check,42.73,1395.35,1
CUST-01532,female,0,yes,yes,68,yes,no,fiber-optic,no,yes,yes,yes,yes,yes,month-to-month,yes,electronic-check,96.67,6650.64,0
CUST-01533,male,0,no,no,60,yes,yes,dsl,no,no,no,yes,no,yes,month-to-month,yes,electronic-check,66.93,3920.42,0
CUST-01534,female,0,yes,yes,64,yes,no,no,no-internet-service,no-internet-service,no-internet-service,no-internet-service,no-internet-service,no-internet-service,month-to-month,yes,credit-card-automatic,26.8,1661.34,0
CUST-01535,male,0,yes,no,30,yes,no,fiber-optic,no,yes,no,no,no,yes,month-to-month,yes,mailed-check,79.64,2284.19,1
CUST-01536,female,0,yes,no,26,yes,no,fiber-optic,no,yes,yes,yes,yes,yes,two-year,yes,electronic-check,94.68,2406.45,1
CUST-01537,female,0,no,no,23,yes,no,fiber-optic,yes,yes,yes,no,no,no,month-to-month,no,bank-transfer-automatic,88.44,2008.6,1
CUST-01538,female,0,no,no,22,yes,yes,no,no-internet-service,no-internet-service,no-internet-service,no-internet-service,no-internet-service,no-internet-service,month-to-month,yes,mailed-check,36.9,878.5,0
CUST-01539,male,1,yes,no,67,yes,no,fiber-optic,no,yes,no,no,yes,yes,month-to-month,yes,credit-card-automatic,92.3,6280.78,0
CUST-01540,male,0,no,yes,10,yes,yes,fiber-optic,no,yes,yes,yes,yes,yes,one-year,yes,bank-transfer-automatic,102.35,1169.08,1
CUST-01541,female,1,yes,no,62,yes,no,no,no-internet-service,no-internet-service,no-internet-service,no-internet-service,no-internet-service,no-internet-service,month-to-month,yes,credit-card-automatic,40.13,2495.73,0
CUST-01542,female,0,yes,no,66,yes,no,dsl,yes,yes,yes,no,no,no,two-year,no,electronic-check,65.22,4288.09,0
CUST-01543,female,0,no,yes,61,yes,no,fiber-optic,no,yes,no,no,no,no,one-year,no,credit-card-automatic,86.18,5315.45,0
CUST-01544,male,1,no,no,46,yes,no,no,no-internet-service,no-internet-service,no-internet-service,no-internet-service,no-internet-service,no-internet-service,month-to-month,yes,electronic-check,25.82,1123.66,0
CUST-01545,female,1,no,no,62,yes,no,no,no-internet-service,no-internet-service,no-internet-service,no-internet-service,no-internet-service,no-internet-service,one-year,yes,bank-transfer-automatic,25.71,1521.58,0
CUST-01546,male,0,no,no,3,yes,yes,dsl,no,yes,yes,no,no,yes,month-to-month,yes,electronic-check,55.29,138.33,0
CUST-01547,male,0,no,yes,59,yes,no,fiber-optic,no,no,no,yes,yes,yes,month-to-month,yes,bank-transfer-automatic,77.97,4597.69,0
CUST-01548,male,0,yes,no,37,yes,no,dsl,yes,no,yes,no,no,yes,one-year,yes,credit-card-automatic,58.9,2024.29,0
CUST-01549,female,0,yes,no,70,yes,no,fiber-optic,yes,yes,yes,yes,no,yes,month-to-month,no,mailed-check,104.06,7364.22,0
CUST-01550,female,0,yes,yes,7,yes,yes,dsl,no,no,yes,no,no,yes,month-to-month,yes,bank-transfer-automatic,64.68,470.77,0
CUST-01551,female,1,no,yes,67,yes,yes,fiber-optic,no,yes,yes,no,yes,no,two-year,yes,bank-transfer-automatic,99.67,6737.75,0
CUST-01552,male,0,no,no,42,yes,no,dsl,yes,no,no,no,yes,yes,one-year,no,electronic-check,62.91,2524.43,1
CUST-01553,male,0,no,no,8,yes,no,dsl,no,no,no,no,yes,no,month-to-month,yes,credit-card-automatic,57.3,408.52,0
CUST-01554,male,0,yes,no,37,yes,no,no,no-internet-service,no-internet-service,no-internet-service,no-internet-service,no-internet-service,no-internet-service,two-year,no,bank-transfer-automatic,24.34,846.9,0
CUST-01555,female,0,yes,yes,3,yes,yes,no,no-internet-service,no-internet-service,no-internet-service,no-internet-service,no-internet-service,no-internet-service,month-to-month,yes,bank-transfer-automatic,19.14,42.21,0
CUST-01556,female,0,no,no,6,yes,yes,fiber-optic,no,no,yes,no,yes,no,one-year,yes,bank-transfer-automatic,79.43,474.06,0
CUST-01557,male,0,no,no,39,yes,no,fiber-optic,no,yes,yes,no,no,no,month-to-month,yes,electronic-check,70.12,2799.9,1
CUST-01558,male,0,yes,no,59,no,no-phone-service,dsl,yes,yes,yes,no,yes,yes,month-to-month,yes,electronic-check,71.78,4242.43,0
CUST-01559,male,0,yes,no,8,yes,yes,fiber-optic,yes,no,no,no,yes,no,one-year,yes,electronic-check,81.17,593.76,0
CUST-01560,male,0,yes,yes,19,yes,yes,fiber-optic,yes,no,no,no,yes,yes,month-to-month,no,electronic-check,96.08,1989.6,1
CUST-01561,female,0,yes,yes,29,yes,yes,dsl,no,yes,yes,no,no,no,two-year,yes,bank-transfer-automatic,67.86,1948.02,0
CUST-01562,female,1,yes,no,39,yes,yes,fiber-optic,no,no,no,yes,yes,no,month-to-month,yes,credit-card-automatic,85.17,3253.62,1
CUST-01563,female,0,yes,no,1,yes,no,fiber-optic,no,yes,yes,yes,yes,no,two-year,yes,credit-card-automatic,108.51,0.0,0
CUST-01564,male,0,no,yes,47,yes,yes,dsl,no,yes,yes,yes,yes,yes,month-to-month,yes,electronic-check,74.52,3509.22,1
CUST-01565,male,0,yes,no,36,yes,no,no,no-internet-service,no-internet-service,no-internet-service,no-internet-service,no-internet-service,no-internet-service,month-to-month,yes,bank-transfer-automatic,28.26,1069.17,1
CUST-01566,female,0,yes,no,70,yes,no,dsl,no,no,no,yes,no,no,month-to-month,yes,electronic-check,52.2,3568.5,1
CUST-01567,male,0,yes,no,22,yes,no,fiber-optic,no,no,no,yes,yes,yes,month-to-month,yes,electronic-check,77.88,1760.23,1
CUST-01568,male,0,no,no,36,yes,no,dsl,no,no,yes,no,no,yes,one-year,yes,bank-transfer-automatic,54.6,1971.87,1
CUST-01569,male,0,yes,no,6,yes,no,no,no-internet-service,no-internet-service,no-internet-service,no-internet-service,no-internet-service,no-internet-service,one-year,yes,bank-transfer-automatic,31.79,57.74,0
CUST-01570,male,1,yes,no,67,yes,no,fiber-optic,no,no,no,yes,yes,no,two-year,yes,electronic-check,81.89,5533.56,0
CUST-01571,female,0,yes,no,61,yes,no,dsl,no,no,no,yes,no,no,month-to-month,no,electronic-check,49.27,2985.59,0
CUST-01572,female,0,no,no,26,no,no-phone-service,dsl,no,yes,yes,yes,no,yes,month-to-month,yes,credit-card-automatic,67.97,1682.76,1
CUST-01573,male,0,no,no,34,yes,no,dsl,no,no,yes,yes,no,no,month-to-month,no,bank-transfer-automatic,54.88,1937.69,0
CUST-01574,male,1,yes,yes,62,no,no-phone-service,fiber-optic,no,yes,no,yes,yes,no,one-year,yes,electronic-check,98.55,6180.44,0
CUST-01575,female,1,yes,no,22,yes,no,no,no-internet-service,no-internet-service,no-internet-service,no-internet-service,no-internet-service,no-internet-service,two-year,yes,credit-card-automatic,37.08,729.68,0
CUST-01576,female,0,yes,yes,17,yes,yes,fiber-optic,yes,yes,no,no,no,no,month-to-month,yes,credit-card-automatic,82.05,1416.86,1
CUST-01577,male,0,no,no,18,yes,yes,fiber-optic,no,no,no,no,yes,no,month-to-month,yes,credit-card-automatic,81.32,1479.01,1
CUST-01578,male,0,no,yes,51,yes,yes,fiber-optic,no,no,yes,no,no,yes,month-to-month,yes,bank-transfer-automatic,89.78,4573.69,1
CUST-01579,female,0,yes,no,16,yes,yes,dsl,yes,no,no,no,yes,no,month-to-month,yes,mailed-check,58.87,903.25,0
CUST-01580,male,0,yes,yes,7,yes,no,fiber-optic,yes,yes,no,no,no,yes,one-year,yes,electronic-check,79.98,548.73,0
CUST-01581,female,0,no,no,12,yes,no,dsl,no,yes,no,no,no,yes,month-to-month,yes,electronic-check,54.72,727.03,1
CUST-01582,female,0,no,no,71,yes,yes,no,no-internet-service,no-internet-service,no-internet-service,no-internet-service,no-internet-service,no-internet-service,two-year,yes,electronic-check,23.3,1684.99,0
CUST-01583,male,0,yes,yes,63,yes,yes,fiber-optic,no,no,no,yes,yes,yes,month-to-month,yes,electronic-check,90.15,5534.86,1
CUST-01584,female,0,yes,no,69,yes,yes,dsl,yes,no,yes,yes,no,no,month-to-month,yes,electronic-check,48.66,3196.78,0
CUST-01585,male,0,yes,no,20,yes,no,no,no-internet-service,no-internet-service,no-internet-service,no-internet-service,no-internet-service,no-internet-service,month-to-month,yes,electronic-check,18.0,220.72,1
CUST-01586,female,0,no,no,32,no,no-phone-service,fiber-optic,yes,yes,no,no,no,yes,month-to-month,yes,mailed-check,81.1,2493.33,0
CUST-01587,male,0,no,yes,36,yes,yes,dsl,no,no,yes,no,no,no,one-year,yes,mailed-check,60.06,2105.52,0
CUST-01588,female,0,no,no,38,yes,yes,no,no-internet-service,no-internet-service,no-internet-service,no-internet-service,no-internet-service,no-internet-service,two-year,yes,bank-transfer-automatic,18.0,650.05,0
CUST-01589,male,0,no,no,2,yes,no,dsl,yes,no,yes,yes,no,yes,month-to-month,yes,credit-card-automatic,64.31,123.7,0
CUST-01590,female,0,yes,no,44,yes,yes,dsl,no,no,yes,no,no,yes,month-to-month,yes,bank-transfer-automatic,54.03,2374.78,0
CUST-01591,male,0,yes,no,3,yes,no,no,no-internet-service,no-internet-service,no-internet-service,no-internet-service,no-internet-service,no-internet-service,one-year,no,credit-card-automatic,26.33,75.34,0
CUST-01592,female,0,yes,yes,20,yes,no,dsl,no,yes,no,yes,yes,yes,one-year,yes,bank-transfer-automatic,75.75,1600.77,0
CUST-01593,female,0,no,yes,22,no,no-phone-service,fiber-optic,yes,yes,no,no,yes,yes,one-year,yes,electronic-check,95.95,1985.15,1
CUST-01594,female,0,no,no,49,yes,no,fiber-optic,no,no,no,no,yes,no,month-to-month,yes,mailed-check,85.85,4231.7,0
CUST-01595,male,0,yes,yes,65,yes,yes,dsl,yes,no,yes,no,no,yes,one-year,no,credit-card-automatic,72.88,4761.88,0
CUST-01596,female,0,yes,yes,51,yes,yes,fiber-optic,no,yes,no,no,yes,no,month-to-month,no,electronic-check,67.52,3348.82,1
CUST-01597,male,0,no,no,32,yes,no,fiber-optic,no,no,no,no,yes,no,month-to-month,yes,credit-card-automatic,81.74,2655.71,1
CUST-01598,male,0,no,yes,38,yes,yes,fiber-optic,no,yes,yes,yes,yes,no,two-year,no,electronic-check,89.04,3411.46,0
CUST-01599,male,0,no,yes,37,yes,no,no,no-internet-service,no-internet-service,no-internet-service,no-internet-service,no-internet-service,no-internet-service,month-to-month,yes,mailed-check,18.0,662.76,0
CUST-01600,male,0,yes,no,11,yes,no,dsl,yes,no,no,no,yes,no,month-to-month,no,bank-transfer-automatic,55.44,428.51,1
CUST-01601,female,0,no,no,69,yes,yes,fiber-optic,yes,yes,yes,no,no,yes,month-to-month,yes,mailed-check,97.85,6823.93,1
CUST-01602,male,0,no,no,67,yes,yes,fiber-optic,yes,yes,yes,no,yes,yes,month-to-month,yes,mailed-check,108.64,7295.88,0
CUST-01603,male,0,no,no,18,yes,no,fiber-optic,no,no,no,no,no,no,two-year,yes,credit-card-automatic,61.24,1132.59,0
CUST-01604,female,0,no,no,9,no,no-phone-service,fiber-optic,no,yes,yes,yes,no,yes,month-to-month,yes,bank-transfer-automatic,96.95,618.25,1
CUST-01605,female,0,no,yes,12,yes,no,dsl,yes,yes,no,yes,no,yes,month-to-month,no,mailed-check,83.73,964.9,0
CUST-01606,male,1,no,no,46,yes,yes,fiber-optic,yes,no,no,no,no,no,two-year,yes,electronic-check,93.65,4200.37,1
CUST-01607,female,0,no,yes,3,yes,no,no,no-internet-service,no-internet-service,no-internet-service,no-internet-service,no-internet-service,no-internet-service,month-to-month,yes,electronic-check,18.0,151.01,1
CUST-01608,male,0,yes,yes,8,yes,yes,fiber-optic,no,no,yes,no,yes,yes,month-to-month,yes,credit-card-automatic,104.43,752.56,1
CUST-01609,female,0,yes,no,47,yes,yes,fiber-optic,no,no,no,no,yes,yes,month-to-month,no,bank-transfer-automatic,89.69,4326.37,1
CUST-01610,female,0,no,no,11,yes,no,no,no-internet-service,no-internet-service,no-internet-service,no-internet-service,no-internet-service,no-internet-service,month-to-month,no,bank-transfer-automatic,18.0,269.46,1
CUST-01611,male,0,no,no,5,yes,no,fiber-optic,yes,yes,yes,yes,no,no,month-to-month,yes,credit-card-automatic,85.87,445.95,1
CUST-01612,female,0,yes,yes,2,yes,no,fiber-optic,yes,yes,yes,no,yes,no,one-year,yes,mailed-check,102.06,289.27,1
CUST-01613,male,0,yes,yes,51,yes,no,fiber-optic,no,no,no,yes,no,yes,month-to-month,yes,bank-transfer-automatic,84.88,4258.05,0
CUST-01614,male,0,no,no,27,yes,yes,dsl,no,yes,yes,yes,yes,yes,one-year,yes,credit-card-automatic,68.41,1789.68,0
CUST-01615,female,0,no,no,21,yes,yes,fiber-optic,yes,yes,yes,no,no,yes,two-year,no,bank-transfer-automatic,92.53,2012.31,1
CUST-01616,female,0,no,no,47,yes,yes,dsl,yes,yes,no,yes,no,yes,month-to-month,no,mailed-check,72.37,3330.9,0
CUST-01617,male,0,yes,yes,13,yes,no,dsl,no,yes,yes,no,no,yes,month-to-month,no,electronic-check,58.37,659.37,1
CUST-01618,male,0,no,yes,38,yes,yes,no,no-internet-service,no-internet-service,no-internet-service,no-internet-service,no-internet-service,no-internet-service,month-to-month,yes,credit-card-automatic,18.98,697.14,0
CUST-01619,female,1,no,no,35,yes,no,dsl,no,no,yes,no,no,yes,month-to-month,no,bank-transfer-automatic,67.18,2285.14,1
CUST-01620,male,0,yes,no,49,yes,yes,dsl,yes,yes,no,no,no,no,month-to-month,no,credit-card-automatic,52.39,2707.01,0
CUST-01621,female,0,yes,yes,45,yes,no,dsl,yes,no,yes,yes,yes,yes,month-to-month,no,electronic-check,62.14,2854.45,1
CUST-01622,female,0,no,yes,49,yes,yes,dsl,yes,yes,yes,no,no,yes,month-to-month,yes,mailed-check,62.9,3038.9,0
CUST-01623,male,0,yes,yes,16,yes,yes,dsl,no,yes,yes,no,no,yes,month-to-month,yes,electronic-check,55.89,819.14,1
CUST-01624,female,0,no,yes,11,yes,no,dsl,yes,no,no,no,yes,yes,month-to-month,no,electronic-check,58.16,665.16,1
CUST-01625,male,0,no,no,39,yes,no,fiber-optic,yes,no,no,yes,yes,no,one-year,yes,mailed-check,73.18,2943.09,1
CUST-01626,male,0,no,yes,5,yes,no,dsl,no,yes,yes,yes,yes,no,month-to-month,yes,bank-transfer-automatic,69.88,371.22,0
CUST-01627,male,0,yes,no,33,yes,yes,fiber-optic,yes,yes,yes,yes,no,no,one-year,yes,credit-card-automatic,98.94,3193.69,1
CUST-01628,male,0,no,no,46,no,no-phone-service,dsl,yes,no,yes,yes,no,yes,month-to-month,yes,credit-card-automatic,61.51,2721.71,0
CUST-01629,female,0,yes,no,60,yes,no,fiber-optic,yes,no,yes,yes,no,yes,month-to-month,no,electronic-check,86.78,5178.44,1
CUST-01630,female,0,no,no,48,yes,yes,fiber-optic,no,yes,yes,no,yes,no,one-year,no,electronic-check,85.5,4127.69,1
CUST-01631,male,0,yes,yes,72,yes,no,fiber-optic,yes,yes,no,yes,no,no,month-to-month,no,mailed-check,79.71,5703.83,0
CUST-01632,male,0,no,yes,41,yes,no,fiber-optic,no,yes,yes,yes,no,yes,one-year,yes,electronic-check,99.87,4170.25,1
CUST-01633,female,0,no,no,33,yes,no,fiber-optic,no,no,no,no,yes,yes,month-to-month,no,electronic-check,74.89,2510.91,1
CUST-01634,male,0,yes,no,18,yes,no,fiber-optic,no,no,yes,no,no,yes,month-to-month,yes,bank-transfer-automatic,77.79,1418.02,1
CUST-01635,female,0,yes,yes,49,yes,no,dsl,yes,yes,no,yes,no,yes,month-to-month,yes,mailed-check,61.89,3070.67,0
CUST-01636,male,0,no,no,59,yes,no,fiber-optic,no,yes,yes,yes,yes,no,month-to-month,yes,bank-transfer-automatic,100.06,5799.35,1
CUST-01637,female,0,yes,yes,24,yes,no,no,no-internet-service,no-internet-service,no-internet-service,no-internet-service,no-internet-service,no-internet-service,one-year,no,electronic-check,18.15,398.23,0
CUST-01638,male,1,yes,yes,6,yes,no,dsl,no,no,no,no,no,no,month-to-month,no,electronic-check,65.94,317.62,1
CUST-01639,female,0,yes,no,1,no,no-phone-service,fiber-optic,yes,no,yes,no,yes,no,month-to-month,no,mailed-check,89.83,118.66,1
CUST-01640,female,0,no,no,46,no,no-phone-service,fiber-optic,no,no,no,no,yes,no,month-to-month,no,bank-transfer-automatic,86.27,3891.54,0
CUST-01641,male,0,no,no,48,yes,no,fiber-optic,no,no,no,no,no,yes,month-to-month,yes,mailed-check,74.41,3577.83,1
CUST-01642,female,1,yes,no,9,yes,yes,fiber-optic,no,yes,no,no,no,no,month-to-month,no,credit-card-automatic,71.46,630.8,1
CUST-01643,female,0,no,yes,2,yes,no,dsl,yes,no,no,yes,no,no,one-year,yes,bank-transfer-automatic,57.73,160.46,0
CUST-01644,male,0,yes,yes,48,yes,no,dsl,no,yes,yes,no,yes,yes,one-year,no,mailed-check,62.57,2913.61,0
CUST-01645,female,1,yes,no,29,yes,no,dsl,no,yes,yes,no,no,no,two-year,no,credit-card-automatic,44.01,1310.17,0
CUST-01646,female,0,yes,no,31,yes,no,fiber-optic,no,no,no,no,no,yes,month-to-month,yes,electronic-check,85.11,2558.2,1
CUST-01647,female,1,yes,no,19,yes,yes,dsl,no,no,yes,yes,yes,yes,one-year,yes,electronic-check,70.26,1262.62,1
CUST-01648,male,0,yes,yes,52,yes,no,fiber-optic,no,yes,no,no,yes,no,two-year,yes,bank-transfer-automatic,76.4,3962.11,0
CUST-01649,male,0,no,no,54,yes,no,no,no-internet-service,no-internet-service,no-internet-service,no-internet-service,no-internet-service,no-internet-service,month-to-month,no,electronic-check,23.01,1332.11,0
CUST-01650,male,0,yes,no,4,yes,no,no,no-internet-service,no-internet-service,no-internet-service,no-internet-service,no-internet-service,no-internet-service,one-year,yes,electronic-check,20.38,18.4,0
CUST-01651,female,0,no,no,7,yes,yes,fiber-optic,yes,no,yes,yes,no,yes,month-to-month,yes,bank-transfer-automatic,103.28,589.62,1
CUST-01652,female,1,yes,no,40,yes,no,dsl,no,no,yes,yes,no,no,month-to-month,no,bank-transfer-automatic,63.46,2467.5,1
CUST-01653,female,0,yes,no,44,yes,no,dsl,yes,yes,no,no,yes,no,two-year,yes,credit-card-automatic,61.74,2687.67,1
CUST-01654,male,1,yes,no,11,yes,yes,dsl,no,no,no,yes,yes,yes,month-to-month,yes,mailed-check,70.55,916.23,1
CUST-01655,female,0,no,no,12,yes,yes,fiber-optic,no,yes,yes,no,no,no,two-year,no,electronic-check,81.71,1009.64,0
CUST-01656,female,0,no,yes,50,yes,no,dsl,no,yes,yes,no,yes,yes,two-year,yes,credit-card-automatic,69.47,3417.01,0
CUST-01657,male,1,yes,no,33,yes,no,fiber-optic,no,yes,no,no,yes,yes,two-year,yes,bank-transfer-automatic,98.81,3250.13,1
CUST-01658,male,0,yes,no,9,yes,no,fiber-optic,no,yes,yes,no,no,no,one-year,no,bank-transfer-automatic,72.65,771.67,1
CUST-01659,male,1,yes,no,44,yes,no,dsl,yes,no,no,no,no,yes,one-year,yes,bank-transfer-automatic,53.09,2317.93,0
CUST-01660,female,0,no,no,6,no,no-phone-service,fiber-optic,no,no,no,no,no,yes,month-to-month,yes,bank-transfer-automatic,73.65,424.77,1
CUST-01661,male,0,yes,no,17,yes,no,fiber-optic,no,no,yes,no,yes,yes,month-to-month,yes,bank-transfer-automatic,84.82,1411.53,1
CUST-01662,male,0,no,yes,52,yes,no,no,no-internet-service,no-internet-service,no-internet-service,no-internet-service,no-internet-service,no-internet-service,two-year,no,bank-transfer-automatic,29.25,1573.2,0
CUST-01663,female,0,yes,no,17,yes,no,fiber-optic,yes,no,yes,yes,no,yes,month-to-month,yes,mailed-check,80.68,1332.16,1
CUST-01664,male,0,yes,no,5,yes,no,dsl,yes,no,yes,no,no,yes,month-to-month,no,mailed-check,62.76,379.22,0
CUST-01665,male,0,no,no,70,yes,yes,dsl,no,yes,no,yes,yes,yes,two-year,yes,credit-card-automatic,63.59,4531.01,0
CUST-01666,female,0,yes,no,17,yes,yes,fiber-optic,no,yes,yes,no,yes,yes,month-to-month,yes,bank-transfer-automatic,105.6,1841.21,1
CUST-01667,male,0,yes,no,38,yes,no,dsl,no,no,no,yes,yes,yes,two-year,yes,credit-card-automatic,70.07,2645.84,0
CUST-01668,male,1,no,yes,60,yes,no,dsl,no,no,no,no,no,no,month-to-month,yes,bank-transfer-automatic,51.91,3009.71,1
CUST-01669,male,0,yes,no,72,yes,no,dsl,no,yes,yes,yes,no,no,month-to-month,no,electronic-check,70.75,5077.2,0
CUST-01670,male,0,yes,no,59,yes,no,dsl,no,no,no,yes,no,no,one-year,yes,credit-card-automatic,42.44,2453.82,0
CUST-01671,male,1,yes,no,25,yes,no,no,no-internet-service,no-internet-service,no-internet-service,no-internet-service,no-internet-service,no-internet-service,month-to-month,yes,mailed-check,38.22,897.07,0
CUST-01672,male,0,no,no,62,yes,yes,no,no-internet-service,no-internet-service,no-internet-service,no-internet-service,no-internet-service,no-internet-service,one-year,no,bank-transfer-automatic,18.0,1098.05,0
CUST-01673,female,0,no,no,1,yes,no,fiber-optic,yes,yes,no,no,yes,yes,month-to-month,yes,electronic-check,102.06,138.0,1
CUST-01674,male,0,yes,no,24,yes,no,fiber-optic,yes,yes,yes,no,yes,no,month-to-month,no,credit-card-automatic,96.41,2267.13,1
CUST-01675,male,0,no,no,15,yes,yes,dsl,no,yes,yes,no,no,yes,two-year,yes,credit-card-automatic,65.11,873.54,0
CUST-01676,male,0,no,yes,39,yes,no,no,no-internet-service,no-internet-service,no-internet-service,no-internet-service,no-internet-service,no-internet-service,month-to-month,yes,bank-transfer-automatic,29.72,1087.17,0
CUST-01677,female,0,no,yes,65,yes,no,dsl,no,no,yes,yes,yes,yes,month-to-month,yes,electronic-check,75.97,5064.83,0
CUST-01678,female,0,no,no,56,no,no-phone-service,fiber-optic,yes,yes,no,no,no,no,month-to-month,yes,bank-transfer-automatic,82.86,4681.32,1
CUST-01679,male,0,no,yes,72,yes,no,no,no-internet-service,no-internet-service,no-internet-service,no-internet-service,no-internet-service,no-internet-service,two-year,no,bank-transfer-automatic,18.0,1224.17,0
CUST-01680,male,0,no,no,10,yes,yes,fiber-optic,yes,no,no,no,no,yes,two-year,yes,bank-transfer-automatic,82.98,926.48,0
CUST-01681,male,0,yes,yes,55,yes,no,fiber-optic,no,yes,no,no,yes,no,month-to-month,no,electronic-check,81.18,4446.9,1
CUST-01682,female,0,yes,no,53,yes,no,dsl,no,no,no,yes,no,yes,month-to-month,yes,bank-transfer-automatic,60.83,3394.84,1
CUST-01683,female,0,no,yes,33,yes,no,fiber-optic,yes,no,yes,no,yes,yes,two-year,yes,bank-transfer-automatic,100.16,3324.93,0
CUST-01684,male,1,yes,yes,8,no,no-phone-service,dsl,no,no,no,no,no,yes,two-year,yes,credit-card-automatic,58.75,512.41,1
CUST-01685,female,0,no,no,8,yes,no,fiber-optic,no,yes,yes,yes,no,yes,month-to-month,no,electronic-check,93.48,810.64,1
CUST-01686,male,0,yes,no,66,yes,yes,dsl,no,no,yes,no,yes,no,one-year,no,bank-transfer-automatic,52.77,3594.27,0
CUST-01687,female,0,no,yes,22,yes,yes,no,no-internet-service,no-internet-service,no-internet-service,no-internet-service,no-internet-service,no-internet-service,month-to-month,yes,credit-card-automatic,22.6,464.27,1
CUST-01688,female,0,yes,yes,46,yes,no,fiber-optic,no,no,no,no,yes,no,month-to-month,yes,credit-card-automatic,63.43,3022.75,0
CUST-01689,male,0,no,yes,69,yes,no,dsl,no,no,no,yes,yes,no,one-year,no,credit-card-automatic,51.62,3515.0,0
CUST-01690,female,0,yes,no,36,yes,no,dsl,no,no,yes,no,no,no,one-year,yes,credit-card-automatic,57.85,2055.49,1
CUST-01691,male,1,yes,yes,16,yes,yes,fiber-optic,no,yes,no,yes,yes,yes,month-to-month,yes,mailed-check,101.08,1617.95,0
CUST-01692,male,0,no,no,35,yes,no,dsl,no,no,yes,yes,yes,no,two-year,no,mailed-check,62.83,2268.08,1
CUST-01693,male,0,no,no,17,yes,no,dsl,yes,no,yes,no,no,no,month-to-month,yes,bank-transfer-automatic,59.61,988.6,1
CUST-01694,female,0,no,no,14,yes,no,fiber-optic,no,no,no,no,no,yes,two-year,no,electronic-check,79.96,1243.24,0
CUST-01695,female,0,no,no,59,yes,no,no,no-internet-service,no-internet-service,no-internet-service,no-internet-service,no-internet-service,no-internet-service,month-to-month,yes,electronic-check,25.45,1601.03,0
CUST-01696,male,0,yes,yes,25,yes,no,fiber-optic,no,no,no,no,no,no,two-year,yes,electronic-check,70.39,1762.72,1
CUST-01697,female,0,no,no,50,yes,yes,fiber-optic,yes,yes,no,yes,no,yes,month-to-month,yes,bank-transfer-automatic,84.14,4134.55,1
CUST-01698,female,0,yes,no,53,yes,yes,fiber-optic,no,yes,no,no,yes,no,month-to-month,yes,bank-transfer-automatic,85.1,4585.38,0
CUST-01699,female,1,no,yes,40,yes,no,dsl,no,no,yes,yes,no,yes,one-year,no,mailed-check,80.67,3069.63,0
CUST-01700,male,1,yes,no,39,yes,no,no,no-internet-service,no-internet-service,no-internet-service,no-internet-service,no-internet-service,no-internet-service,month-to-month,no,credit-card-automatic,18.0,757.6,0
CUST-01701,female,0,yes,no,13,yes,no,fiber-optic,no,yes,no,yes,yes,yes,month-to-month,no,electronic-check,90.98,1120.95,1
CUST-01702,female,0,no,no,39,yes,no,fiber-optic,no,no,no,yes,no,no,one-year,yes,bank-transfer-automatic,73.91,2976.71,0
CUST-01703,male,0,no,no,55,yes,no,fiber-optic,yes,no,no,no,no,yes,month-to-month,no,credit-card-automatic,101.31,5468.11,1
CUST-01704,female,1,yes,yes,15,yes,no,dsl,no,no,yes,yes,yes,yes,one-year,no,electronic-check,62.31,884.99,0
CUST-01705,male,0,no,no,17,yes,no,fiber-optic,yes,yes,yes,no,no,yes,month-to-month,yes,credit-card-automatic,90.72,1575.1,1
CUST-01706,male,0,no,no,50,yes,yes,fiber-optic,no,yes,no,no,yes,yes,month-to-month,yes,electronic-check,84.08,4249.12,1
CUST-01707,male,0,yes,no,71,yes,no,fiber-optic,yes,no,no,no,no,no,month-to-month,yes,electronic-check,66.97,4707.91,0
CUST-01708,male,0,no,yes,29,yes,no,dsl,no,no,no,no,yes,yes,month-to-month,yes,credit-card-automatic,47.53,1353.46,0
CUST-01709,female,0,yes,yes,60,yes,yes,dsl,yes,yes,yes,no,no,yes,month-to-month,no,bank-transfer-automatic,72.55,4424.45,0
CUST-01710,female,1,yes,no,14,yes,yes,dsl,no,no,yes,no,no,yes,month-to-month,no,mailed-check,65.67,994.89,0
CUST-01711,female,0,no,yes,42,yes,no,fiber-optic,no,no,no,yes,yes,yes,month-to-month,yes,electronic-check,82.52,3439.46,1
CUST-01712,female,1,yes,yes,68,yes,no,dsl,yes,no,no,no,no,yes,month-to-month,yes,credit-card-automatic,71.27,4800.83,0
CUST-01713,male,0,yes,no,32,yes,yes,dsl,no,no,yes,no,yes,no,one-year,yes,mailed-check,39.99,1177.0,0
CUST-01714,male,0,no,no,37,yes,yes,dsl,no,yes,yes,no,yes,yes,month-to-month,no,mailed-check,57.93,2162.43,0
CUST-01715,male,0,yes,yes,12,yes,yes,fiber-optic,no,no,no,no,yes,yes,month-to-month,yes,mailed-check,75.4,965.75,0
CUST-01716,male,0,no,no,39,yes,yes,fiber-optic,no,no,yes,yes,no,yes,month-to-month,yes,credit-card-automatic,86.93,3401.62,0
CUST-01717,male,0,no,no,43,yes,no,dsl,no,yes,yes,no,no,no,two-year,yes,mailed-check,54.39,2269.4,0
CUST-01718,female,0,yes,no,71,yes,no,fiber-optic,no,yes,no,yes,yes,yes,month-to-month,no,bank-transfer-automatic,90.39,6551.68,1
CUST-01719,female,0,no,yes,15,yes,no,dsl,no,yes,yes,no,no,no,two-year,yes,electronic-check,61.88,770.44,0
CUST-01720,male,0,yes,yes,27,no,no-phone-service,fiber-optic,yes,no,no,no,no,no,month-to-month,yes,electronic-check,88.66,2459.69,0
CUST-01721,female,0,no,no,47,yes,yes,fiber-optic,yes,no,yes,no,yes,yes,two-year,yes,mailed-check,98.42,4641.99,0
CUST-01722,male,0,yes,yes,68,yes,yes,dsl,yes,yes,no,yes,no,yes,month-to-month,no,mailed-check,68.45,4689.75,0
CUST-01723,male,0,no,no,18,yes,no,fiber-optic,yes,yes,no,no,yes,no,month-to-month,no,credit-card-automatic,86.36,1495.47,0
CUST-01724,male,1,yes,yes,51,yes,no,fiber-optic,no,no,no,yes,no,yes,month-to-month,no,bank-transfer-automatic,92.81,4721.88,0
CUST-01725,male,0,no,no,64,yes,yes,dsl,yes,yes,no,yes,no,no,two-year,no,electronic-check,78.07,5018.48,0
CUST-01726,male,0,yes,no,46,yes,no,fiber-optic,no,yes,no,yes,no,no,month-to-month,yes,bank-transfer-automatic,87.11,4000.62,0
CUST-01727,male,0,yes,no,31,yes,yes,no,no-internet-service,no-internet-service,no-internet-service,no-internet-service,no-internet-service,no-internet-service,one-year,no,credit-card-automatic,18.0,423.47,0
CUST-01728,male,0,yes,no,17,yes,yes,fiber-optic,yes,no,yes,no,yes,no,month-to-month,no,credit-card-automatic,89.07,1642.63,0
CUST-01729,female,0,no,no,21,yes,no,no,no-internet-service,no-internet-service,no-internet-service,no-internet-service,no-internet-service,no-internet-service,month-to-month,yes,credit-card-automatic,24.64,566.2,0
CUST-01730,female,1,no,no,4,yes,yes,dsl,yes,yes,no,yes,no,yes,one-year,yes,credit-card-automatic,65.56,264.83,1
CUST-01731,male,0,yes,no,11,yes,no,fiber-optic,no,no,yes,no,no,no,month-to-month,yes,mailed-check,83.93,930.66,1
CUST-01732,male,0,yes,no,32,yes,yes,dsl,no,no,yes,no,no,no,one-year,no,mailed-check,55.11,1889.8,1
CUST-01733,male,0,yes,no,11,no,no-phone-service,dsl,no,no,no,yes,no,yes,one-year,yes,electronic-check,67.32,684.82,0
CUST-01734,male,0,yes,no,1,yes,yes,dsl,no,yes,no,no,yes,no,month-to-month,yes,electronic-check,50.19,0.0,1
CUST-01735,male,0,no,no,50,yes,yes,fiber-optic,no,no,yes,no,yes,yes,month-to-month,no,electronic-check,73.07,3717.26,1
CUST-01736,male,0,no,yes,6,no,no-phone-service,no,no-internet-service,no-internet-service,no-internet-service,no-internet-service,no-internet-service,no-internet-service,month-to-month,yes,electronic-check,18.0,142.7,0
CUST-01737,male,0,no,no,11,yes,no,dsl,no,yes,no,no,yes,yes,one-year,yes,credit-card-automatic,63.19,619.35,0
CUST-01738,female,0,yes,no,43,yes,no,no,no-internet-service,no-internet-service,no-internet-service,no-internet-service,no-internet-service,no-internet-service,month-to-month,yes,credit-card-automatic,18.0,855.65,0
CUST-01739,female,0,yes,no,67,yes,no,no,no-internet-service,no-internet-service,no-internet-service,no-internet-service,no-internet-service,no-internet-service,one-year,no,electronic-check,18.0,1228.12,0
CUST-01740,female,0,no,no,53,yes,yes,dsl,no,no,yes,yes,yes,no,month-to-month,no,mailed-check,73.27,3815.96,0
CUST-01741,female,0,yes,no,3,yes,yes,dsl,no,yes,no,no,yes,yes,two-year,no,bank-transfer-automatic,67.27,238.58,0
CUST-01742,male,0,no,no,13,yes,yes,dsl,no,no,yes,no,no,no,one-year,yes,electronic-check,54.11,728.98,1
CUST-01743,female,0,yes,yes,54,no,no-phone-service,no,no-internet-service,no-internet-service,no-internet-service,no-internet-service,no-internet-service,no-internet-service,month-to-month,no,bank-transfer-automatic,18.0,965.4,0
CUST-01744,female,0,yes,no,53,yes,yes,dsl,no,no,yes,no,yes,no,two-year,yes,credit-card-automatic,68.0,3632.82,0
CUST-01745,female,0,no,yes,29,yes,yes,fiber-optic,no,no,no,no,no,no,one-year,yes,bank-transfer-automatic,68.66,2038.1,0
CUST-01746,male,0,yes,no,69,no,no-phone-service,dsl,yes,no,no,yes,yes,no,month-to-month,yes,credit-card-automatic,63.76,4468.0,0
CUST-01747,male,0,no,yes,64,yes,no,fiber-optic,yes,no,no,yes,no,yes,month-to-month,yes,electronic-check,90.26,5784.69,0
CUST-01748,female,0,yes,no,54,yes,yes,no,no-internet-service,no-internet-service,no-internet-service,no-internet-service,no-internet-service,no-internet-service,month-to-month,yes,credit-card-automatic,21.37,1133.68,0
CUST-01749,male,1,yes,yes,54,yes,yes,dsl,no,no,no,yes,no,no,month-to-month,yes,mailed-check,66.93,3632.15,1
CUST-01750,male,0,yes,no,57,yes,no,dsl,yes,no,yes,yes,yes,yes,month-to-month,yes,bank-transfer-automatic,77.6,4512.52,0
CUST-01751,male,0,yes,no,11,yes,no,fiber-optic,no,no,no,no,yes,no,month-to-month,yes,bank-transfer-automatic,79.71,924.05,1
CUST-01752,male,0,no,no,51,yes,yes,dsl,yes,no,no,no,yes,yes,month-to-month,yes,mailed-check,62.31,3153.31,0
CUST-01753,male,0,yes,yes,68,yes,no,fiber-optic,no,no,no,no,no,yes,month-to-month,yes,mailed-check,80.46,5475.45,1
CUST-01754,female,0,no,yes,17,yes,yes,dsl,yes,yes,no,no,no,no,month-to-month,yes,mailed-check,56.32,1082.36,1
CUST-01755,male,0,no,no,2,yes,no,dsl,yes,no,no,yes,yes,yes,month-to-month,yes,electronic-check,69.52,195.24,1
CUST-01756,female,0,yes,no,26,yes,no,dsl,yes,no,no,no,no,no,month-to-month,yes,electronic-check,50.27,1318.41,0
CUST-01757,female,0,yes,no,20,no,no-phone-service,fiber-optic,yes,no,yes,yes,yes,yes,month-to-month,yes,bank-transfer-automatic,93.0,1945.53,0
CUST-01758,male,0,yes,no,69,yes,no,dsl,no,no,no,no,no,yes,month-to-month,yes,mailed-check,45.67,3110.5,0
CUST-01759,male,0,no,no,33,yes,yes,dsl,no,no,yes,no,no,no,two-year,yes,credit-card-automatic,50.83,1702.06,0
CUST-01760,male,0,no,no,48,yes,no,no,no-internet-service,no-internet-service,no-internet-service,no-internet-service,no-internet-service,no-internet-service,one-year,yes,mailed-check,18.0,1004.67,0
CUST-01761,female,0,yes,no,71,yes,no,no,no-internet-service,no-internet-service,no-internet-service,no-internet-service,no-internet-service,no-internet-service,two-year,yes,bank-transfer-automatic,34.64,2508.46,0
CUST-01762,female,1,no,no,57,yes,no,dsl,no,no,no,no,no,yes,two-year,yes,electronic-check,62.94,3709.14,0
CUST-01763,female,0,yes,no,54,yes,yes,fiber-optic,no,yes,no,no,no,yes,one-year,yes,mailed-check,80.93,4363.94,1
CUST-01764,male,0,yes,no,70,yes,yes,fiber-optic,yes,yes,no,no,no,no,one-year,yes,mailed-check,78.61,5466.98,0
CUST-01765,male,0,yes,yes,50,no,no-phone-service,no,no-internet-service,no-internet-service,no-internet-service,no-internet-service,no-internet-service,no-internet-service,month-to-month,yes,credit-card-automatic,24.92,1333.02,0
CUST-01766,male,0,no,yes,17,yes,no,no,no-internet-service,no-internet-service,no-internet-service,no-internet-service,no-internet-service,no-internet-service,one-year,yes,bank-transfer-automatic,35.54,467.06,0
CUST-01767,male,1,yes,no,53,yes,no,fiber-optic,no,yes,yes,no,yes,no,month-to-month,yes,credit-card-automatic,95.37,5068.12,0
CUST-01768,female,0,yes,no,24,yes,no,dsl,no,yes,no,no,no,yes,one-year,no,bank-transfer-automatic,44.24,1139.08,0
CUST-01769,female,0,yes,no,24,yes,no,fiber-optic,no,no,yes,yes,no,yes,month-to-month,yes,credit-card-automatic,93.91,2296.03,1
CUST-01770,female,0,no,no,47,yes,no,fiber-optic,yes,no,no,no,no,yes,two-year,yes,credit-card-automatic,90.32,4087.35,0
CUST-01771,female,0,yes,yes,23,yes,no,no,no-internet-service,no-internet-service,no-internet-service,no-internet-service,no-internet-service,no-internet-service,month-to-month,yes,bank-transfer-automatic,37.59,763.62,0
CUST-01772,female,0,yes,yes,2,yes,no,no,no-internet-service,no-internet-service,no-internet-service,no-internet-service,no-internet-service,no-internet-service,one-year,yes,electronic-check,18.01,27.44,0
CUST-01773,female,0,yes,no,72,yes,no,no,no-internet-service,no-internet-service,no-internet-service,no-internet-service,no-internet-service,no-internet-service,two-year,no,electronic-check,21.11,1555.53,0
CUST-01774,female,0,no,no,42,yes,no,fiber-optic,yes,yes,yes,yes,no,no,two-year,yes,electronic-check,95.6,4053.76,1
CUST-01775,male,0,yes,yes,49,yes,yes,dsl,yes,yes,no,no,yes,yes,month-to-month,yes,bank-transfer-automatic,61.89,3032.15,0
CUST-01776,female,0,no,no,59,yes,no,no,no-internet-service,no-internet-service,no-internet-service,no-internet-service,no-internet-service,no-internet-service,month-to-month,yes,credit-card-automatic,18.0,1116.77,0
CUST-01777,female,0,yes,no,46,yes,no,dsl,yes,yes,no,no,yes,yes,one-year,no,credit-card-automatic,71.19,3307.51,0
CUST-01778,female,1,yes,no,44,yes,yes,fiber-optic,yes,yes,no,yes,yes,no,month-to-month,no,credit-card-automatic,81.66,3583.39,0
CUST-01779,female,0,no,no,58,yes,no,dsl,no,no,no,yes,yes,no,month-to-month,no,electronic-check,47.46,2793.0,0
CUST-01780,male,0,no,no,22,no,no-phone-service,fiber-optic,no,yes,yes,yes,no,no,one-year,yes,bank-transfer-automatic,93.53,2009.1,0
CUST-01781,female,0,yes,no,60,yes,no,dsl,no,no,yes,yes,yes,no,two-year,yes,bank-transfer-automatic,66.98,4066.56,0
CUST-01782,female,0,no,no,53,yes,yes,no,no-internet-service,no-internet-service,no-internet-service,no-internet-service,no-internet-service,no-internet-service,month-to-month,no,bank-transfer-automatic,30.0,1526.48,0
CUST-01783,female,0,no,no,14,yes,no,fiber-optic,no,no,no,yes,yes,yes,month-to-month,yes,electronic-check,90.71,1306.5,1
CUST-01784,male,0,yes,no,11,yes,no,fiber-optic,yes,no,yes,no,no,no,one-year,yes,bank-transfer-automatic,82.08,937.59,1
CUST-01785,male,1,no,yes,64,yes,no,dsl,yes,no,yes,no,no,no,one-year,no,credit-card-automatic,70.31,4477.42,0
CUST-01786,female,0,no,no,65,yes,yes,dsl,no,no,yes,no,no,yes,two-year,yes,bank-transfer-automatic,54.62,3597.92,1
CUST-01787,female,0,yes,no,72,yes,no,fiber-optic,no,yes,yes,yes,no,no,one-year,no,electronic-check,84.33,6187.46,0
CUST-01788,female,0,no,no,8,yes,yes,fiber-optic,no,yes,no,no,no,yes,month-to-month,no,bank-transfer-automatic,81.48,575.34,1
CUST-01789,female,0,yes,yes,65,yes,yes,dsl,yes,no,no,yes,yes,no,one-year,no,mailed-check,66.6,4400.56,0
CUST-01790,male,0,yes,no,63,yes,yes,fiber-optic,yes,no,yes,no,no,yes,two-year,no,mailed-check,86.47,5529.1,1
CUST-01791,male,0,no,yes,56,yes,no,dsl,yes,no,no,no,yes,no,month-to-month,yes,mailed-check,46.12,2567.18,0
CUST-01792,male,1,no,no,36,yes,yes,dsl,no,no,yes,no,yes,yes,month-to-month,yes,electronic-check,62.87,2323.39,1
CUST-01793,female,0,no,no,37,yes,no,fiber-optic,no,no,yes,no,no,yes,one-year,no,credit-card-automatic,81.75,3005.66,0
CUST-01794,female,0,no,no,31,yes,no,dsl,yes,no,yes,yes,yes,yes,month-to-month,no,electronic-check,73.92,2385.74,0
CUST-01795,female,0,no,no,3,yes,yes,dsl,yes,yes,no,yes,no,no,two-year,no,credit-card-automatic,59.4,0.0,0
CUST-01796,female,1,yes,yes,37,yes,no,dsl,yes,yes,no,no,yes,no,month-to-month,no,bank-transfer-automatic,69.04,2662.85,0
CUST-01797,male,0,no,no,18,yes,yes,dsl,yes,no,no,yes,no,yes,month-to-month,no,bank-transfer-automatic,50.12,818.74,0
CUST-01798,female,0,no,no,15,yes,yes,fiber-optic,no,no,no,yes,yes,yes,two-year,no,mailed-check,90.33,1361.7,1
CUST-01799,female,1,no,no,5,yes,yes,fiber-optic,yes,yes,yes,yes,no,no,month-to-month,yes,mailed-check,108.34,480.65,1
CUST-01800,male,0,yes,no,33,yes,no,dsl,no,yes,no,no,no,no,month-to-month,no,electronic-check,48.15,1701.19,0
CUST-01801,female,1,yes,no,4,yes,no,dsl,no,no,no,no,yes,yes,month-to-month,no,mailed-check,60.46,224.66,1
CUST-01802,female,0,yes,no,62,yes,no,fiber-optic,no,no,yes,yes,yes,no,two-year,yes,mailed-check,85.02,5230.58,0
CUST-01803,female,0,yes,no,65,yes,no,fiber-optic,no,no,yes,yes,no,no,two-year,yes,bank-transfer-automatic,80.16,5294.41,0
CUST-01804,female,0,yes,no,58,yes,yes,dsl,no,yes,yes,no,yes,yes,month-to-month,yes,electronic-check,59.77,3521.57,0
CUST-01805,female,0,no,no,22,yes,no,fiber-optic,no,yes,yes,yes,yes,yes,one-year,no,electronic-check,112.93,2459.44,1
CUST-01806,female,0,no,no,12,yes,no,no,no-internet-service,no-internet-service,no-internet-service,no-internet-service,no-internet-service,no-internet-service,one-year,yes,credit-card-automatic,23.09,202.74,1
CUST-01807,female,0,yes,no,37,yes,yes,dsl,yes,yes,yes,no,no,no,month-to-month,yes,electronic-check,57.63,2047.84,1
CUST-01808,female,0,yes,no,49,yes,no,fiber-optic,yes,no,no,no,yes,no,month-to-month,yes,electronic-check,75.72,3805.91,1
CUST-01809,female,0,no,no,2,yes,yes,dsl,no,no,no,yes,no,no,two-year,yes,electronic-check,53.49,138.4,0
CUST-01810,male,0,yes,no,62,yes,yes,fiber-optic,no,yes,no,no,yes,no,month-to-month,no,credit-card-automatic,64.66,4021.93,1
CUST-01811,female,0,no,no,32,no,no-phone-service,no,no-internet-service,no-internet-service,no-internet-service,no-internet-service,no-internet-service,no-internet-service,month-to-month,yes,bank-transfer-automatic,28.42,946.36,0
CUST-01812,male,0,yes,yes,60,yes,yes,no,no-internet-service,no-internet-service,no-internet-service,no-internet-service,no-internet-service,no-internet-service,month-to-month,yes,electronic-check,18.0,933.85,0
CUST-01813,male,0,yes,no,6,no,no-phone-service,no,no-internet-service,no-internet-service,no-internet-service,no-internet-service,no-internet-service,no-internet-service,month-to-month,no,mailed-check,23.11,114.32,0
CUST-01814,female,1,yes,no,31,no,no-phone-service,dsl,no,no,no,yes,yes,no,month-to-month,yes,electronic-check,63.48,1945.53,1
CUST-01815,male,0,no,no,33,yes,no,no,no-internet-service,no-internet-service,no-internet-service,no-internet-service,no-internet-service,no-internet-service,month-to-month,yes,credit-card-automatic,27.72,988.36,0
CUST-01816,female,0,yes,yes,4,yes,yes,dsl,yes,no,no,yes,yes,yes,month-to-month,yes,credit-card-automatic,71.94,177.58,1
CUST-01817,female,0,no,yes,51,yes,no,no,no-internet-service,no-internet-service,no-internet-service,no-internet-service,no-internet-service,no-internet-service,two-year,no,credit-card-automatic,25.95,1402.47,0
CUST-01818,female,0,yes,no,68,yes,no,fiber-optic,yes,no,yes,yes,yes,yes,month-to-month,no,electronic-check,105.15,7284.78,0
CUST-01819,female,0,yes,yes,39,yes,no,no,no-internet-service,no-internet-service,no-internet-service,no-internet-service,no-internet-service,no-internet-service,month-to-month,yes,bank-transfer-automatic,18.0,573.07,0
CUST-01820,female,0,no,no,29,yes,no,dsl,yes,no,yes,no,yes,yes,month-to-month,yes,credit-card-automatic,85.21,2472.34,1
CUST-01821,female,0,yes,no,46,yes,no,fiber-optic,yes,yes,yes,yes,no,no,month-to-month,yes,electronic-check,94.82,4399.17,1
CUST-01822,male,1,yes,no,26,yes,no,no,no-internet-service,no-internet-service,no-internet-service,no-internet-service,no-internet-service,no-internet-service,one-year,yes,credit-card-automatic,21.78,631.76,0
CUST-01823,female,0,no,yes,26,yes,no,dsl,no,yes,no,yes,yes,no,month-to-month,yes,electronic-check,56.27,1300.68,1
CUST-01824,male,0,no,no,55,yes,yes,no,no-internet-service,no-internet-service,no-internet-service,no-internet-service,no-internet-service,no-internet-service,one-year,yes,mailed-check,18.34,1034.02,0
CUST-01825,male,1,yes,no,43,yes,no,fiber-optic,no,yes,yes,no,no,no,month-to-month,yes,credit-card-automatic,87.21,3733.62,0
CUST-01826,male,1,yes,no,20,yes,no,dsl,yes,yes,no,yes,yes,yes,two-year,no,electronic-check,75.76,1493.95,0
CUST-01827,female,0,no,yes,30,yes,yes,dsl,no,yes,yes,no,no,yes,two-year,yes,bank-transfer-automatic,77.62,2483.78,0
CUST-01828,male,0,no,yes,61,yes,yes,fiber-optic,yes,yes,no,no,no,yes,month-to-month,yes,bank-transfer-automatic,83.88,5100.51,1
CUST-01829,male,0,no,no,39,yes,no,dsl,yes,no,no,yes,yes,no,one-year,no,credit-card-automatic,68.43,2702.51,0
CUST-01830,male,0,no,no,6,yes,yes,dsl,no,yes,no,no,yes,no,one-year,yes,mailed-check,49.0,284.98,0
CUST-01831,female,0,no,yes,62,yes,yes,fiber-optic,no,yes,yes,no,yes,no,two-year,no,credit-card-automatic,104.47,6495.23,0
CUST-01832,male,0,yes,no,54,yes,no,dsl,no,no,no,no,no,no,two-year,yes,electronic-check,38.45,2117.75,0
CUST-01833,male,0,yes,yes,20,yes,yes,fiber-optic,no,no,no,yes,no,no,one-year,no,bank-transfer-automatic,93.59,1938.8,0
CUST-01834,female,0,no,no,70,yes,yes,dsl,yes,yes,yes,yes,no,no,month-to-month,yes,mailed-check,66.91,4625.43,0
CUST-01835,female,0,no,yes,69,yes,yes,no,no-internet-service,no-internet-service,no-internet-service,no-internet-service,no-internet-service,no-internet-service,month-to-month,no,electronic-check,18.0,1253.45,0
CUST-01836,female,0,no,no,72,yes,yes,dsl,yes,no,no,yes,no,yes,two-year,no,electronic-check,73.82,5329.14,0
CUST-01837,male,0,no,no,28,yes,yes,dsl,no,no,yes,yes,yes,yes,two-year,yes,bank-transfer-automatic,68.66,1798.88,0
CUST-01838,female,0,yes,yes,67,no,no-phone-service,fiber-optic,no,no,no,no,yes,no,month-to-month,yes,bank-transfer-automatic,73.37,4844.27,1
CUST-01839,female,0,no,no,59,yes,yes,fiber-optic,no,no,no,yes,yes,yes,month-to-month,no,electronic-check,92.13,5502.49,1
CUST-01840,male,1,no,yes,63,yes,yes,no,no-internet-service,no-internet-service,no-internet-service,no-internet-service,no-internet-service,no-internet-service,month-to-month,yes,mailed-check,27.32,1686.54,0
CUST-01841,female,1,yes,no,40,no,no-phone-service,fiber-optic,no,no,no,yes,yes,no,month-to-month,yes,electronic-check,87.32,3688.7,0
CUST-01842,female,1,no,yes,21,yes,yes,fiber-optic,no,no,yes,no,no,yes,month-to-month,no,bank-transfer-automatic,93.08,2026.91,0
CUST-01843,male,1,no,yes,17,yes,no,fiber-optic,yes,no,no,no,yes,no,month-to-month,yes,mailed-check,86.02,1496.23,1
CUST-01844,male,1,yes,no,70,yes,yes,dsl,no,no,no,no,yes,no,one-year,yes,electronic-check,60.2,4327.28,0
CUST-01845,male,0,no,yes,37,yes,yes,dsl,no,no,yes,no,no,yes,month-to-month,yes,credit-card-automatic,53.83,2049.66,1
CUST-01846,male,0,no,no,67,yes,yes,fiber-optic,no,no,yes,yes,no,yes,one-year,yes,electronic-check,93.12,6252.86,0
CUST-01847,female,0,no,yes,40,yes,yes,fiber-optic,no,yes,no,yes,yes,yes,one-year,yes,bank-transfer-automatic,87.86,3408.34,0
CUST-01848,male,0,yes,no,39,yes,no,fiber-optic,yes,yes,no,no,yes,no,one-year,yes,credit-card-automatic,78.0,3091.9,0
CUST-01849,male,0,no,no,6,yes,no,fiber-optic,no,yes,yes,yes,yes,no,month-to-month,no,bank-transfer-automatic,90.35,646.85,1
CUST-01850,female,0,yes,no,29,yes,no,fiber-optic,no,yes,yes,yes,yes,no,month-to-month,yes,credit-card-automatic,89.79,2559.44,1
CUST-01851,female,1,no,yes,41,yes,yes,dsl,yes,no,no,no,yes,yes,one-year,no,credit-card-automatic,72.42,2832.27,1
CUST-01852,female,0,yes,yes,8,yes,no,dsl,yes,no,yes,yes,yes,yes,one-year,no,electronic-check,61.37,410.76,1
CUST-01853,female,1,no,no,12,yes,no,fiber-optic,no,yes,no,yes,no,no,month-to-month,no,electronic-check,92.75,1244.93,1
CUST-01854,female,0,no,no,43,yes,yes,dsl,yes,yes,no,no,no,no,month-to-month,yes,credit-card-automatic,53.02,2285.87,1
CUST-01855,female,0,no,no,18,yes,no,dsl,no,yes,no,yes,yes,yes,two-year,yes,mailed-check,48.28,978.52,1
CUST-01856,male,0,no,yes,51,yes,no,fiber-optic,yes,no,yes,yes,yes,yes,month-to-month,yes,bank-transfer-automatic,87.34,4455.77,1
CUST-01857,female,0,yes,yes,34,yes,yes,fiber-optic,yes,no,no,yes,no,yes,month-to-month,no,credit-card-automatic,84.54,2837.12,1
CUST-01858,male,0,no,no,30,yes,no,dsl,yes,yes,no,yes,no,yes,two-year,no,mailed-check,71.55,2306.59,0
CUST-01859,male,0,yes,no,9,yes,yes,fiber-optic,no,yes,no,no,no,no,one-year,yes,electronic-check,75.93,655.5,1
CUST-01860,male,1,no,no,30,yes,no,dsl,no,no,yes,no,no,no,month-to-month,no,mailed-check,45.32,1340.92,0
CUST-01861,male,0,yes,yes,40,no,no-phone-service,dsl,no,no,no,no,no,yes,two-year,yes,electronic-check,46.77,1905.35,1
CUST-01862,female,0,no,yes,42,no,no-phone-service,no,no-internet-service,no-internet-service,no-internet-service,no-internet-service,no-internet-service,no-internet-service,month-to-month,yes,electronic-check,18.0,734.24,0
CUST-01863,male,0,yes,no,20,yes,no,fiber-optic,no,yes,no,no,yes,yes,two-year,yes,mailed-check,89.07,1839.76,0
CUST-01864,female,0,no,no,3,yes,no,fiber-optic,yes,yes,yes,no,no,yes,one-year,yes,credit-card-automatic,91.28,307.29,1
CUST-01865,male,0,no,yes,68,yes,yes,no,no-internet-service,no-internet-service,no-internet-service,no-internet-service,no-internet-service,no-internet-service,month-to-month,no,mailed-check,24.91,1730.29,0
CUST-01866,female,0,yes,no,69,yes,no,dsl,no,yes,yes,no,yes,yes,two-year,yes,bank-transfer-automatic,53.84,3668.71,0
CUST-01867,female,0,yes,no,66,yes,no,fiber-optic,yes,no,yes,no,no,yes,one-year,yes,electronic-check,82.73,5335.5,0
CUST-01868,male,0,no,no,21,yes,no,dsl,no,no,no,no,yes,no,month-to-month,yes,electronic-check,69.23,1391.42,1
CUST-01869,female,0,no,no,44,yes,no,fiber-optic,no,yes,no,no,no,no,one-year,no,credit-card-automatic,82.13,3557.92,0
CUST-01870,male,0,yes,no,11,yes,no,dsl,no,no,no,no,yes,no,one-year,no,credit-card-automatic,50.63,578.88,0
CUST-01871,female,0,yes,no,66,yes,no,no,no-internet-service,no-internet-service,no-internet-service,no-internet-service,no-internet-service,no-internet-service,month-to-month,yes,credit-card-automatic,18.0,1126.87,0
CUST-01872,female,0,yes,no,1,yes,yes,dsl,no,no,yes,no,yes,yes,month-to-month,yes,electronic-check,71.86,0.0,0
CUST-01873,male,0,no,no,34,yes,no,dsl,no,yes,yes,no,no,yes,month-to-month,yes,electronic-check,75.26,2472.85,1
CUST-01874,male,0,no,yes,62,yes,yes,no,no-internet-service,no-internet-service,no-internet-service,no-internet-service,no-internet-service,no-internet-service,two-year,yes,credit-card-automatic,18.0,1145.07,0
CUST-01875,female,0,yes,no,53,yes,yes,dsl,no,yes,no,no,yes,yes,month-to-month,yes,electronic-check,54.57,2943.77,0
CUST-01876,female,0,no,no,63,yes,no,fiber-optic,no,no,yes,no,yes,yes,month-to-month,yes,credit-card-automatic,89.23,5583.49,1
CUST-01877,female,0,no,no,36,yes,yes,dsl,yes,no,yes,no,yes,no,one-year,yes,electronic-check,65.98,2345.27,0
CUST-01878,male,0,no,no,7,yes,no,fiber-optic,no,yes,no,yes,no,no,month-to-month,yes,mailed-check,85.86,647.07,1
CUST-01879,male,0,yes,no,1,yes,no,fiber-optic,no,no,yes,yes,no,no,month-to-month,yes,bank-transfer-automatic,96.75,109.16,1
CUST-01880,female,1,yes,no,11,yes,no,dsl,no,no,yes,yes,yes,no,month-to-month,yes,electronic-check,57.23,718.49,1
CUST-01881,female,0,yes,no,5,yes,no,fiber-optic,yes,no,no,yes,no,no,month-to-month,yes,bank-transfer-automatic,82.32,399.78,0
CUST-01882,female,1,yes,no,33,yes,yes,fiber-optic,no,yes,yes,yes,no,no,two-year,no,credit-card-automatic,94.77,3065.05,0
CUST-01883,female,0,yes,no,4,yes,no,dsl,yes,no,no,no,no,no,month-to-month,yes,credit-card-automatic,58.68,316.2,0
CUST-01884,male,0,yes,no,14,no,no-phone-service,fiber-optic,no,no,no,no,yes,yes,month-to-month,yes,electronic-check,76.82,1052.13,1
CUST-01885,male,0,yes,yes,31,yes,yes,dsl,yes,yes,no,yes,yes,no,month-to-month,no,credit-card-automatic,63.13,1897.87,0
CUST-01886,female,0,no,no,53,yes,no,fiber-optic,no,yes,yes,no,no,no,two-year,no,mailed-check,78.33,4218.45,0
CUST-01887,male,1,yes,no,49,no,no-phone-service,dsl,no,no,yes,yes,yes,yes,month-to-month,no,electronic-check,83.63,4206.56,0
CUST-01888,female,0,no,yes,5,yes,yes,no,no-internet-service,no-internet-service,no-internet-service,no-internet-service,no-internet-service,no-internet-service,month-to-month,yes,bank-transfer-automatic,18.0,103.74,1
CUST-01889,female,0,yes,no,66,yes,yes,fiber-optic,yes,no,yes,no,no,no,one-year,yes,electronic-check,79.41,5165.74,0
CUST-01890,female,0,no,no,40,yes,yes,dsl,yes,no,yes,no,yes,no,month-to-month,no,credit-card-automatic,69.2,2883.11,0
CUST-01891,female,0,yes,yes,26,yes,no,fiber-optic,yes,yes,yes,yes,no,yes,one-year,no,credit-card-automatic,88.29,2323.79,0
CUST-01892,female,0,no,yes,28,yes,yes,fiber-optic,yes,no,yes,yes,no,yes,month-to-month,yes,electronic-check,94.06,2650.16,1
CUST-01893,male,1,no,yes,62,yes,no,fiber-optic,no,no,yes,yes,no,yes,two-year,yes,electronic-check,73.8,4545.3,0
CUST-01894,male,0,yes,no,34,yes,no,fiber-optic,no,yes,no,no,no,yes,one-year,yes,credit-card-automatic,83.54,2925.1,0
CUST-01895,female,0,no,no,18,yes,no,fiber-optic,yes,no,no,no,no,yes,two-year,yes,credit-card-automatic,82.42,1400.43,1
CUST-01896,male,0,yes,no,31,yes,yes,dsl,no,no,no,no,no,yes,two-year,yes,mailed-check,54.31,1593.33,1
CUST-01897,male,0,no,yes,5,yes,no,dsl,yes,yes,yes,no,no,yes,one-year,yes,bank-transfer-automatic,61.05,447.34,0
CUST-01898,male,0,yes,yes,12,yes,yes,no,no-internet-service,no-internet-service,no-internet-service,no-internet-service,no-internet-service,no-internet-service,month-to-month,yes,mailed-check,21.82,197.16,0
CUST-01899,male,1,yes,no,23,yes,yes,no,no-internet-service,no-internet-service,no-internet-service,no-internet-service,no-internet-service,no-internet-service,one-year,no,mailed-check,21.69,570.85,0
CUST-01900,female,0,yes,yes,16,no,no-phone-service,fiber-optic,no,no,no,no,yes,no,one-year,no,electronic-check,87.39,1501.62,0
CUST-01901,male,0,no,no,26,yes,yes,fiber-optic,no,yes,no,no,yes,yes,month-to-month,no,mailed-check,92.1,2410.36,1
CUST-01902,male,0,yes,no,5,yes,yes,fiber-optic,no,yes,yes,no,yes,yes,month-to-month,yes,mailed-check,80.41,335.97,1
CUST-01903,male,0,no,no,44,yes,no,dsl,no,no,yes,yes,no,no,month-to-month,no,credit-card-automatic,51.34,2306.19,0
CUST-01904,female,0,yes,no,9,yes,no,no,no-internet-service,no-internet-service,no-internet-service,no-internet-service,no-internet-service,no-internet-service,two-year,yes,bank-transfer-automatic,18.0,266.38,0
CUST-01905,female,0,yes,no,16,yes,no,fiber-optic,no,yes,yes,yes,no,no,one-year,yes,credit-card-automatic,88.44,1440.73,0
CUST-01906,female,0,yes,no,71,yes,no,fiber-optic,no,no,yes,no,no,yes,one-year,yes,electronic-check,80.65,5670.17,0
CUST-01907,female,0,no,no,1,yes,yes,fiber-optic,no,yes,yes,no,no,yes,one-year,no,electronic-check,85.61,108.57,1
CUST-01908,female,0,no,yes,21,yes,no,no,no-internet-service,no-internet-service,no-internet-service,no-internet-service,no-internet-service,no-internet-service,one-year,yes,electronic-check,42.54,789.49,0
CUST-01909,female,1,yes,yes,37,yes,yes,dsl,no,no,no,no,yes,yes,two-year,yes,credit-card-automatic,55.9,1995.28,0
CUST-01910,male,0,no,no,23,yes,no,dsl,no,yes,no,no,no,yes,month-to-month,yes,bank-transfer-automatic,69.13,1570.59,1
CUST-01911,female,1,yes,no,24,yes,yes,dsl,no,no,no,no,yes,yes,month-to-month,yes,electronic-check,58.82,1416.29,1
CUST-01912,male,1,yes,no,10,yes,yes,fiber-optic,yes,no,yes,no,no,no,one-year,no,electronic-check,66.57,575.55,0
CUST-01913,female,0,no,yes,31,no,no-phone-service,dsl,no,yes,no,no,no,no,two-year,yes,electronic-check,54.53,1709.16,0
CUST-01914,male,0,yes,yes,55,yes,no,dsl,no,no,no,yes,yes,no,two-year,yes,mailed-check,66.95,3721.37,0
CUST-01915,female,0,yes,no,43,no,no-phone-service,dsl,yes,yes,no,no,no,no,two-year,no,bank-transfer-automatic,63.07,2695.91,0
CUST-01916,male,0,no,no,67,yes,no,fiber-optic,no,yes,no,no,no,yes,one-year,yes,electronic-check,84.05,5469.49,1
CUST-01917,female,0,yes,no,51,yes,no,fiber-optic,no,no,no,yes,no,yes,month-to-month,yes,bank-transfer-automatic,82.19,4199.52,0
CUST-01918,female,0,no,no,57,yes,no,fiber-optic,yes,no,yes,yes,no,no,month-to-month,yes,mailed-check,83.04,4869.39,0
CUST-01919,female,0,no,yes,32,no,no-phone-service,fiber-optic,yes,yes,no,no,yes,yes,month-to-month,no,bank-transfer-automatic,99.17,3207.77,1
CUST-01920,male,0,no,no,45,yes,yes,fiber-optic,no,no,no,no,no,no,one-year,no,mailed-check,68.53,3085.02,0
CUST-01921,female,1,no,no,42,yes,no,fiber-optic,no,yes,no,no,yes,no,month-to-month,yes,credit-card-automatic,78.88,3285.03,1
CUST-01922,male,0,no,no,59,yes,no,dsl,no,yes,no,no,yes,yes,month-to-month,no,electronic-check,66.29,3954.39,0
CUST-01923,male,0,yes,no,37,yes,yes,dsl,no,no,yes,yes,no,no,month-to-month,yes,mailed-check,55.6,2072.83,0
CUST-01924,female,1,no,no,30,yes,no,dsl,no,no,no,no,no,yes,two-year,no,mailed-check,65.25,2010.55,0
CUST-01925,female,0,no,yes,6,yes,yes,dsl,no,no,yes,yes,no,no,month-to-month,yes,electronic-check,61.74,288.21,1
CUST-01926,female,0,no,no,62,yes,no,no,no-internet-service,no-internet-service,no-internet-service,no-internet-service,no-internet-service,no-internet-service,one-year,yes,credit-card-automatic,18.0,1125.1,0
CUST-01927,female,1,yes,no,32,yes,yes,no,no-internet-service,no-internet-service,no-internet-service,no-internet-service,no-internet-service,no-internet-service,month-to-month,yes,credit-card-automatic,18.0,541.41,0
CUST-01928,female,0,no,no,58,yes,yes,fiber-optic,no,yes,yes,yes,no,no,month-to-month,yes,credit-card-automatic,82.41,4807.65,1
CUST-01929,female,0,no,no,49,yes,yes,fiber-optic,yes,no,no,no,no,yes,one-year,yes,bank-transfer-automatic,100.7,4788.38,0
CUST-01930,male,0,yes,no,1,yes,no,fiber-optic,no,no,no,no,yes,no,month-to-month,no,electronic-check,75.1,45.65,0
CUST-01931,female,1,no,yes,47,yes,yes,no,no-internet-service,no-internet-service,no-internet-service,no-internet-service,no-internet-service,no-internet-service,one-year,no,credit-card-automatic,28.07,1359.97,0
CUST-01932,female,0,yes,no,36,yes,no,fiber-optic,no,no,yes,no,no,yes,one-year,yes,electronic-check,71.55,2628.58,1
CUST-01933,male,0,yes,no,18,yes,no,fiber-optic,no,no,yes,no,no,yes,month-to-month,no,electronic-check,73.34,1317.83,1
CUST-01934,male,0,no,yes,20,yes,no,dsl,yes,yes,yes,yes,yes,no,two-year,no,credit-card-automatic,71.49,1267.77,0
CUST-01935,female,0,yes,no,46,yes,yes,dsl,no,yes,yes,yes,no,yes,one-year,no,credit-card-automatic,81.61,3802.16,0
CUST-01936,female,0,yes,no,7,yes,no,dsl,no,no,no,no,no,no,month-to-month,yes,credit-card-automatic,37.67,382.5,0
CUST-01937,female,0,yes,no,44,yes,yes,dsl,no,yes,no,no,yes,no,month-to-month,yes,electronic-check,52.96,2267.33,1
CUST-01938,male,1,yes,no,61,no,no-phone-service,dsl,no,yes,yes,no,no,no,month-to-month,no,credit-card-automatic,67.21,4067.87,0
CUST-01939,male,0,no,no,7,yes,yes,no,no-internet-service,no-internet-service,no-internet-service,no-internet-service,no-internet-service,no-internet-service,month-to-month,yes,electronic-check,32.74,289.67,0
CUST-01940,female,0,no,no,1,yes,no,fiber-optic,yes,no,yes,no,yes,no,month-to-month,yes,electronic-check,90.5,152.99,1
CUST-01941,female,0,no,no,5,yes,yes,no,no-internet-service,no-internet-service,no-internet-service,no-internet-service,no-internet-service,no-internet-service,one-year,yes,bank-transfer-automatic,25.41,209.33,0
CUST-01942,female,0,yes,no,53,yes,no,dsl,yes,no,yes,yes,yes,no,two-year,yes,bank-transfer-automatic,60.82,3299.56,0
CUST-01943,male,0,no,yes,62,yes,yes,fiber-optic,yes,yes,yes,yes,no,yes,month-to-month,yes,credit-card-automatic,86.42,5243.12,0
CUST-01944,female,0,no,no,72,yes,yes,no,no-internet-service,no-internet-service,no-internet-service,no-internet-service,no-internet-service,no-internet-service,one-year,yes,bank-transfer-automatic,18.0,1260.05,0
CUST-01945,female,0,no,no,3,yes,no,no,no-internet-service,no-internet-service,no-internet-service,no-internet-service,no-internet-service,no-internet-service,one-year,yes,electronic-check,18.0,100.98,0
CUST-01946,female,0,yes,no,35,yes,yes,no,no-internet-service,no-internet-service,no-internet-service,no-internet-service,no-internet-service,no-internet-service,one-year,yes,electronic-check,21.8,756.54,0
CUST-01947,female,0,yes,no,4,yes,no,no,no-internet-service,no-internet-service,no-internet-service,no-internet-service,no-internet-service,no-internet-service,two-year,yes,credit-card-automatic,18.0,99.44,0
CUST-01948,male,0,no,yes,27,yes,no,fiber-optic,yes,no,no,no,no,yes,month-to-month,yes,bank-transfer-automatic,84.0,2258.22,0
CUST-01949,female,0,no,no,23,yes,no,fiber-optic,no,yes,no,yes,no,no,one-year,yes,bank-transfer-automatic,79.48,1795.35,0
CUST-01950,female,1,yes,yes,44,yes,no,fiber-optic,no,no,no,no,no,no,month-to-month,yes,bank-transfer-automatic,69.5,3039.86,1
CUST-01951,male,0,no,yes,66,yes,no,no,no-internet-service,no-internet-service,no-internet-service,no-internet-service,no-internet-service,no-internet-service,month-to-month,yes,mailed-check,27.08,1703.14,0
CUST-01952,male,1,yes,no,58,yes,no,dsl,yes,yes,no,yes,no,yes,month-to-month,no,electronic-check,62.33,3560.88,1
CUST-01953,female,1,yes,yes,5,yes,yes,no,no-internet-service,no-internet-service,no-internet-service,no-internet-service,no-internet-service,no-internet-service,month-to-month,yes,mailed-check,33.49,162.43,1
CUST-01954,female,0,no,no,18,no,no-phone-service,no,no-internet-service,no-internet-service,no-internet-service,no-internet-service,no-internet-service,no-internet-service,month-to-month,yes,bank-transfer-automatic,26.65,476.04,1
CUST-01955,male,1,no,no,20,yes,no,dsl,no,yes,no,yes,yes,no,month-to-month,yes,credit-card-automatic,57.08,1184.17,0
CUST-01956,female,0,yes,no,19,yes,yes,fiber-optic,no,no,no,no,yes,yes,month-to-month,yes,credit-card-automatic,91.62,1719.39,1
CUST-01957,male,0,no,no,26,yes,yes,fiber-optic,yes,no,no,no,no,yes,month-to-month,yes,credit-card-automatic,73.13,2027.06,1
CUST-01958,male,0,no,no,44,yes,yes,dsl,no,no,no,no,no,yes,month-to-month,no,electronic-check,63.34,2879.2,1
CUST-01959,male,0,yes,no,54,yes,no,dsl,no,yes,no,no,yes,yes,month-to-month,yes,electronic-check,65.66,3507.96,1
CUST-01960,female,0,no,no,68,yes,yes,fiber-optic,yes,no,no,no,yes,no,one-year,yes,electronic-check,69.37,4732.0,0
CUST-01961,male,0,no,no,51,yes,no,no,no-internet-service,no-internet-service,no-internet-service,no-internet-service,no-internet-service,no-internet-service,one-year,yes,electronic-check,18.0,1008.96,0
CUST-01962,male,0,no,no,22,yes,no,dsl,no,no,yes,yes,no,no,two-year,yes,electronic-check,54.76,1156.67,0
CUST-01963,female,0,no,no,14,yes,no,fiber-optic,no,yes,no,yes,no,yes,two-year,no,electronic-check,93.94,1259.08,0
CUST-01964,male,0,no,no,28,yes,yes,no,no-internet-service,no-internet-service,no-internet-service,no-internet-service,no-internet-service,no-internet-service,two-year,no,mailed-check,18.63,619.09,0
CUST-01965,male,0,yes,yes,58,yes,no,dsl,yes,no,yes,no,no,no,one-year,yes,electronic-check,56.44,3325.37,0
CUST-01966,male,0,yes,yes,72,yes,no,dsl,no,yes,no,yes,yes,yes,month-to-month,yes,mailed-check,68.32,4999.58,0
CUST-01967,female,0,no,no,29,yes,yes,fiber-optic,yes,no,yes,yes,no,no,month-to-month,no,credit-card-automatic,71.04,2083.82,1
CUST-01968,female,0,no,no,13,yes,yes,fiber-optic,no,yes,no,yes,no,no,two-year,yes,electronic-check,88.59,1132.55,0
CUST-01969,male,0,yes,no,1,yes,yes,fiber-optic,no,yes,no,yes,no,no,two-year,yes,electronic-check,92.72,0.0,0
CUST-01970,female,0,yes,no,6,yes,no,dsl,yes,yes,no,no,yes,yes,month-to-month,yes,electronic-check,74.31,456.12,1
CUST-01971,male,0,no,no,46,yes,yes,dsl,yes,yes,yes,no,no,no,month-to-month,yes,credit-card-automatic,59.61,2834.47,1
CUST-01972,male,0,yes,no,43,yes,yes,no,no-internet-service,no-internet-service,no-internet-service,no-internet-service,no-internet-service,no-internet-service,month-to-month,no,electronic-check,18.0,867.29,1
CUST-01973,male,0,yes,no,47,no,no-phone-service,no,no-internet-service,no-internet-service,no-internet-service,no-internet-service,no-internet-service,no-internet-service,month-to-month,yes,mailed-check,18.0,926.31,0
CUST-01974,female,0,no,no,2,yes,yes,fiber-optic,yes,yes,no,no,no,yes,month-to-month,no,credit-card-automatic,77.93,214.9,1
CUST-01975,male,0,no,yes,32,yes,yes,no,no-internet-service,no-internet-service,no-internet-service,no-internet-service,no-internet-service,no-internet-service,month-to-month,no,credit-card-automatic,38.12,1385.67,0
CUST-01976,female,0,no,yes,13,yes,no,fiber-optic,no,no,no,no,no,no,month-to-month,yes,credit-card-automatic,71.37,811.43,0
CUST-01977,male,0,no,no,25,yes,no,fiber-optic,no,yes,no,no,yes,no,one-year,yes,bank-transfer-automatic,89.24,2248.32,1
CUST-01978,female,0,yes,yes,45,yes,no,dsl,no,yes,no,no,yes,no,one-year,yes,mailed-check,64.8,2845.74,0
CUST-01979,female,0,no,no,20,yes,yes,no,no-internet-service,no-internet-service,no-internet-service,no-internet-service,no-internet-service,no-internet-service,two-year,yes,credit-card-automatic,21.14,539.23,0
CUST-01980,male,0,yes,no,48,yes,no,no,no-internet-service,no-internet-service,no-internet-service,no-internet-service,no-internet-service,no-internet-service,month-to-month,yes,electronic-check,18.0,822.55,0
CUST-01981,male,0,yes,yes,21,yes,no,dsl,no,no,no,yes,yes,no,month-to-month,yes,mailed-check,62.15,1380.79,1
CUST-01982,male,0,no,yes,37,yes,no,fiber-optic,yes,yes,yes,yes,no,no,one-year,yes,mailed-check,83.34,3049.88,0
CUST-01983,female,0,no,no,34,yes,no,fiber-optic,no,no,yes,yes,no,no,one-year,yes,bank-transfer-automatic,86.82,2983.4,1
CUST-01984,male,0,no,no,28,yes,yes,fiber-optic,no,no,yes,no,no,no,two-year,yes,bank-transfer-automatic,68.7,1915.46,0
CUST-01985,male,0,yes,no,10,yes,no,dsl,yes,yes,yes,no,no,yes,month-to-month,yes,credit-card-automatic,64.51,644.07,0
CUST-01986,male,0,no,yes,42,yes,no,dsl,no,yes,yes,yes,no,yes,month-to-month,no,credit-card-automatic,64.5,2734.02,1
CUST-01987,male,1,no,no,72,yes,yes,fiber-optic,no,yes,no,yes,yes,yes,month-to-month,yes,credit-card-automatic,105.19,7642.64,1
CUST-01988,female,0,no,no,47,yes,no,dsl,no,yes,no,no,no,yes,month-to-month,no,bank-transfer-automatic,38.53,1802.71,0
CUST-01989,female,0,no,no,54,no,no-phone-service,dsl,yes,no,no,no,yes,no,month-to-month,no,mailed-check,76.65,4205.95,0
CUST-01990,male,0,yes,no,58,yes,yes,dsl,no,yes,yes,no,yes,yes,month-to-month,no,credit-card-automatic,61.55,3647.74,0
CUST-01991,male,1,no,yes,3,no,no-phone-service,fiber-optic,no,yes,no,yes,no,no,month-to-month,yes,credit-card-automatic,83.01,217.75,1
CUST-01992,female,0,no,no,58,yes,no,fiber-optic,no,yes,yes,no,yes,yes,month-to-month,no,bank-transfer-automatic,95.31,5669.37,1
CUST-01993,female,1,no,no,18,yes,no,dsl,yes,no,no,no,no,no,one-year,yes,electronic-check,57.62,1093.05,1
CUST-01994,male,0,no,no,48,yes,no,dsl,yes,yes,yes,no,no,no,month-to-month,no,bank-transfer-automatic,69.75,3315.64,0
CUST-01995,male,0,no,no,71,yes,yes,fiber-optic,no,no,no,yes,no,yes,two-year,yes,bank-transfer-automatic,86.88,6214.53,0
CUST-01996,female,0,yes,yes,65,yes,no,fiber-optic,no,yes,no,no,yes,no,one-year,yes,electronic-check,98.3,6467.38,1
CUST-01997,male,0,yes,yes,30,yes,no,no,no-internet-service,no-internet-service,no-internet-service,no-internet-service,no-internet-service,no-internet-service,month-to-month,no,electronic-check,25.85,819.73,0
CUST-01998,male,0,no,yes,61,yes,yes,dsl,no,no,yes,no,yes,no,month-to-month,yes,electronic-check,57.06,3495.8,0
CUST-01999,female,1,no,no,45,yes,no,fiber-optic,yes,no,yes,yes,yes,yes,month-to-month,yes,electronic-check,94.58,3997.25,1
CUST-02000,female,0,no,yes,10,yes,no,dsl,no,yes,yes,no,no,no,month-to-month,yes,credit-card-automatic,53.37,461.15,1
CUST-02001,male,1,yes,no,18,yes,yes,dsl,no,no,no,no,no,yes,one-year,yes,bank-transfer-automatic,65.35,1227.19,1
CUST-02002,female,0,yes,yes,69,yes,no,fiber-optic,yes,yes,no,yes,no,yes,two-year,no,credit-card-automatic,106.04,7242.72,0
CUST-02003,female,0,no,no,66,yes,no,fiber-optic,no,yes,no,yes,no,yes,month-to-month,no,bank-transfer-automatic,95.03,6310.52,0
CUST-02004,female,0,no,no,65,no,no-phone-service,no,no-internet-service,no-internet-service,no-internet-service,no-internet-service,no-internet-service,no-internet-service,month-to-month,yes,electronic-check,18.0,1236.36,0
CUST-02005,male,0,yes,no,28,yes,no,dsl,no,no,yes,yes,yes,no,two-year,yes,mailed-check,45.02,1252.11,0
CUST-02006,female,0,no,yes,24,yes,no,fiber-optic,no,no,no,yes,no,yes,month-to-month,yes,credit-card-automatic,81.94,1834.21,1
CUST-02007,female,0,yes,no,59,yes,no,dsl,no,no,no,yes,yes,no,month-to-month,no,bank-transfer-automatic,56.67,3288.27,0
CUST-02008,female,0,no,yes,2,no,no-phone-service,dsl,no,no,yes,no,yes,no,month-to-month,yes,electronic-check,58.16,167.68,1
CUST-02009,male,0,yes,no,65,yes,no,dsl,yes,no,no,no,no,yes,month-to-month,no,bank-transfer-automatic,68.01,4514.92,0
CUST-02010,male,0,yes,no,44,yes,no,fiber-optic,no,no,no,no,yes,no,month-to-month,yes,credit-card-automatic,86.62,3655.16,0
CUST-02011,female,0,yes,no,46,no,no-phone-service,fiber-optic,yes,yes,no,no,yes,no,two-year,yes,mailed-check,88.4,4072.46,0
CUST-02012,female,0,no,yes,32,yes,no,fiber-optic,yes,no,no,yes,yes,yes,one-year,yes,credit-card-automatic,79.81,2443.86,0
CUST-02013,female,0,no,no,71,yes,no,no,no-internet-service,no-internet-service,no-internet-service,no-internet-service,no-internet-service,no-internet-service,month-to-month,yes,mailed-check,18.0,1284.78,0
CUST-02014,male,0,no,no,54,yes,no,dsl,no,yes,no,no,no,yes,two-year,no,credit-card-automatic,58.54,3149.38,1
CUST-02015,male,0,yes,no,4,yes,no,no,no-internet-service,no-internet-service,no-internet-service,no-internet-service,no-internet-service,no-internet-service,month-to-month,yes,electronic-check,23.33,270.35,0
CUST-02016,female,0,yes,no,38,yes,no,fiber-optic,yes,no,yes,yes,no,no,month-to-month,no,bank-transfer-automatic,77.26,2895.47,1
CUST-02017,female,0,yes,no,62,no,no-phone-service,dsl,yes,yes,no,no,yes,yes,two-year,yes,electronic-check,73.28,4622.02,0
CUST-02018,male,0,no,yes,6,no,no-phone-service,dsl,yes,yes,no,no,yes,yes,one-year,no,bank-transfer-automatic,53.98,399.55,0
CUST-02019,male,1,yes,no,54,yes,yes,dsl,no,no,no,no,yes,no,one-year,yes,electronic-check,33.69,1804.64,0
CUST-02020,female,0,no,no,18,yes,no,fiber-optic,no,no,no,no,no,no,month-to-month,yes,bank-transfer-automatic,65.0,1178.91,1
CUST-02021,female,1,no,no,37,yes,yes,dsl,yes,yes,yes,no,no,no,month-to-month,yes,credit-card-automatic,75.98,2811.3,1
CUST-02022,male,0,no,yes,64,yes,yes,fiber-optic,no,yes,yes,no,no,no,two-year,yes,credit-card-automatic,94.18,5971.74,1
CUST-02023,male,0,yes,no,36,yes,yes,fiber-optic,yes,no,no,no,no,no,month-to-month,yes,bank-transfer-automatic,64.24,2250.37,0
CUST-02024,male,0,no,no,3,yes,no,dsl,no,no,no,no,yes,no,two-year,yes,bank-transfer-automatic,40.85,91.81,1
CUST-02025,female,0,yes,yes,2,yes,no,fiber-optic,no,no,no,no,no,yes,one-year,yes,bank-transfer-automatic,83.09,80.8,0
CUST-02026,female,0,yes,no,54,yes,no,fiber-optic,no,yes,no,no,no,yes,month-to-month,no,bank-transfer-automatic,78.47,4199.85,1
CUST-02027,male,0,no,no,68,no,no-phone-service,no,no-internet-service,no-internet-service,no-internet-service,no-internet-service,no-internet-service,no-internet-service,two-year,no,credit-card-automatic,30.93,2088.58,0
CUST-02028,male,0,no,no,22,yes,no,fiber-optic,no,yes,no,yes,yes,yes,two-year,no,bank-transfer-automatic,97.96,2167.26,1
CUST-02029,male,0,no,no,68,yes,yes,dsl,no,no,yes,no,no,yes,two-year,no,electronic-check,65.33,4475.72,0
CUST-02030,female,0,yes,no,33,yes,yes,no,no-internet-service,no-internet-service,no-internet-service,no-internet-service,no-internet-service,no-internet-service,month-to-month,no,electronic-check,18.0,579.27,0
CUST-02031,male,0,no,no,5,yes,yes,dsl,yes,no,no,no,no,yes,one-year,yes,bank-transfer-automatic,61.55,250.07,0
CUST-02032,female,0,no,no,39,yes,yes,fiber-optic,no,yes,yes,no,yes,no,month-to-month,no,credit-card-automatic,103.13,4053.99,0
CUST-02033,female,0,yes,no,71,yes,no,dsl,no,no,no,no,yes,yes,month-to-month,yes,mailed-check,59.14,4258.26,0
CUST-02034,male,0,no,no,19,yes,yes,dsl,no,yes,no,no,yes,yes,two-year,yes,mailed-check,62.64,1153.72,0
CUST-02035,male,0,yes,yes,70,yes,no,fiber-optic,no,yes,no,no,no,no,two-year,yes,mailed-check,73.51,5072.0,1
CUST-02036,male,0,no,yes,47,yes,no,dsl,no,no,yes,yes,yes,yes,month-to-month,yes,credit-card-automatic,55.18,2559.99,0
CUST-02037,male,0,no,no,29,yes,yes,no,no-internet-service,no-internet-service,no-internet-service,no-internet-service,no-internet-service,no-internet-service,one-year,yes,bank-transfer-automatic,18.0,508.38,0
CUST-02038,female,0,no,no,50,yes,no,fiber-optic,yes,no,no,yes,yes,yes,two-year,yes,electronic-check,84.87,4329.38,0
CUST-02039,male,0,no,no,29,yes,no,fiber-optic,yes,yes,yes,yes,yes,no,one-year,no,electronic-check,83.85,2483.68,0
CUST-02040,female,0,yes,yes,7,yes,no,dsl,no,no,no,no,yes,no,month-to-month,no,bank-transfer-automatic,40.65,284.3,1
CUST-02041,female,0,no,no,63,yes,no,dsl,yes,yes,yes,no,no,yes,month-to-month,yes,bank-transfer-automatic,48.41,3192.38,0
CUST-02042,male,0,no,no,27,yes,no,dsl,no,yes,no,yes,yes,no,month-to-month,yes,electronic-check,56.74,1529.37,1
CUST-02043,male,0,yes,no,41,no,no-phone-service,fiber-optic,no,yes,no,yes,no,no,two-year,yes,mailed-check,87.4,3689.43,1
CUST-02044,male,0,yes,yes,54,yes,no,fiber-optic,no,yes,no,no,no,no,month-to-month,yes,mailed-check,74.47,4112.97,0
CUST-02045,female,0,no,no,6,yes,yes,dsl,yes,no,no,no,no,no,month-to-month,yes,electronic-check,50.5,389.3,1
CUST-02046,male,1,no,no,52,yes,no,no,no-internet-service,no-internet-service,no-internet-service,no-internet-service,no-internet-service,no-internet-service,one-year,yes,electronic-check,28.13,1486.85,0
CUST-02047,female,0,no,no,27,yes,no,fiber-optic,no,yes,yes,no,no,yes,one-year,no,mailed-check,100.51,2722.53,1
CUST-02048,male,0,no,yes,40,yes,yes,no,no-internet-service,no-internet-service,no-internet-service,no-internet-service,no-internet-service,no-internet-service,two-year,yes,electronic-check,38.19,1527.99,0
CUST-02049,male,0,no,yes,33,yes,yes,fiber-optic,no,no,no,no,yes,yes,two-year,yes,electronic-check,83.16,2808.04,1
CUST-02050,male,0,yes,no,56,yes,yes,fiber-optic,yes,no,no,yes,no,yes,one-year,yes,credit-card-automatic,84.75,4686.8,0
CUST-02051,female,1,yes,no,14,yes,yes,dsl,no,no,yes,no,no,no,two-year,yes,bank-transfer-automatic,51.7,704.08,0
CUST-02052,female,0,no,no,8,yes,yes,fiber-optic,yes,yes,yes,no,yes,yes,one-year,yes,bank-transfer-automatic,101.73,938.86,1
CUST-02053,female,0,no,yes,30,yes,yes,dsl,no,yes,no,yes,yes,no,one-year,yes,bank-transfer-automatic,61.75,1899.25,0
CUST-02054,male,1,no,no,9,yes,no,fiber-optic,yes,yes,yes,no,no,no,month-to-month,no,mailed-check,87.78,861.58,1
CUST-02055,male,0,no,no,18,no,no-phone-service,dsl,yes,no,no,yes,no,yes,month-to-month,yes,bank-transfer-automatic,62.31,1029.99,0
CUST-02056,female,0,no,yes,48,yes,no,fiber-optic,yes,yes,no,yes,yes,yes,month-to-month,yes,bank-transfer-automatic,89.46,4261.68,1
CUST-02057,male,0,no,no,59,yes,yes,dsl,yes,no,yes,yes,no,yes,two-year,yes,electronic-check,49.34,2936.1,0
CUST-02058,male,0,no,no,50,no,no-phone-service,no,no-internet-service,no-internet-service,no-internet-service,no-internet-service,no-internet-service,no-internet-service,month-to-month,no,credit-card-automatic,18.0,896.89,0
CUST-02059,female,0,yes,no,23,yes,yes,fiber-optic,no,no,no,no,yes,no,month-to-month,yes,credit-card-automatic,88.66,1947.28,1
CUST-02060,female,0,no,no,59,yes,yes,dsl,yes,no,yes,no,no,yes,two-year,no,electronic-check,74.28,4439.5,0
CUST-02061,male,1,no,no,30,yes,no,no,no-internet-service,no-internet-service,no-internet-service,no-internet-service,no-internet-service,no-internet-service,one-year,no,credit-card-automatic,29.52,966.41,0
CUST-02062,male,1,yes,no,14,yes,no,fiber-optic,no,yes,yes,no,no,yes,one-year,no,electronic-check,85.05,1169.3,1
CUST-02063,female,0,no,yes,55,yes,no,dsl,yes,yes,no,yes,no,no,one-year,no,electronic-check,56.68,3177.08,0
CUST-02064,male,0,no,no,38,yes,no,dsl,no,yes,no,no,yes,yes,month-to-month,yes,credit-card-automatic,76.0,3040.18,1
CUST-02065,male,0,no,yes,27,yes,no,no,no-internet-service,no-internet-service,no-internet-service,no-internet-service,no-internet-service,no-internet-service,month-to-month,yes,electronic-check,18.0,600.4,0
CUST-02066,male,0,no,no,48,yes,no,fiber-optic,no,no,yes,yes,no,yes,one-year,no,electronic-check,87.32,4173.32,1
CUST-02067,male,0,yes,no,53,yes,no,fiber-optic,no,no,no,no,no,no,two-year,yes,bank-transfer-automatic,85.52,4449.8,0
CUST-02068,male,0,yes,no,17,no,no-phone-service,fiber-optic,yes,no,no,no,no,no,month-to-month,no,bank-transfer-automatic,77.99,1343.09,0
CUST-02069,female,0,yes,no,9,yes,yes,fiber-optic,no,yes,yes,no,no,yes,month-to-month,no,bank-transfer-automatic,84.65,937.87,1
CUST-02070,female,0,yes,no,38,yes,no,fiber-optic,no,yes,no,yes,no,no,month-to-month,yes,electronic-check,91.28,3568.99,1
CUST-02071,female,0,no,yes,4,yes,no,no,no-internet-service,no-internet-service,no-internet-service,no-internet-service,no-internet-service,no-internet-service,month-to-month,no,bank-transfer-automatic,20.58,81.86,1
CUST-02072,male,0,no,no,46,yes,yes,fiber-optic,no,yes,yes,no,yes,no,month-to-month,yes,bank-transfer-automatic,88.57,4191.39,1
CUST-02073,female,0,no,yes,32,yes,yes,fiber-optic,no,no,no,no,yes,no,month-to-month,yes,electronic-check,89.12,2939.49,1
CUST-02074,female,0,yes,no,16,yes,yes,fiber-optic,no,no,no,no,yes,yes,month-to-month,yes,electronic-check,61.64,843.78,1
CUST-02075,male,0,yes,no,44,yes,no,fiber-optic,no,no,yes,no,no,no,month-to-month,yes,credit-card-automatic,79.87,3593.9,0
CUST-02076,female,1,yes,yes,28,no,no-phone-service,dsl,yes,no,yes,yes,no,yes,one-year,no,credit-card-automatic,63.87,1797.27,0
CUST-02077,female,0,no,no,28,yes,no,fiber-optic,no,no,yes,no,no,no,month-to-month,no,electronic-check,75.34,2044.53,1
CUST-02078,female,1,yes,no,16,no,no-phone-service,dsl,no,no,yes,no,no,yes,month-to-month,yes,electronic-check,60.9,981.24,0
CUST-02079,female,0,no,no,49,yes,yes,dsl,yes,no,yes,no,yes,no,month-to-month,no,credit-card-automatic,57.6,2853.47,1
CUST-02080,female,0,no,no,66,yes,yes,fiber-optic,yes,no,no,yes,no,no,one-year,yes,credit-card-automatic,83.83,5473.22,1
CUST-02081,male,1,no,yes,45,no,no-phone-service,dsl,yes,no,no,yes,yes,yes,month-to-month,yes,credit-card-automatic,73.08,3279.61,0
CUST-02082,female,0,yes,no,18,yes,yes,fiber-optic,yes,yes,yes,yes,no,no,two-year,no,mailed-check,93.63,1660.53,0
CUST-02083,female,0,yes,yes,61,yes,no,fiber-optic,yes,no,no,yes,no,yes,month-to-month,no,electronic-check,87.89,5420.93,0
CUST-02084,male,0,no,no,9,yes,no,no,no-internet-service,no-internet-service,no-internet-service,no-internet-service,no-internet-service,no-internet-service,one-year,yes,bank-transfer-automatic,19.06,148.94,0
CUST-02085,female,0,no,yes,21,yes,no,no,no-internet-service,no-internet-service,no-internet-service,no-internet-service,no-internet-service,no-internet-service,month-to-month,yes,credit-card-automatic,19.22,276.13,0
CUST-02086,male,0,yes,no,3,yes,yes,fiber-optic,no,no,no,no,yes,yes,one-year,yes,bank-transfer-automatic,82.64,214.36,1
CUST-02087,male,0,no,no,62,yes,no,dsl,yes,yes,yes,no,no,yes,one-year,no,bank-transfer-automatic,60.46,3677.54,0
CUST-02088,male,1,no,yes,4,yes,yes,fiber-optic,yes,yes,yes,yes,yes,no,month-to-month,yes,bank-transfer-automatic,109.16,339.59,1
CUST-02089,female,0,yes,no,40,yes,no,dsl,yes,yes,yes,yes,no,no,month-to-month,yes,bank-transfer-automatic,67.27,2779.33,1
CUST-02090,female,0,yes,no,14,yes,no,dsl,no,no,yes,no,yes,yes,month-to-month,no,bank-transfer-automatic,59.77,897.05,1
CUST-02091,male,0,yes,yes,16,yes,no,fiber-optic,yes,no,no,no,no,no,month-to-month,yes,bank-transfer-automatic,80.17,1210.2,1
CUST-02092,female,0,yes,no,44,yes,no,no,no-internet-service,no-internet-service,no-internet-service,no-internet-service,no-internet-service,no-internet-service,two-year,yes,electronic-check,19.08,744.32,0
CUST-02093,male,0,yes,no,58,yes,no,dsl,yes,no,no,no,no,no,one-year,yes,credit-card-automatic,62.94,3642.82,0
CUST-02094,female,0,no,no,2,yes,no,fiber-optic,yes,yes,no,yes,no,yes,one-year,yes,mailed-check,99.16,99.06,0
CUST-02095,female,0,yes,no,12,yes,yes,no,no-internet-service,no-internet-service,no-internet-service,no-internet-service,no-internet-service,no-internet-service,month-to-month,yes,credit-card-automatic,20.74,230.72,1
CUST-02096,male,0,no,no,21,yes,no,dsl,no,no,no,no,no,yes,month-to-month,yes,electronic-check,60.51,1276.0,0
CUST-02097,male,0,no,no,68,yes,yes,fiber-optic,no,yes,no,no,no,yes,one-year,yes,mailed-check,83.88,5726.68,0
CUST-02098,male,0,yes,yes,5,yes,yes,dsl,yes,no,no,no,no,yes,month-to-month,yes,mailed-check,48.77,269.36,1
CUST-02099,male,0,yes,yes,13,yes,no,no,no-internet-service,no-internet-service,no-internet-service,no-internet-service,no-internet-service,no-internet-service,month-to-month,yes,credit-card-automatic,27.12,294.0,0
CUST-02100,female,0,no,yes,30,yes,no,no,no-internet-service,no-internet-service,no-internet-service,no-internet-service,no-internet-service,no-internet-service,month-to-month,yes,credit-card-automatic,18.0,545.29,0
CUST-02101,male,0,no,no,24,yes,no,fiber-optic,no,no,yes,yes,yes,yes,month-to-month,no,electronic-check,63.87,1628.92,1
CUST-02102,male,0,no,no,4,yes,no,dsl,no,yes,yes,yes,yes,yes,two-year,no,credit-card-automatic,78.58,157.04,0
CUST-02103,female,0,yes,no,39,yes,no,no,no-internet-service,no-internet-service,no-internet-service,no-internet-service,no-internet-service,no-internet-service,month-to-month,no,mailed-check,23.55,942.88,0
CUST-02104,female,0,yes,yes,44,yes,no,no,no-internet-service,no-internet-service,no-internet-service,no-internet-service,no-internet-service,no-internet-service,month-to-month,yes,electronic-check,23.01,924.07,0
CUST-02105,male,0,yes,no,13,yes,no,fiber-optic,yes,yes,yes,yes,yes,no,month-to-month,no,electronic-check,108.12,1510.85,1
CUST-02106,female,0,no,no,50,yes,no,dsl,no,no,yes,no,no,no,month-to-month,yes,mailed-check,52.8,2701.28,1
CUST-02107,male,0,no,no,5,yes,yes,no,no-internet-service,no-internet-service,no-internet-service,no-internet-service,no-internet-service,no-internet-service,month-to-month,yes,credit-card-automatic,18.0,148.89,1
CUST-02108,female,0,no,yes,53,yes,no,fiber-optic,no,yes,yes,yes,yes,no,month-to-month,yes,mailed-check,98.37,5149.61,1
CUST-02109,female,0,no,no,19,yes,no,fiber-optic,yes,no,yes,no,no,no,month-to-month,no,credit-card-automatic,76.29,1469.3,1
CUST-02110,female,0,yes,yes,17,yes,no,dsl,yes,no,yes,no,yes,yes,month-to-month,yes,electronic-check,66.1,1151.84,1
CUST-02111,female,0,no,yes,15,yes,yes,dsl,yes,no,yes,no,yes,yes,one-year,no,mailed-check,70.02,872.46,0
CUST-02112,male,0,yes,no,63,yes,yes,dsl,no,no,no,no,yes,no,month-to-month,yes,electronic-check,55.66,3517.57,0
CUST-02113,male,0,no,no,37,yes,yes,fiber-optic,no,yes,yes,yes,yes,yes,one-year,yes,bank-transfer-automatic,94.34,3536.58,1
CUST-02114,male,0,no,no,50,yes,yes,dsl,yes,yes,yes,no,yes,yes,month-to-month,yes,electronic-check,69.08,3347.95,1
CUST-02115,male,0,no,no,15,yes,no,fiber-optic,yes,no,no,no,no,yes,month-to-month,no,bank-transfer-automatic,73.04,1140.75,1
CUST-02116,female,0,yes,no,5,yes,yes,dsl,yes,yes,no,yes,no,no,two-year,yes,electronic-check,56.7,290.97,0
CUST-02117,male,0,no,yes,3,yes,yes,fiber-optic,no,yes,no,yes,yes,no,month-to-month,yes,bank-transfer-automatic,101.55,408.25,1
CUST-02118,male,0,no,no,32,yes,no,fiber-optic,yes,no,no,no,yes,no,month-to-month,yes,mailed-check,79.88,2525.18,0
CUST-02119,male,0,yes,no,24,yes,yes,no,no-internet-service,no-internet-service,no-internet-service,no-internet-service,no-internet-service,no-internet-service,month-to-month,yes,electronic-check,21.51,529.56,0
CUST-02120,male,0,yes,yes,56,yes,yes,dsl,no,no,yes,no,yes,no,month-to-month,no,credit-card-automatic,46.07,2605.52,0
CUST-02121,male,1,no,no,57,yes,no,fiber-optic,no,no,yes,yes,yes,yes,month-to-month,no,bank-transfer-automatic,114.51,6316.5,1
CUST-02122,male,0,yes,no,23,yes,no,fiber-optic,no,no,yes,no,yes,yes,month-to-month,yes,mailed-check,80.11,1815.94,1
CUST-02123,male,1,yes,yes,32,yes,no,dsl,no,no,yes,no,no,no,month-to-month,yes,credit-card-automatic,45.6,1465.67,0
CUST-02124,male,0,yes,no,28,no,no-phone-service,no,no-internet-service,no-internet-service,no-internet-service,no-internet-service,no-internet-service,no-internet-service,month-to-month,no,mailed-check,19.51,369.54,0
CUST-02125,male,0,yes,no,49,no,no-phone-service,fiber-optic,yes,no,yes,yes,yes,no,month-to-month,no,mailed-check,84.86,4208.71,1
CUST-02126,female,0,yes,no,46,yes,yes,no,no-internet-service,no-internet-service,no-internet-service,no-internet-service,no-internet-service,no-internet-service,month-to-month,no,bank-transfer-automatic,22.92,1060.76,0
CUST-02127,female,0,no,no,47,yes,no,fiber-optic,no,yes,no,no,no,no,two-year,yes,credit-card-automatic,64.91,3056.79,0
CUST-02128,male,1,yes,no,4,yes,no,dsl,no,yes,no,yes,yes,yes,one-year,no,credit-card-automatic,79.1,370.49,0
CUST-02129,female,0,no,no,25,yes,no,fiber-optic,yes,no,no,no,yes,no,month-to-month,no,bank-transfer-automatic,89.52,2207.19,1
CUST-02130,female,1,yes,no,70,yes,no,fiber-optic,no,no,yes,yes,no,yes,month-to-month,yes,bank-transfer-automatic,88.05,6166.75,1
CUST-02131,male,0,yes,no,25,yes,yes,no,no-internet-service,no-internet-service,no-internet-service,no-internet-service,no-internet-service,no-internet-service,one-year,no,electronic-check,18.0,514.88,0
CUST-02132,male,1,yes,no,13,yes,yes,fiber-optic,no,yes,no,yes,yes,yes,month-to-month,yes,credit-card-automatic,87.5,1141.66,1
CUST-02133,male,1,no,yes,15,yes,no,no,no-internet-service,no-internet-service,no-internet-service,no-internet-service,no-internet-service,no-internet-service,two-year,yes,mailed-check,22.5,199.22,0
CUST-02134,female,0,no,no,2,yes,no,fiber-optic,yes,yes,no,no,no,yes,two-year,yes,credit-card-automatic,77.32,158.51,0
CUST-02135,female,0,no,yes,57,yes,yes,fiber-optic,no,yes,yes,no,yes,yes,month-to-month,yes,credit-card-automatic,83.62,4771.14,1
CUST-02136,male,0,yes,no,1,yes,no,no,no-internet-service,no-internet-service,no-internet-service,no-internet-service,no-internet-service,no-internet-service,one-year,yes,electronic-check,28.39,95.93,0
CUST-02137,male,0,yes,no,43,yes,no,dsl,no,no,yes,yes,yes,no,month-to-month,yes,electronic-check,64.24,2736.58,0
CUST-02138,female,1,yes,no,29,yes,no,fiber-optic,no,yes,no,yes,yes,no,month-to-month,no,electronic-check,89.99,2536.36,1
CUST-02139,male,0,no,no,7,yes,yes,dsl,yes,no,no,yes,yes,no,two-year,yes,credit-card-automatic,67.22,397.44,0
CUST-02140,female,0,yes,no,64,yes,no,fiber-optic,no,yes,yes,no,yes,yes,one-year,yes,bank-transfer-automatic,90.69,5912.36,1
CUST-02141,male,0,no,no,54,yes,no,no,no-internet-service,no-internet-service,no-internet-service,no-internet-service,no-internet-service,no-internet-service,month-to-month,yes,bank-transfer-automatic,19.52,1075.77,0
CUST-02142,male,0,no,no,60,yes,no,fiber-optic,no,no,no,yes,yes,no,two-year,yes,electronic-check,85.65,5243.37,0
CUST-02143,male,1,no,no,68,yes,no,dsl,yes,no,yes,no,yes,yes,month-to-month,no,electronic-check,76.47,5315.18,0
CUST-02144,male,0,no,no,66,yes,no,fiber-optic,yes,yes,no,no,no,no,one-year,yes,bank-transfer-automatic,85.98,5618.91,1
CUST-02145,female,0,yes,yes,51,yes,yes,dsl,yes,no,yes,no,no,no,two-year,no,electronic-check,69.68,3492.18,0
CUST-02146,female,1,no,no,39,yes,no,no,no-internet-service,no-internet-service,no-internet-service,no-internet-service,no-internet-service,no-internet-service,two-year,yes,mailed-check,22.2,856.22,0
CUST-02147,female,0,yes,no,51,yes,yes,no,no-internet-service,no-internet-service,no-internet-service,no-internet-service,no-internet-service,no-internet-service,month-to-month,no,bank-transfer-automatic,18.0,964.08,0
CUST-02148,male,0,no,no,33,yes,no,fiber-optic,yes,yes,no,no,no,yes,month-to-month,yes,mailed-check,95.71,3053.31,1
CUST-02149,male,0,no,no,14,yes,no,fiber-optic,no,no,no,no,yes,no,two-year,no,bank-transfer-automatic,75.04,1084.68,1
CUST-02150,male,0,yes,no,28,yes,no,fiber-optic,yes,no,no,no,no,no,month-to-month,yes,mailed-check,70.85,2014.12,1
CUST-02151,female,0,no,no,34,yes,no,no,no-internet-service,no-internet-service,no-internet-service,no-internet-service,no-internet-service,no-internet-service,two-year,no,bank-transfer-automatic,25.7,789.39,0
CUST-02152,female,1,yes,yes,4,yes,yes,fiber-optic,yes,no,no,no,no,no,month-to-month,yes,electronic-check,81.97,246.1,1
CUST-02153,male,0,yes,no,62,yes,no,dsl,no,yes,yes,no,no,no,month-to-month,no,bank-transfer-automatic,47.77,2995.08,1
CUST-02154,male,1,no,no,66,yes,no,fiber-optic,no,no,no,yes,yes,yes,month-to-month,yes,electronic-check,94.37,6383.9,0
CUST-02155,male,1,yes,no,31,yes,yes,no,no-internet-service,no-internet-service,no-internet-service,no-internet-service,no-internet-service,no-internet-service,month-to-month,yes,credit-card-automatic,36.99,1124.58,0
CUST-02156,female,0,no,no,36,yes,yes,dsl,no,yes,no,no,no,no,month-to-month,yes,credit-card-automatic,55.59,2025.97,1
CUST-02157,female,0,no,yes,61,yes,no,dsl,no,yes,no,no,no,yes,month-to-month,yes,bank-transfer-automatic,55.95,3367.57,1
CUST-02158,male,0,no,no,33,yes,yes,no,no-internet-service,no-internet-service,no-internet-service,no-internet-service,no-internet-service,no-internet-service,two-year,yes,bank-transfer-automatic,18.0,611.74,0
CUST-02159,male,0,yes,no,50,yes,yes,no,no-internet-service,no-internet-service,no-internet-service,no-internet-service,no-internet-service,no-internet-service,month-to-month,yes,mailed-check,36.41,1773.6,1
CUST-02160,female,0,yes,no,38,no,no-phone-service,dsl,yes,no,yes,no,no,yes,one-year,no,electronic-check,58.86,2217.26,0
CUST-02161,male,0,no,no,20,yes,no,dsl,no,yes,yes,yes,yes,no,month-to-month,yes,mailed-check,56.74,1318.48,0
CUST-02162,female,0,yes,no,58,yes,no,dsl,no,no,no,yes,no,yes,one-year,yes,bank-transfer-automatic,58.89,3423.65,0
CUST-02163,female,0,no,no,14,yes,no,fiber-optic,no,yes,no,yes,yes,yes,month-to-month,no,credit-card-automatic,100.07,1283.67,0
CUST-02164,male,0,yes,yes,17,yes,no,fiber-optic,no,no,yes,no,yes,no,two-year,no,electronic-check,91.89,1610.34,0
CUST-02165,male,0,yes,yes,50,yes,yes,dsl,yes,yes,no,yes,no,no,month-to-month,yes,credit-card-automatic,57.62,2965.7,1
CUST-02166,male,0,no,no,52,yes,no,dsl,yes,yes,yes,yes,no,no,month-to-month,yes,electronic-check,67.21,3545.58,0
CUST-02167,female,0,no,no,69,yes,yes,fiber-optic,no,no,yes,yes,no,yes,month-to-month,yes,bank-transfer-automatic,87.0,5989.74,0
CUST-02168,male,0,no,no,52,no,no-phone-service,fiber-optic,yes,no,no,no,no,no,month-to-month,no,electronic-check,84.81,4341.32,1
CUST-02169,male,0,no,no,2,yes,yes,dsl,no,no,no,no,no,no,month-to-month,yes,credit-card-automatic,52.74,38.52,0
CUST-02170,male,1,yes,yes,62,yes,yes,fiber-optic,yes,yes,yes,no,no,yes,one-year,yes,bank-transfer-automatic,96.16,5947.69,0
CUST-02171,female,1,yes,yes,30,yes,no,dsl,yes,no,no,no,no,no,month-to-month,no,credit-card-automatic,62.32,1842.09,0
CUST-02172,male,0,yes,no,1,yes,yes,dsl,yes,no,no,yes,no,yes,one-year,yes,mailed-check,52.1,10.23,0
CUST-02173,male,0,no,no,42,yes,no,fiber-optic,no,no,no,no,no,yes,month-to-month,no,electronic-check,80.37,3466.69,1
CUST-02174,male,0,yes,no,13,yes,no,fiber-optic,yes,yes,no,yes,no,yes,one-year,no,credit-card-automatic,93.77,1288.1,1
CUST-02175,female,0,no,no,30,no,no-phone-service,fiber-optic,no,yes,yes,yes,no,yes,month-to-month,no,mailed-check,91.6,2843.02,0
CUST-02176,male,0,yes,no,34,yes,yes,fiber-optic,yes,yes,yes,yes,no,no,one-year,yes,credit-card-automatic,90.0,3000.87,0
CUST-02177,female,0,no,no,6,yes,no,dsl,no,no,yes,yes,no,no,two-year,yes,credit-card-automatic,59.07,285.36,0
CUST-02178,female,1,no,yes,62,yes,no,dsl,no,yes,no,yes,no,yes,month-to-month,yes,mailed-check,60.44,3753.08,0
CUST-02179,male,1,no,no,37,yes,yes,no,no-internet-service,no-internet-service,no-internet-service,no-internet-service,no-internet-service,no-internet-service,month-to-month,yes,credit-card-automatic,43.82,1652.46,0
CUST-02180,female,0,yes,no,70,yes,no,fiber-optic,yes,no,no,yes,no,no,one-year,yes,mailed-check,92.87,6506.26,0
CUST-02181,male,0,no,yes,34,yes,no,dsl,yes,no,no,yes,yes,yes,month-to-month,yes,mailed-check,76.74,2635.17,0
CUST-02182,female,0,yes,yes,43,yes,no,fiber-optic,no,no,no,no,yes,yes,month-to-month,yes,electronic-check,77.76,3462.56,0
CUST-02183,male,1,yes,no,59,no,no-phone-service,no,no-internet-service,no-internet-service,no-internet-service,no-internet-service,no-internet-service,no-internet-service,month-to-month,yes,bank-transfer-automatic,18.0,1045.62,0
CUST-02184,male,0,yes,no,16,yes,no,fiber-optic,yes,yes,no,no,yes,yes,month-to-month,yes,bank-transfer-automatic,90.3,1505.34,1
CUST-02185,male,0,yes,no,66,yes,yes,dsl,yes,no,no,yes,yes,no,two-year,yes,mailed-check,63.91,4256.91,0
CUST-02186,female,0,no,no,14,yes,no,dsl,yes,yes,no,no,yes,no,month-to-month,no,credit-card-automatic,51.41,726.89,1
CUST-02187,female,0,yes,no,72,yes,yes,fiber-optic,no,yes,no,no,yes,no,month-to-month,yes,bank-transfer-automatic,85.84,6237.56,1
CUST-02188,female,0,yes,no,47,yes,no,no,no-internet-service,no-internet-service,no-internet-service,no-internet-service,no-internet-service,no-internet-service,month-to-month,no,credit-card-automatic,28.66,1289.42,0
CUST-02189,female,0,no,no,38,yes,no,fiber-optic,yes,yes,no,yes,no,yes,month-to-month,no,bank-transfer-automatic,74.11,2743.5,1
CUST-02190,male,0,no,yes,16,yes,no,fiber-optic,no,no,no,no,no,yes,one-year,no,bank-transfer-automatic,69.8,1149.27,1
CUST-02191,female,0,no,no,41,yes,no,dsl,no,no,no,yes,yes,no,one-year,no,mailed-check,67.82,2657.77,0
CUST-02192,female,0,no,no,40,yes,yes,dsl,no,yes,yes,no,yes,no,two-year,no,electronic-check,65.99,2677.97,0
CUST-02193,female,0,yes,no,71,yes,no,fiber-optic,no,yes,yes,no,yes,no,month-to-month,yes,electronic-check,80.07,5600.36,0
CUST-02194,female,0,no,no,61,yes,yes,fiber-optic,no,yes,yes,yes,yes,yes,month-to-month,yes,mailed-check,102.88,6389.52,0
CUST-02195,male,1,yes,no,35,yes,no,fiber-optic,no,yes,no,yes,yes,no,month-to-month,no,bank-transfer-automatic,84.25,2919.03,1
CUST-02196,male,0,yes,yes,29,yes,no,no,no-internet-service,no-internet-service,no-internet-service,no-internet-service,no-internet-service,no-internet-service,one-year,no,electronic-check,18.11,634.18,0
CUST-02197,female,0,yes,no,28,yes,yes,dsl,no,no,no,no,yes,no,one-year,yes,credit-card-automatic,43.89,1213.11,0
CUST-02198,male,0,no,no,28,yes,no,fiber-optic,yes,yes,no,no,no,no,one-year,no,mailed-check,82.14,2280.9,0
CUST-02199,male,0,yes,yes,1,yes,no,fiber-optic,yes,yes,yes,no,no,yes,two-year,no,mailed-check,100.15,165.09,1
CUST-02200,female,0,no,no,3,yes,no,no,no-internet-service,no-internet-service,no-internet-service,no-internet-service,no-internet-service,no-internet-service,month-to-month,no,electronic-check,18.0,75.97,0
CUST-02201,female,0,yes,no,55,yes,no,no,no-internet-service,no-internet-service,no-internet-service,no-internet-service,no-internet-service,no-internet-service,two-year,yes,bank-transfer-automatic,25.16,1378.8,0
CUST-02202,female,0,yes,yes,19,yes,no,fiber-optic,no,no,yes,no,no,no,two-year,yes,credit-card-automatic,76.6,1425.09,1
CUST-02203,female,0,yes,yes,30,yes,no,dsl,no,yes,yes,yes,yes,yes,month-to-month,yes,credit-card-automatic,81.63,2419.31,0
CUST-02204,female,0,yes,no,51,no,no-phone-service,fiber-optic,yes,no,no,yes,no,yes,month-to-month,yes,bank-transfer-automatic,83.3,4425.12,0
CUST-02205,female,1,yes,yes,44,yes,yes,fiber-optic,yes,yes,no,no,no,no,one-year,yes,electronic-check,96.44,4117.71,1
CUST-02206,male,0,no,yes,26,yes,yes,no,no-internet-service,no-internet-service,no-internet-service,no-internet-service,no-internet-service,no-internet-service,month-to-month,yes,credit-card-automatic,25.45,571.51,0
CUST-02207,female,1,no,no,55,yes,yes,no,no-internet-service,no-internet-service,no-internet-service,no-internet-service,no-internet-service,no-internet-service,month-to-month,no,electronic-check,23.95,1405.52,0
CUST-02208,male,1,yes,no,12,yes,yes,fiber-optic,no,no,no,no,yes,yes,month-to-month,yes,electronic-check,86.24,1117.52,1
CUST-02209,female,0,no,no,35,yes,no,no,no-internet-service,no-internet-service,no-internet-service,no-internet-service,no-internet-service,no-internet-service,one-year,yes,credit-card-automatic,18.0,560.81,0
CUST-02210,female,0,yes,no,8,yes,no,dsl,no,no,yes,no,no,yes,two-year,yes,mailed-check,53.77,298.73,0
CUST-02211,male,0,yes,no,39,yes,yes,dsl,yes,yes,no,yes,no,no,two-year,no,credit-card-automatic,65.1,2634.32,0
CUST-02212,male,0,yes,no,7,yes,no,dsl,yes,no,no,no,no,no,two-year,no,bank-transfer-automatic,43.41,225.36,0
CUST-02213,male,0,no,no,68,yes,no,dsl,no,yes,yes,no,no,no,month-to-month,no,electronic-check,53.19,3580.09,0
CUST-02214,female,0,yes,no,48,yes,yes,no,no-internet-service,no-internet-service,no-internet-service,no-internet-service,no-internet-service,no-internet-service,one-year,yes,mailed-check,18.0,871.21,0
CUST-02215,female,0,no,no,18,yes,no,fiber-optic,yes,yes,no,no,no,no,month-to-month,yes,bank-transfer-automatic,86.57,1477.81,1
CUST-02216,female,0,yes,no,45,yes,yes,dsl,yes,no,no,yes,yes,yes,month-to-month,yes,mailed-check,72.7,3340.83,0
CUST-02217,female,0,no,no,26,yes,no,fiber-optic,no,no,no,no,yes,no,two-year,no,electronic-check,87.14,2267.21,1
CUST-02218,male,0,yes,no,38,yes,no,dsl,no,yes,no,no,yes,no,two-year,no,credit-card-automatic,55.32,2036.01,0
CUST-02219,female,0,no,no,13,no,no-phone-service,fiber-optic,no,yes,no,no,yes,no,one-year,yes,electronic-check,75.54,922.48,1
CUST-02220,female,1,no,no,37,yes,yes,fiber-optic,yes,yes,yes,no,no,yes,month-to-month,yes,electronic-check,82.25,3140.52,0
CUST-02221,male,0,yes,no,8,yes,no,dsl,no,yes,no,yes,no,no,month-to-month,yes,credit-card-automatic,60.17,460.45,1
CUST-02222,female,0,yes,no,12,yes,yes,fiber-optic,no,no,yes,no,no,no,one-year,yes,bank-transfer-automatic,88.17,1104.13,1
CUST-02223,female,0,no,no,43,yes,no,fiber-optic,yes,yes,yes,no,yes,yes,month-to-month,yes,electronic-check,96.4,4144.45,0
CUST-02224,female,0,no,yes,37,yes,no,fiber-optic,yes,yes,no,no,yes,no,month-to-month,yes,bank-transfer-automatic,87.21,3095.18,1
CUST-02225,female,0,no,yes,22,yes,yes,dsl,yes,yes,yes,yes,yes,yes,two-year,no,bank-transfer-automatic,77.95,1770.91,0
CUST-02226,male,0,yes,yes,5,yes,no,fiber-optic,no,yes,yes,yes,no,yes,month-to-month,yes,credit-card-automatic,94.03,550.69,1
CUST-02227,male,0,no,no,31,yes,no,fiber-optic,no,yes,yes,yes,yes,no,month-to-month,yes,bank-transfer-automatic,99.98,3237.56,0
CUST-02228,male,1,yes,no,67,yes,yes,dsl,yes,no,no,yes,no,no,month-to-month,yes,bank-transfer-automatic,75.35,4905.91,0
CUST-02229,female,1,yes,yes,51,yes,no,no,no-internet-service,no-internet-service,no-internet-service,no-internet-service,no-internet-service,no-internet-service,month-to-month,no,mailed-check,25.99,1088.61,0
CUST-02230,male,0,no,no,5,yes,no,dsl,no,no,yes,yes,yes,yes,month-to-month,no,bank-transfer-automatic,72.51,410.48,1
CUST-02231,male,0,no,yes,68,yes,no,fiber-optic,no,no,no,yes,no,yes,month-to-month,no,mailed-check,80.09,5401.17,0
CUST-02232,female,0,no,yes,31,no,no-phone-service,no,no-internet-service,no-internet-service,no-internet-service,no-internet-service,no-internet-service,no-internet-service,month-to-month,yes,credit-card-automatic,19.14,486.09,0
CUST-02233,male,1,no,no,42,yes,yes,no,no-internet-service,no-internet-service,no-internet-service,no-internet-service,no-internet-service,no-internet-service,month-to-month,yes,bank-transfer-automatic,21.03,891.32,0
CUST-02234,female,0,yes,no,1,yes,no,dsl,no,no,no,no,no,yes,month-to-month,no,mailed-check,50.07,16.37,0
CUST-02235,male,0,no,no,23,no,no-phone-service,dsl,no,no,yes,yes,yes,no,two-year,no,electronic-check,64.02,1376.75,0
CUST-02236,male,0,yes,no,57,no,no-phone-service,fiber-optic,no,yes,no,no,yes,no,month-to-month,yes,credit-card-automatic,87.0,4952.79,0
CUST-02237,female,0,yes,no,24,yes,no,dsl,no,no,no,no,no,no,one-year,yes,mailed-check,48.51,1206.73,0
CUST-02238,female,0,yes,yes,12,yes,no,dsl,no,yes,yes,yes,yes,no,one-year,yes,credit-card-automatic,65.76,802.24,0
CUST-02239,female,0,no,no,7,no,no-phone-service,fiber-optic,yes,no,no,no,yes,yes,month-to-month,yes,credit-card-automatic,88.01,629.76,1
CUST-02240,male,0,no,no,67,yes,no,fiber-optic,yes,yes,yes,yes,yes,yes,month-to-month,yes,bank-transfer-automatic,94.32,6352.7,1
CUST-02241,female,0,yes,yes,59,yes,no,fiber-optic,yes,yes,no,no,no,yes,two-year,yes,mailed-check,93.43,5385.52,0
CUST-02242,male,0,no,no,4,yes,no,dsl,no,no,yes,yes,no,yes,month-to-month,yes,electronic-check,59.69,234.91,1
CUST-02243,female,1,no,no,67,yes,no,fiber-optic,yes,yes,no,no,no,no,one-year,yes,credit-card-automatic,74.76,5026.92,0
CUST-02244,female,0,no,no,60,yes,no,dsl,yes,yes,no,yes,no,yes,month-to-month,yes,credit-card-automatic,71.69,4273.05,0
CUST-02245,male,0,no,no,26,yes,no,dsl,yes,no,yes,yes,yes,no,two-year,yes,electronic-check,72.09,1812.13,0
CUST-02246,male,0,yes,no,48,yes,no,fiber-optic,no,yes,no,no,yes,no,month-to-month,yes,electronic-check,75.12,3549.8,1
CUST-02247,male,0,no,yes,19,yes,yes,fiber-optic,no,yes,yes,yes,no,yes,month-to-month,yes,bank-transfer-automatic,96.99,1820.81,1
CUST-02248,female,0,no,no,18,yes,no,fiber-optic,yes,yes,no,no,yes,yes,month-to-month,yes,mailed-check,97.07,1815.84,1
CUST-02249,female,0,no,no,52,yes,no,fiber-optic,yes,no,no,yes,no,no,one-year,yes,mailed-check,97.8,5200.14,0
CUST-02250,female,1,no,yes,15,yes,no,dsl,no,no,yes,no,no,no,month-to-month,yes,mailed-check,53.12,896.06,1
CUST-02251,male,0,yes,yes,26,yes,yes,dsl,yes,no,yes,no,no,yes,two-year,yes,mailed-check,62.56,1509.5,1
CUST-02252,male,0,yes,no,26,yes,yes,no,no-internet-service,no-internet-service,no-internet-service,no-internet-service,no-internet-service,no-internet-service,two-year,yes,electronic-check,18.0,397.55,0
CUST-02253,female,0,no,yes,11,yes,yes,no,no-internet-service,no-internet-service,no-internet-service,no-internet-service,no-internet-service,no-internet-service,month-to-month,yes,credit-card-automatic,23.95,312.76,0
CUST-02254,male,0,yes,no,60,yes,no,fiber-optic,no,no,no,no,no,no,month-to-month,no,electronic-check,71.96,4415.15,1
CUST-02255,female,0,yes,no,49,yes,no,dsl,yes,no,yes,yes,yes,no,two-year,no,bank-transfer-automatic,75.9,3646.59,0
CUST-02256,male,0,no,yes,63,no,no-phone-service,dsl,no,no,yes,no,no,yes,month-to-month,yes,mailed-check,54.53,3449.14,0
CUST-02257,male,0,no,no,38,yes,yes,dsl,yes,no,no,no,yes,yes,month-to-month,yes,electronic-check,66.77,2452.37,1
CUST-02258,male,0,no,yes,13,yes,no,fiber-optic,yes,yes,yes,yes,yes,no,month-to-month,yes,credit-card-automatic,95.1,1257.04,1
CUST-02259,female,0,no,no,21,yes,yes,fiber-optic,no,yes,yes,no,no,no,month-to-month,no,credit-card-automatic,67.26,1364.2,0
CUST-02260,male,0,no,no,26,yes,yes,dsl,no,yes,no,no,no,no,month-to-month,yes,electronic-check,58.02,1522.24,1
CUST-02261,female,1,no,yes,68,yes,yes,dsl,no,no,yes,no,yes,no,one-year,yes,mailed-check,46.02,3038.47,0
CUST-02262,male,0,no,no,18,yes,no,fiber-optic,no,no,no,yes,yes,no,one-year,yes,credit-card-automatic,80.72,1330.42,0
CUST-02263,female,1,yes,no,50,yes,no,fiber-optic,no,no,yes,no,no,no,month-to-month,yes,credit-card-automatic,77.85,4124.87,0
CUST-02264,male,1,no,no,9,yes,yes,dsl,no,no,no,yes,yes,no,month-to-month,yes,mailed-check,59.93,544.57,0
CUST-02265,female,1,yes,no,69,yes,yes,dsl,no,no,yes,no,no,yes,month-to-month,yes,electronic-check,60.38,4326.32,0
CUST-02266,female,0,yes,no,47,yes,no,dsl,no,no,yes,yes,no,yes,one-year,yes,credit-card-automatic,63.3,3088.28,0
CUST-02267,male,0,yes,no,32,yes,yes,fiber-optic,yes,no,yes,yes,yes,no,month-to-month,yes,bank-transfer-automatic,94.9,2914.13,1
CUST-02268,male,0,no,yes,25,yes,no,fiber-optic,yes,yes,no,yes,no,yes,two-year,yes,credit-card-automatic,91.13,2305.38,1
CUST-02269,female,0,no,no,26,yes,yes,dsl,no,no,no,no,yes,yes,two-year,no,bank-transfer-automatic,78.93,1955.09,0
CUST-02270,male,0,no,yes,17,yes,yes,dsl,yes,yes,yes,yes,yes,yes,one-year,yes,credit-card-automatic,75.26,1257.21,0
CUST-02271,female,0,no,no,44,yes,yes,fiber-optic,yes,yes,no,yes,no,no,month-to-month,yes,electronic-check,77.22,3256.31,1
CUST-02272,female,1,no,no,63,yes,no,dsl,yes,yes,yes,yes,yes,no,one-year,yes,electronic-check,63.72,3896.29,0
CUST-02273,female,0,yes,no,18,yes,no,fiber-optic,no,yes,yes,no,yes,no,month-to-month,yes,mailed-check,92.27,1596.75,1
CUST-02274,female,0,no,no,54,yes,yes,dsl,no,yes,yes,yes,no,no,one-year,no,electronic-check,50.27,2673.65,0
CUST-02275,female,0,no,yes,41,yes,no,fiber-optic,yes,yes,no,no,yes,no,two-year,yes,mailed-check,77.32,3173.03,0
CUST-02276,female,0,no,no,56,yes,yes,dsl,yes,no,yes,yes,yes,no,two-year,yes,electronic-check,57.17,3123.81,0
CUST-02277,female,0,yes,no,56,no,no-phone-service,no,no-internet-service,no-internet-service,no-internet-service,no-internet-service,no-internet-service,no-internet-service,one-year,no,mailed-check,23.66,1336.16,0
CUST-02278,female,0,yes,no,3,yes,yes,fiber-optic,yes,no,no,yes,yes,no,one-year,no,mailed-check,97.65,378.13,1
CUST-02279,female,1,no,no,2,yes,no,fiber-optic,yes,yes,no,yes,yes,no,month-to-month,no,electronic-check,86.45,193.44,0
CUST-02280,male,0,yes,yes,66,yes,yes,fiber-optic,yes,no,yes,no,yes,no,month-to-month,yes,bank-transfer-automatic,90.38,5960.03,1
CUST-02281,male,0,yes,no,12,yes,no,fiber-optic,no,no,no,yes,no,no,one-year,yes,bank-transfer-automatic,55.9,696.42,0
CUST-02282,female,0,yes,yes,42,no,no-phone-service,no,no-internet-service,no-internet-service,no-internet-service,no-internet-service,no-internet-service,no-internet-service,two-year,no,bank-transfer-automatic,18.0,648.38,0
CUST-02283,female,0,yes,yes,55,no,no-phone-service,no,no-internet-service,no-internet-service,no-internet-service,no-internet-service,no-internet-service,no-internet-service,two-year,yes,mailed-check,24.82,1436.5,0
CUST-02284,male,0,yes,no,37,yes,no,fiber-optic,yes,no,yes,yes,yes,yes,two-year,no,electronic-check,94.5,3406.68,0
CUST-02285,male,0,no,no,1,yes,yes,no,no-internet-service,no-internet-service,no-internet-service,no-internet-service,no-internet-service,no-internet-service,month-to-month,no,mailed-check,27.95,144.34,1
CUST-02286,male,0,no,yes,1,yes,yes,fiber-optic,yes,yes,no,no,no,yes,one-year,no,credit-card-automatic,69.13,126.94,1
CUST-02287,male,0,no,yes,49,yes,no,dsl,yes,no,yes,yes,no,yes,one-year,yes,credit-card-automatic,62.12,3085.62,1
CUST-02288,male,0,yes,no,65,yes,no,dsl,no,yes,yes,no,no,no,month-to-month,no,credit-card-automatic,61.62,4050.31,1
CUST-02289,male,0,yes,yes,25,no,no-phone-service,fiber-optic,no,yes,yes,no,yes,yes,month-to-month,no,electronic-check,95.52,2387.86,1
CUST-02290,female,0,yes,yes,40,yes,no,dsl,no,no,no,yes,yes,no,one-year,no,credit-card-automatic,62.14,2426.62,0
CUST-02291,female,1,yes,yes,68,yes,no,dsl,yes,yes,no,yes,yes,yes,month-to-month,no,electronic-check,76.66,5142.25,1
CUST-02292,female,0,yes,yes,60,yes,no,fiber-optic,no,no,no,no,yes,yes,one-year,no,mailed-check,72.85,4502.35,0
CUST-02293,female,1,no,no,39,yes,no,no,no-internet-service,no-internet-service,no-internet-service,no-internet-service,no-internet-service,no-internet-service,two-year,yes,credit-card-automatic,18.0,709.75,0
CUST-02294,male,0,no,no,48,yes,no,fiber-optic,yes,yes,no,no,no,yes,one-year,yes,credit-card-automatic,105.53,4981.82,0
CUST-02295,male,0,no,no,70,yes,yes,fiber-optic,no,yes,no,no,yes,yes,month-to-month,no,mailed-check,76.92,5423.15,1
CUST-02296,male,0,yes,no,58,yes,no,no,no-internet-service,no-internet-service,no-internet-service,no-internet-service,no-internet-service,no-internet-service,month-to-month,no,mailed-check,18.0,1069.72,0
CUST-02297,female,0,yes,no,30,no,no-phone-service,fiber-optic,no,no,yes,no,no,no,one-year,yes,bank-transfer-automatic,82.44,2448.5,0
CUST-02298,female,1,yes,no,50,yes,yes,fiber-optic,yes,no,no,yes,yes,yes,one-year,yes,electronic-check,85.53,4209.15,0
CUST-02299,female,0,yes,no,24,yes,no,fiber-optic,no,yes,yes,no,yes,no,month-to-month,no,mailed-check,101.34,2487.33,1
CUST-02300,male,1,no,no,67,yes,no,fiber-optic,yes,yes,yes,no,no,yes,month-to-month,yes,electronic-check,115.88,7834.91,1
CUST-02301,female,1,yes,no,7,yes,yes,fiber-optic,no,no,yes,no,yes,yes,two-year,no,credit-card-automatic,87.07,633.67,1
CUST-02302,female,0,no,no,17,yes,no,fiber-optic,no,yes,yes,no,yes,yes,month-to-month,yes,mailed-check,94.48,1611.53,1
CUST-02303,male,0,no,no,25,yes,yes,dsl,no,yes,no,no,no,yes,one-year,no,electronic-check,43.4,1026.32,1
CUST-02304,male,0,yes,no,15,yes,yes,dsl,no,no,yes,no,no,no,two-year,yes,electronic-check,61.25,954.74,0
CUST-02305,male,0,yes,no,43,yes,no,no,no-internet-service,no-internet-service,no-internet-service,no-internet-service,no-internet-service,no-internet-service,one-year,yes,credit-card-automatic,18.0,726.4,0
CUST-02306,female,0,yes,yes,52,yes,no,no,no-internet-service,no-internet-service,no-internet-service,no-internet-service,no-internet-service,no-internet-service,two-year,yes,credit-card-automatic,18.0,840.56,0
CUST-02307,female,0,yes,no,65,yes,no,fiber-optic,yes,yes,no,no,yes,no,one-year,yes,credit-card-automatic,87.95,5801.17,0
CUST-02308,female,1,no,no,37,yes,yes,no,no-internet-service,no-internet-service,no-internet-service,no-internet-service,no-internet-service,no-internet-service,month-to-month,no,bank-transfer-automatic,26.38,898.82,0
CUST-02309,female,0,no,yes,45,yes,no,no,no-internet-service,no-internet-service,no-internet-service,no-internet-service,no-internet-service,no-internet-service,month-to-month,yes,mailed-check,18.0,667.73,0
CUST-02310,male,0,no,no,44,yes,yes,no,no-internet-service,no-internet-service,no-internet-service,no-internet-service,no-internet-service,no-internet-service,month-to-month,yes,mailed-check,18.0,890.18,0
CUST-02311,female,0,no,no,1,no,no-phone-service,dsl,yes,no,no,no,no,no,month-to-month,yes,electronic-check,39.71,0.0,1
CUST-02312,female,0,yes,yes,52,yes,yes,fiber-optic,no,no,yes,yes,yes,no,one-year,yes,bank-transfer-automatic,84.46,4362.69,0
CUST-02313,male,1,yes,no,2,yes,no,fiber-optic,no,no,no,no,no,yes,month-to-month,no,mailed-check,72.59,63.01,1
CUST-02314,female,0,yes,yes,40,yes,yes,no,no-internet-service,no-internet-service,no-internet-service,no-internet-service,no-internet-service,no-internet-service,month-to-month,no,electronic-check,18.0,665.71,0
CUST-02315,female,1,yes,no,72,yes,yes,dsl,no,no,no,no,yes,yes,one-year,yes,credit-card-automatic,65.21,4861.93,0
CUST-02316,female,0,no,no,57,yes,no,no,no-internet-service,no-internet-service,no-internet-service,no-internet-service,no-internet-service,no-internet-service,month-to-month,yes,electronic-check,22.25,1260.63,0
CUST-02317,female,1,no,no,37,yes,no,dsl,yes,no,no,no,no,yes,month-to-month,no,electronic-check,64.49,2413.12,0
CUST-02318,female,0,yes,no,23,yes,no,fiber-optic,yes,no,yes,no,no,yes,one-year,yes,electronic-check,85.97,2036.6,0
CUST-02319,male,1,yes,no,61,yes,no,fiber-optic,no,yes,yes,no,yes,no,month-to-month,yes,bank-transfer-automatic,94.74,5730.63,1
CUST-02320,male,0,yes,no,62,yes,yes,no,no-internet-service,no-internet-service,no-internet-service,no-internet-service,no-internet-service,no-internet-service,month-to-month,no,bank-transfer-automatic,19.72,1303.28,0
CUST-02321,female,0,no,no,27,yes,yes,fiber-optic,no,no,no,no,yes,yes,month-to-month,no,electronic-check,78.07,2136.09,1
CUST-02322,female,0,yes,no,8,yes,no,dsl,yes,yes,yes,no,yes,yes,one-year,yes,bank-transfer-automatic,77.56,677.02,1
CUST-02323,female,0,yes,no,42,yes,yes,no,no-internet-service,no-internet-service,no-internet-service,no-internet-service,no-internet-service,no-internet-service,one-year,yes,electronic-check,18.0,701.64,0
CUST-02324,male,0,yes,no,46,yes,no,fiber-optic,no,yes,yes,no,no,yes,one-year,yes,electronic-check,84.36,3913.86,0
CUST-02325,male,0,no,no,68,yes,no,fiber-optic,yes,no,no,no,no,yes,month-to-month,no,mailed-check,90.55,6156.73,1
CUST-02326,male,0,no,no,65,yes,no,dsl,no,no,yes,no,yes,no,one-year,yes,credit-card-automatic,65.79,4361.08,0
CUST-02327,female,0,no,yes,17,yes,no,no,no-internet-service,no-internet-service,no-internet-service,no-internet-service,no-internet-service,no-internet-service,month-to-month,yes,bank-transfer-automatic,18.0,265.47,0
CUST-02328,female,0,yes,yes,19,yes,yes,dsl,yes,no,yes,no,no,yes,one-year,yes,electronic-check,69.98,1482.04,0
CUST-02329,female,0,yes,no,72,yes,no,fiber-optic,yes,no,yes,no,no,no,month-to-month,yes,electronic-check,71.77,5192.84,0
CUST-02330,female,0,no,yes,24,yes,no,fiber-optic,no,no,no,no,no,yes,month-to-month,yes,mailed-check,74.67,1782.69,1
CUST-02331,female,0,yes,no,34,yes,yes,fiber-optic,no,no,yes,no,yes,yes,month-to-month,no,electronic-check,80.99,2735.5,1
CUST-02332,male,0,yes,no,22,yes,no,fiber-optic,no,yes,yes,no,no,no,month-to-month,yes,credit-card-automatic,81.99,1803.27,1
CUST-02333,female,0,no,no,29,yes,no,fiber-optic,no,no,no,no,yes,no,month-to-month,yes,bank-transfer-automatic,82.88,2356.37,1
CUST-02334,male,0,yes,yes,41,yes,yes,no,no-internet-service,no-internet-service,no-internet-service,no-internet-service,no-internet-service,no-internet-service,month-to-month,yes,bank-transfer-automatic,24.45,1052.45,0
CUST-02335,male,1,yes,no,22,yes,no,fiber-optic,no,no,yes,no,no,no,two-year,yes,mailed-check,82.36,1811.03,0
CUST-02336,male,0,no,no,30,yes,yes,dsl,no,yes,no,yes,yes,no,month-to-month,yes,mailed-check,64.1,2068.77,1
CUST-02337,female,0,no,yes,26,yes,no,no,no-internet-service,no-internet-service,no-internet-service,no-internet-service,no-internet-service,no-internet-service,one-year,yes,electronic-check,18.73,454.48,0
CUST-02338,male,0,yes,no,8,yes,yes,dsl,no,yes,no,no,no,no,month-to-month,yes,electronic-check,62.61,491.83,1
CUST-02339,female,0,yes,no,57,yes,no,dsl,no,yes,no,no,no,no,month-to-month,yes,bank-transfer-automatic,40.63,2283.34,1
CUST-02340,female,0,no,no,65,yes,yes,fiber-optic,yes,yes,yes,yes,yes,yes,two-year,yes,electronic-check,96.67,6423.73,0
CUST-02341,female,0,yes,no,36,yes,yes,dsl,yes,yes,no,no,yes,no,month-to-month,yes,credit-card-automatic,66.29,2278.01,0
CUST-02342,female,0,yes,yes,15,no,no-phone-service,fiber-optic,no,no,yes,no,no,yes,two-year,no,credit-card-automatic,94.22,1420.32,0
CUST-02343,male,0,no,no,47,yes,yes,fiber-optic,no,yes,no,no,no,yes,one-year,no,mailed-check,79.23,3747.28,1
CUST-02344,male,0,no,no,39,yes,no,dsl,no,no,no,no,no,no,month-to-month,yes,mailed-check,45.91,1705.89,1
CUST-02345,male,0,no,yes,40,yes,yes,fiber-optic,no,yes,no,no,yes,yes,one-year,yes,electronic-check,76.68,3265.44,0
CUST-02346,female,1,yes,no,43,yes,yes,fiber-optic,yes,no,no,no,no,yes,one-year,no,electronic-check,79.67,3356.02,0
CUST-02347,female,1,yes,no,52,yes,yes,dsl,no,no,no,no,yes,yes,two-year,yes,mailed-check,65.67,3417.35,0
CUST-02348,male,1,no,no,3,yes,no,dsl,no,no,yes,no,yes,no,month-to-month,no,electronic-check,72.63,344.19,1
CUST-02349,female,1,no,no,8,no,no-phone-service,fiber-optic,no,no,no,no,yes,no,month-to-month,yes,electronic-check,76.65,585.07,1
CUST-02350,male,0,yes,no,7,yes,yes,fiber-optic,no,no,yes,no,yes,yes,one-year,yes,electronic-check,80.61,575.04,1
CUST-02351,male,0,no,no,12,yes,no,fiber-optic,no,yes,no,no,yes,no,month-to-month,yes,credit-card-automatic,82.56,964.86,0
CUST-02352,male,0,yes,yes,70,yes,no,dsl,no,no,no,yes,yes,yes,month-to-month,no,electronic-check,50.08,3501.6,0
CUST-02353,male,0,no,yes,53,yes,no,dsl,yes,yes,yes,yes,yes,no,one-year,yes,electronic-check,82.88,4473.75,0
CUST-02354,female,0,no,no,48,yes,yes,fiber-optic,no,no,yes,no,no,no,month-to-month,no,electronic-check,67.15,3191.58,1
CUST-02355,female,1,yes,no,51,yes,no,dsl,yes,no,no,no,yes,yes,two-year,no,bank-transfer-automatic,67.51,3243.93,0
CUST-02356,female,0,no,no,3,yes,no,no,no-internet-service,no-internet-service,no-internet-service,no-internet-service,no-internet-service,no-internet-service,two-year,yes,electronic-check,22.39,64.7,0
CUST-02357,female,0,no,yes,16,no,no-phone-service,dsl,no,no,no,no,no,yes,month-to-month,yes,bank-transfer-automatic,58.02,933.04,0
CUST-02358,female,0,yes,no,58,yes,yes,dsl,no,yes,yes,no,yes,no,month-to-month,yes,bank-transfer-automatic,65.04,3786.98,1
CUST-02359,male,0,yes,yes,34,no,no-phone-service,dsl,no,no,no,yes,no,yes,month-to-month,yes,credit-card-automatic,58.02,1958.93,0
CUST-02360,female,0,no,yes,37,no,no-phone-service,no,no-internet-service,no-internet-service,no-internet-service,no-internet-service,no-internet-service,no-internet-service,month-to-month,yes,mailed-check,23.43,802.22,0
CUST-02361,male,0,yes,yes,55,yes,yes,no,no-internet-service,no-internet-service,no-internet-service,no-internet-service,no-internet-service,no-internet-service,month-to-month,yes,credit-card-automatic,26.68,1449.01,0
CUST-02362,male,0,yes,no,6,yes,no,fiber-optic,no,no,yes,yes,no,no,two-year,no,electronic-check,96.37,710.61,0
CUST-02363,male,0,yes,no,58,yes,yes,fiber-optic,no,yes,no,no,no,no,month-to-month,no,credit-card-automatic,68.18,3951.29,0
CUST-02364,female,1,no,yes,50,yes,yes,fiber-optic,no,no,no,no,yes,no,month-to-month,yes,electronic-check,64.29,3263.47,1
CUST-02365,male,0,yes,yes,30,no,no-phone-service,dsl,no,no,yes,no,no,yes,month-to-month,no,electronic-check,45.62,1291.07,0
CUST-02366,female,0,no,no,36,yes,yes,fiber-optic,no,yes,no,no,no,yes,month-to-month,no,mailed-check,67.49,2407.78,1
CUST-02367,female,0,yes,no,6,no,no-phone-service,no,no-internet-service,no-internet-service,no-internet-service,no-internet-service,no-internet-service,no-internet-service,two-year,no,mailed-check,18.0,32.95,0
CUST-02368,female,0,yes,no,15,yes,yes,fiber-optic,yes,yes,yes,no,yes,yes,two-year,yes,credit-card-automatic,86.39,1392.88,0
CUST-02369,female,0,no,yes,18,yes,no,dsl,no,no,yes,no,no,no,month-to-month,yes,credit-card-automatic,49.67,777.38,1
CUST-02370,female,1,yes,no,64,yes,yes,fiber-optic,no,no,yes,no,no,yes,month-to-month,yes,credit-card-automatic,90.84,5841.69,1
CUST-02371,female,0,yes,no,9,yes,no,dsl,yes,yes,yes,no,no,yes,two-year,yes,electronic-check,73.01,682.65,0
CUST-02372,male,0,yes,no,21,yes,no,dsl,no,yes,no,yes,no,yes,one-year,yes,electronic-check,58.02,1239.12,1
CUST-02373,female,0,no,yes,10,yes,no,dsl,no,no,no,no,no,yes,month-to-month,yes,credit-card-automatic,48.71,311.23,0
CUST-02374,female,1,yes,no,21,yes,no,dsl,yes,yes,no,no,yes,yes,month-to-month,no,electronic-check,86.09,1656.17,0
CUST-02375,male,0,yes,no,1,yes,yes,fiber-optic,yes,yes,no,no,no,yes,month-to-month,no,electronic-check,91.76,100.54,1
CUST-02376,male,0,yes,yes,20,yes,no,dsl,no,no,no,yes,no,yes,month-to-month,yes,bank-transfer-automatic,59.38,1118.37,1
CUST-02377,male,1,yes,no,53,yes,no,no,no-internet-service,no-internet-service,no-internet-service,no-internet-service,no-internet-service,no-internet-service,month-to-month,yes,credit-card-automatic,22.97,1169.2,0
CUST-02378,female,0,yes,no,56,yes,no,dsl,no,no,no,no,no,yes,one-year,yes,electronic-check,50.69,2806.8,0
CUST-02379,male,0,no,no,28,yes,yes,dsl,yes,yes,no,no,no,yes,month-to-month,no,mailed-check,79.03,2133.87,1
CUST-02380,male,0,yes,no,51,yes,no,dsl,no,no,yes,no,yes,yes,one-year,yes,bank-transfer-automatic,61.48,3043.58,0
CUST-02381,female,0,yes,no,45,yes,yes,no,no-internet-service,no-internet-service,no-internet-service,no-internet-service,no-internet-service,no-internet-service,one-year,no,bank-transfer-automatic,21.19,953.55,0
CUST-02382,female,1,no,no,66,yes,no,dsl,yes,yes,no,no,yes,yes,one-year,no,electronic-check,56.81,3606.5,0
CUST-02383,male,0,no,yes,58,yes,yes,no,no-internet-service,no-internet-service,no-internet-service,no-internet-service,no-internet-service,no-internet-service,one-year,yes,bank-transfer-automatic,18.0,1006.06,0
CUST-02384,female,0,yes,no,17,yes,yes,dsl,no,no,no,no,yes,yes,month-to-month,no,bank-transfer-automatic,53.59,860.97,1
CUST-02385,female,0,yes,yes,43,yes,no,fiber-optic,yes,no,no,no,yes,no,one-year,yes,credit-card-automatic,85.89,3691.49,1
CUST-02386,male,0,yes,no,57,yes,no,fiber-optic,yes,yes,yes,yes,no,yes,two-year,yes,bank-transfer-automatic,90.8,5354.64,0
CUST-02387,male,0,no,yes,23,yes,no,dsl,yes,no,no,no,yes,yes,month-to-month,no,electronic-check,63.39,1384.32,1
CUST-02388,male,0,yes,no,42,yes,no,dsl,no,no,no,no,yes,no,two-year,yes,electronic-check,48.15,2052.78,0
CUST-02389,male,0,yes,no,29,yes,no,dsl,yes,yes,yes,no,no,yes,two-year,yes,mailed-check,59.19,1733.07,0
CUST-02390,male,0,yes,yes,23,yes,no,no,no-internet-service,no-internet-service,no-internet-service,no-internet-service,no-internet-service,no-internet-service,one-year,yes,electronic-check,18.0,455.99,0
CUST-02391,female,0,yes,yes,15,yes,no,dsl,no,yes,yes,no,no,yes,month-to-month,yes,credit-card-automatic,61.61,908.15,0
CUST-02392,female,0,yes,no,3,yes,yes,fiber-optic,no,no,no,yes,no,no,one-year,yes,mailed-check,77.82,341.57,0
CUST-02393,male,0,yes,yes,54,yes,yes,dsl,no,no,no,yes,no,no,month-to-month,yes,electronic-check,51.45,2829.7,0
CUST-02394,female,0,no,no,59,yes,no,fiber-optic,no,yes,no,no,no,yes,month-to-month,no,mailed-check,75.34,4497.65,1
CUST-02395,female,0,no,no,47,yes,yes,dsl,no,no,yes,yes,yes,no,month-to-month,yes,mailed-check,61.9,2803.23,0
CUST-02396,male,0,no,no,18,yes,no,no,no-internet-service,no-internet-service,no-internet-service,no-internet-service,no-internet-service,no-internet-service,one-year,yes,bank-transfer-automatic,18.0,331.23,0
CUST-02397,male,0,no,no,2,yes,yes,fiber-optic,no,no,yes,no,yes,no,one-year,yes,bank-transfer-automatic,73.67,109.1,1
CUST-02398,female,0,yes,yes,46,yes,yes,no,no-internet-service,no-internet-service,no-internet-service,no-internet-service,no-internet-service,no-internet-service,month-to-month,yes,mailed-check,20.66,885.74,0
CUST-02399,female,0,no,no,15,yes,yes,dsl,yes,no,no,no,no,no,month-to-month,no,electronic-check,67.48,965.22,1
CUST-02400,male,1,no,no,40,yes,no,fiber-optic,yes,yes,no,no,no,yes,month-to-month,yes,bank-transfer-automatic,87.8,3507.81,1
CUST-02401,female,0,no,no,70,yes,no,no,no-internet-service,no-internet-service,no-internet-service,no-internet-service,no-internet-service,no-internet-service,month-to-month,yes,credit-card-automatic,18.0,1294.26,0
CUST-02402,male,0,no,no,1,yes,yes,dsl,yes,no,yes,yes,no,no,month-to-month,no,mailed-check,74.75,148.37,1
CUST-02403,male,0,yes,no,42,yes,yes,dsl,no,no,yes,no,yes,no,month-to-month,yes,credit-card-automatic,68.06,2928.62,1
CUST-02404,male,0,yes,yes,72,yes,yes,fiber-optic,yes,no,no,no,yes,yes,month-to-month,yes,bank-transfer-automatic,98.46,7111.07,0
CUST-02405,female,0,yes,no,25,no,no-phone-service,fiber-optic,no,yes,yes,yes,no,yes,month-to-month,yes,electronic-check,91.66,2295.67,1
CUST-02406,male,0,yes,yes,59,yes,no,dsl,no,no,no,no,yes,no,one-year,yes,electronic-check,46.73,2732.73,0
CUST-02407,female,0,yes,yes,60,yes,no,fiber-optic,no,no,yes,yes,no,no,month-to-month,yes,mailed-check,74.86,4473.03,0
CUST-02408,male,0,yes,no,36,yes,yes,fiber-optic,yes,no,no,yes,yes,no,one-year,no,credit-card-automatic,96.13,3402.16,0
CUST-02409,female,1,yes,no,23,yes,yes,no,no-internet-service,no-internet-service,no-internet-service,no-internet-service,no-internet-service,no-internet-service,month-to-month,yes,credit-card-automatic,34.85,769.42,0
CUST-02410,female,0,no,no,49,yes,no,dsl,yes,no,yes,no,no,yes,month-to-month,no,bank-transfer-automatic,55.64,2752.9,1
CUST-02411,male,0,no,yes,45,yes,yes,dsl,yes,yes,no,yes,yes,no,month-to-month,no,electronic-check,47.84,2268.33,1
CUST-02412,female,1,no,yes,35,yes,yes,no,no-internet-service,no-internet-service,no-internet-service,no-internet-service,no-internet-service,no-internet-service,month-to-month,yes,electronic-check,21.86,753.87,0
CUST-02413,male,1,yes,no,14,no,no-phone-service,fiber-optic,yes,no,yes,no,yes,no,month-to-month,no,electronic-check,81.77,1084.2,1
CUST-02414,male,0,no,no,54,no,no-phone-service,fiber-optic,no,no,no,yes,yes,no,one-year,yes,mailed-check,76.34,4195.05,1
CUST-02415,female,0,no,yes,16,yes,yes,dsl,yes,yes,yes,no,no,no,month-to-month,no,electronic-check,61.09,827.26,0
CUST-02416,female,0,no,no,10,no,no-phone-service,fiber-optic,no,no,no,no,yes,no,month-to-month,no,credit-card-automatic,80.28,881.04,1
CUST-02417,male,0,no,no,5,no,no-phone-service,fiber-optic,yes,no,no,no,no,yes,month-to-month,yes,mailed-check,75.75,271.29,1
CUST-02418,female,0,yes,no,33,yes,yes,dsl,no,yes,yes,yes,yes,no,month-to-month,yes,mailed-check,69.09,2329.26,0
CUST-02419,female,0,yes,no,9,yes,no,fiber-optic,yes,yes,yes,yes,no,no,one-year,yes,bank-transfer-automatic,90.99,783.2,1
CUST-02420,female,0,no,no,25,yes,no,dsl,no,yes,yes,yes,yes,no,month-to-month,no,credit-card-automatic,49.56,1263.07,0
CUST-02421,female,0,no,yes,18,yes,no,dsl,yes,no,yes,yes,yes,yes,month-to-month,yes,mailed-check,77.36,1548.72,1
CUST-02422,male,0,yes,no,34,yes,no,dsl,no,yes,yes,no,no,yes,one-year,no,mailed-check,59.39,1956.43,1
CUST-02423,female,0,yes,no,56,yes,yes,fiber-optic,no,yes,no,yes,no,no,month-to-month,yes,mailed-check,71.89,3950.8,0
CUST-02424,male,0,yes,yes,33,yes,yes,fiber-optic,no,no,yes,no,no,no,month-to-month,no,bank-transfer-automatic,71.19,2355.14,1
CUST-02425,female,0,yes,yes,41,yes,yes,no,no-internet-service,no-internet-service,no-internet-service,no-internet-service,no-internet-service,no-internet-service,one-year,yes,bank-transfer-automatic,21.62,1000.82,0
CUST-02426,male,1,no,no,11,yes,no,no,no-internet-service,no-internet-service,no-internet-service,no-internet-service,no-internet-service,no-internet-service,month-to-month,yes,bank-transfer-automatic,22.37,259.51,0
CUST-02427,female,0,no,no,9,yes,no,dsl,no,no,yes,yes,yes,yes,two-year,yes,bank-transfer-automatic,73.16,661.79,0
CUST-02428,female,0,yes,no,71,yes,no,fiber-optic,no,no,no,yes,no,yes,one-year,no,bank-transfer-automatic,85.49,6082.47,0
CUST-02429,male,0,yes,no,45,no,no-phone-service,dsl,no,no,yes,no,no,yes,month-to-month,no,electronic-check,48.63,2113.0,1
CUST-02430,female,0,yes,no,2,yes,yes,fiber-optic,no,no,yes,no,no,no,month-to-month,yes,bank-transfer-automatic,53.37,120.18,1
CUST-02431,female,0,yes,yes,41,yes,yes,fiber-optic,no,yes,no,yes,no,no,month-to-month,no,credit-card-automatic,82.97,3372.31,0
CUST-02432,male,0,no,no,1,yes,yes,fiber-optic,no,no,no,no,yes,yes,one-year,yes,electronic-check,87.05,186.23,1
CUST-02433,female,0,no,no,6,yes,no,fiber-optic,yes,no,yes,no,no,no,month-to-month,yes,electronic-check,80.38,542.13,1
CUST-02434,female,0,no,no,27,no,no-phone-service,fiber-optic,yes,no,no,no,no,yes,one-year,yes,electronic-check,87.28,2257.28,1
CUST-02435,female,0,yes,yes,48,yes,no,fiber-optic,no,yes,no,yes,yes,no,month-to-month,yes,credit-card-automatic,78.99,3770.29,1
CUST-02436,male,0,no,yes,45,yes,yes,no,no-internet-service,no-internet-service,no-internet-service,no-internet-service,no-internet-service,no-internet-service,one-year,yes,electronic-check,18.0,849.6,0
CUST-02437,male,0,no,no,57,yes,no,dsl,no,yes,no,yes,no,yes,two-year,yes,bank-transfer-automatic,55.64,3097.87,0
CUST-02438,male,1,yes,yes,13,yes,yes,fiber-optic,yes,yes,no,no,no,no,month-to-month,yes,mailed-check,89.58,1083.59,1
CUST-02439,male,0,no,yes,14,yes,no,fiber-optic,yes,yes,no,no,no,yes,month-to-month,yes,electronic-check,79.72,1081.43,1
CUST-02440,female,0,no,no,39,yes,yes,no,no-internet-service,no-internet-service,no-internet-service,no-internet-service,no-internet-service,no-internet-service,month-to-month,yes,electronic-check,36.48,1448.55,0
CUST-02441,female,0,no,no,63,yes,no,fiber-optic,no,yes,no,no,yes,no,month-to-month,yes,electronic-check,77.98,4990.53,1
CUST-02442,female,0,yes,no,53,yes,no,fiber-optic,no,no,no,no,yes,no,month-to-month,yes,bank-transfer-automatic,83.39,4437.08,1
CUST-02443,female,0,yes,yes,49,yes,no,dsl,yes,no,yes,yes,no,yes,one-year,yes,electronic-check,64.09,3325.09,0
CUST-02444,female,0,no,yes,7,yes,yes,dsl,yes,no,yes,no,yes,yes,one-year,yes,electronic-check,78.7,500.14,1
CUST-02445,male,0,yes,no,64,yes,no,dsl,yes,yes,yes,yes,no,yes,two-year,yes,electronic-check,83.4,5393.13,0
CUST-02446,male,0,yes,no,71,yes,no,fiber-optic,no,yes,yes,no,no,yes,one-year,no,electronic-check,84.41,5909.93,0
CUST-02447,male,0,no,yes,42,yes,yes,fiber-optic,no,yes,yes,no,no,yes,one-year,yes,bank-transfer-automatic,89.2,3867.22,0
CUST-02448,male,0,yes,no,25,yes,no,fiber-optic,yes,no,no,yes,yes,yes,month-to-month,yes,bank-transfer-automatic,102.19,2656.71,1
CUST-02449,male,0,yes,yes,48,yes,no,dsl,yes,yes,no,yes,yes,no,month-to-month,no,electronic-check,70.43,3434.0,0
CUST-02450,female,0,no,yes,47,yes,yes,fiber-optic,no,no,yes,no,no,yes,one-year,no,credit-card-automatic,74.63,3377.38,0
CUST-02451,male,1,no,yes,67,yes,no,fiber-optic,no,yes,yes,no,no,yes,one-year,yes,bank-transfer-automatic,89.56,6053.19,1
CUST-02452,male,0,no,no,8,yes,no,fiber-optic,no,yes,no,no,yes,no,two-year,no,mailed-check,76.01,546.65,0
CUST-02453,female,0,no,yes,38,yes,no,no,no-internet-service,no-internet-service,no-internet-service,no-internet-service,no-internet-service,no-internet-service,month-to-month,yes,bank-transfer-automatic,21.21,840.0,1
CUST-02454,female,0,yes,no,52,yes,yes,fiber-optic,no,no,no,yes,no,no,month-to-month,yes,bank-transfer-automatic,70.7,3567.3,1
CUST-02455,male,0,yes,no,26,yes,no,fiber-optic,no,yes,no,no,no,no,month-to-month,no,mailed-check,79.98,2099.73,0
CUST-02456,female,0,no,no,61,yes,yes,no,no-internet-service,no-internet-service,no-internet-service,no-internet-service,no-internet-service,no-internet-service,month-to-month,yes,credit-card-automatic,18.0,1071.48,0
CUST-02457,male,0,yes,yes,5,yes,yes,dsl,yes,yes,yes,yes,yes,yes,month-to-month,no,electronic-check,69.02,286.73,1
CUST-02458,male,0,yes,yes,8,yes,yes,dsl,yes,yes,yes,no,no,no,month-to-month,yes,bank-transfer-automatic,56.65,497.65,1
CUST-02459,female,0,yes,yes,57,yes,no,dsl,yes,yes,no,no,yes,no,month-to-month,yes,electronic-check,61.72,3514.19,0
CUST-02460,female,0,no,no,10,yes,yes,fiber-optic,no,no,yes,no,no,no,month-to-month,yes,credit-card-automatic,64.9,633.63,1
CUST-02461,female,1,yes,no,31,yes,yes,dsl,no,no,yes,no,yes,no,month-to-month,no,bank-transfer-automatic,52.93,1696.12,1
CUST-02462,female,0,no,yes,21,yes,yes,fiber-optic,yes,no,yes,yes,yes,no,two-year,yes,credit-card-automatic,98.22,2205.42,0
CUST-02463,female,1,yes,no,50,yes,yes,no,no-internet-service,no-internet-service,no-internet-service,no-internet-service,no-internet-service,no-internet-service,two-year,yes,credit-card-automatic,29.18,1479.68,0
CUST-02464,male,0,no,no,1,yes,no,fiber-optic,no,no,no,no,yes,yes,month-to-month,no,credit-card-automatic,61.73,0.0,1
CUST-02465,female,1,yes,yes,26,yes,no,dsl,yes,yes,no,no,yes,no,one-year,yes,electronic-check,60.31,1451.19,0
CUST-02466,female,1,yes,yes,71,yes,no,dsl,no,no,no,no,no,no,month-to-month,yes,electronic-check,60.2,4279.37,1
CUST-02467,female,0,no,yes,27,yes,no,fiber-optic,no,no,yes,yes,no,no,two-year,yes,credit-card-automatic,85.09,2374.42,0
CUST-02468,male,0,no,yes,44,yes,yes,fiber-optic,yes,yes,no,yes,no,yes,one-year,yes,electronic-check,95.26,4201.54,0
CUST-02469,female,1,yes,no,72,yes,no,dsl,no,yes,no,no,yes,yes,month-to-month,yes,mailed-check,69.51,5043.09,0
CUST-02470,female,0,yes,yes,44,yes,no,fiber-optic,yes,no,yes,no,yes,no,month-to-month,yes,credit-card-automatic,79.33,3486.11,0
CUST-02471,male,0,yes,no,55,yes,no,no,no-internet-service,no-internet-service,no-internet-service,no-internet-service,no-internet-service,no-internet-service,two-year,yes,mailed-check,21.71,1266.21,0
CUST-02472,female,0,yes,no,70,yes,no,fiber-optic,no,yes,yes,yes,no,yes,two-year,yes,mailed-check,95.77,6750.15,0
CUST-02473,female,1,no,no,45,yes,no,dsl,no,yes,no,no,yes,no,month-to-month,no,credit-card-automatic,60.86,2662.23,0
CUST-02474,female,0,yes,no,60,yes,no,dsl,no,yes,yes,yes,no,no,one-year,yes,credit-card-automatic,59.85,3624.59,0
CUST-02475,female,0,no,no,37,yes,yes,dsl,yes,no,yes,no,yes,no,month-to-month,yes,mailed-check,62.62,2201.24,1
CUST-02476,female,0,yes,no,59,yes,no,dsl,yes,no,no,no,yes,no,one-year,yes,electronic-check,48.88,2917.52,0
CUST-02477,male,1,no,no,47,yes,yes,dsl,no,no,no,yes,yes,yes,month-to-month,no,credit-card-automatic,69.91,3264.58,1
CUST-02478,female,0,yes,no,25,yes,no,dsl,yes,no,yes,no,no,yes,month-to-month,no,electronic-check,51.52,1300.05,0
CUST-02479,female,0,yes,yes,41,no,no-phone-service,dsl,no,yes,no,yes,yes,yes,month-to-month,yes,bank-transfer-automatic,61.47,2544.57,0
CUST-02480,female,0,yes,no,25,yes,no,dsl,yes,no,no,yes,yes,yes,one-year,no,mailed-check,73.45,1857.37,0
CUST-02481,male,1,no,yes,29,yes,yes,fiber-optic,yes,no,yes,no,yes,yes,month-to-month,yes,bank-transfer-automatic,96.32,2899.59,1
CUST-02482,male,1,no,no,22,yes,no,fiber-optic,no,yes,no,no,yes,no,two-year,yes,credit-card-automatic,80.13,1765.42,1
CUST-02483,female,0,no,no,36,yes,no,fiber-optic,no,no,no,yes,yes,no,two-year,yes,credit-card-automatic,68.3,2472.97,0
CUST-02484,female,0,yes,no,25,yes,no,dsl,no,no,no,yes,no,yes,month-to-month,yes,credit-card-automatic,57.63,1540.49,1
CUST-02485,female,0,yes,no,46,yes,no,no,no-internet-service,no-internet-service,no-internet-service,no-internet-service,no-internet-service,no-internet-service,two-year,yes,bank-transfer-automatic,18.0,970.26,0
CUST-02486,female,1,yes,yes,27,yes,no,fiber-optic,no,yes,no,no,yes,no,one-year,yes,mailed-check,87.84,2370.35,1
CUST-02487,female,0,yes,no,36,yes,no,dsl,no,yes,no,no,yes,no,one-year,no,electronic-check,53.87,1900.91,0
CUST-02488,female,0,no,no,11,yes,yes,fiber-optic,no,no,no,no,yes,no,month-to-month,no,electronic-check,62.99,658.2,1
CUST-02489,male,0,no,no,28,yes,no,dsl,no,no,yes,yes,no,yes,month-to-month,no,electronic-check,51.93,1487.84,0
CUST-02490,female,0,no,no,26,yes,no,dsl,no,no,yes,no,no,yes,two-year,yes,bank-transfer-automatic,54.58,1403.83,1
CUST-02491,female,0,no,yes,70,yes,no,dsl,no,no,no,no,yes,no,one-year,yes,mailed-check,53.87,3639.71,0
CUST-02492,female,0,yes,no,33,yes,yes,dsl,yes,yes,no,yes,no,yes,one-year,yes,electronic-check,58.69,2021.0,0
CUST-02493,male,1,yes,yes,2,yes,yes,dsl,no,no,yes,yes,yes,no,month-to-month,yes,credit-card-automatic,58.93,179.01,1
CUST-02494,male,0,no,no,23,yes,yes,fiber-optic,yes,no,yes,no,yes,yes,month-to-month,no,mailed-check,98.34,2347.82,1
CUST-02495,female,0,yes,no,53,yes,no,dsl,no,no,yes,no,no,yes,month-to-month,yes,electronic-check,66.88,3645.45,1
CUST-02496,female,0,yes,no,12,no,no-phone-service,fiber-optic,no,no,yes,yes,no,no,one-year,no,mailed-check,84.22,1024.94,0
CUST-02497,male,0,no,no,12,yes,no,no,no-internet-service,no-internet-service,no-internet-service,no-internet-service,no-internet-service,no-internet-service,two-year,yes,mailed-check,18.0,235.54,0
CUST-02498,male,1,no,no,27,yes,yes,dsl,no,no,no,no,no,yes,month-to-month,yes,bank-transfer-automatic,50.03,1426.31,1
CUST-02499,female,0,no,no,26,yes,yes,fiber-optic,no,no,yes,no,no,no,month-to-month,yes,electronic-check,81.31,2022.93,1
CUST-02500,male,0,yes,no,35,yes,no,fiber-optic,yes,yes,no,no,yes,no,month-to-month,no,bank-transfer-automatic,84.47,2930.01,0
